customer_id,join_date,region,preferred_store_id,acquisition_channel
C00001,09/01/2025,Chattogram,ST08,Walk-in
C00002,14/05/2018,Dhaka,ST07,Referral
C00003,2023-11-21,Rajshahi,ST12,Walk-in
C00004,2021-12-01,Dhaka,ST19,Referral
C00005,2021-09-04,Sylhet,ST02,Walk-in
C00006,04/04/2022, Chattogram ,ST08,Walk-in
C00007,"September 22, 2019",Khulna,ST01,Referral
C00008,2022-10-13,Dhaka,ST11,Online
C00009,"December 16, 2023",Dhaka,ST16,Walk-in
C00010,2020-10-18,Dhaka,ST01,Referral
C00011,2019-01-18,Chattogram,ST11,Walk-in
C00012,"February 3, 2021",Dhaka,ST09,Walk-in
C00013,03/08/2019,Rajshahi,ST16,Walk-in
C00014,2020-12-27,Dhaka,ST05,Online
C00015,2023-01-05,DHAKA,ST04,Online
C00016,2018-11-28,Chattogram,ST02,Referral
C00017,23/12/2023,,ST09,Online
C00018,"October 18, 2019",Khulna,ST10,Walk-in
C00019,"February 25, 2025",Rajshahi,ST19,Walk-in
C00020,2023-11-09,Sylhet,ST10,Walk-in
C00021,06/03/2020,Rajshahi,ST04,Online
C00022,"July 3, 2022",Rajshahi,ST14,Walk-in
C00023,20/11/2018,Dhaka,ST02,Online
C00024,"October 19, 2018",Sylhet,ST07,Online
C00025,2025-08-23,RAJSHAHI,ST14,Referral
C00026,"June 1, 2024", Dhaka ,ST06,Walk-in
C00027,"March 27, 2019",Sylhet,ST12,Walk-in
C00028,"April 5, 2020",Chattogram,ST10,Social Media
C00029,01/08/2019,Chattogram,ST20,Online
C00030,2021-02-27,Dhaka,ST06,Walk-in
C00031,30/04/2020,Sylhet,ST19,Online
C00032,2020-08-15,Khulna,ST13,Social Media
C00033,2022-03-26,Dhaka,ST15,Walk-in
C00034,2019-07-07,CHATTOGRAM,ST04,Social Media
C00035,2025-01-21,dhaka,ST01,Walk-in
C00036,26/10/2023,Dhaka,ST15,Social Media
C00037,30/01/2024,Barishal,ST10,Walk-in
C00038,"May 10, 2019",Chattogram,ST07,Walk-in
C00039,"August 30, 2023",,ST18,Walk-in
C00040,2024-09-07,Dhaka,ST07,Referral
C00041,"May 27, 2019",Barishal,ST09,Social Media
C00042,"January 3, 2024",Dhaka,ST15,Walk-in
C00043,2020-11-10,,ST20,Walk-in
C00044,2024-04-18,Dhaka,ST18,Walk-in
C00045,28/10/2021,Dhaka,ST14,Walk-in
C00046,2024-05-31,Rajshahi,ST03,Referral
C00047,2019-03-07,Dhaka,ST03,Walk-in
C00048,2021-02-10,Rajshahi,ST14,Social Media
C00049,09/03/2020,Dhaka,ST11,Social Media
C00050,2019-12-27,Rajshahi,ST03,Walk-in
C00051,"June 19, 2020",Rajshahi,ST14,Online
C00052,2021-01-21,Rajshahi,ST19,Social Media
C00053,2019-01-07,Dhaka,ST02,Referral
C00054,"August 27, 2023",Rajshahi,ST17,Online
C00055,26/05/2022,Barishal,ST07,Walk-in
C00056,2024-08-18,Dhaka,ST08,Walk-in
C00057,"August 21, 2023",Dhaka,ST15,Referral
C00058,12/03/2019,Khulna,ST05,Walk-in
C00059,2018-07-24,,ST04,Online
C00060,2021-05-19,Sylhet,ST20,Online
C00061,05/11/2021,Rajshahi,ST07,Walk-in
C00062,03/12/2019,Dhaka,ST04,Walk-in
C00063,03/04/2024,Sylhet,ST14,Walk-in
C00064,2022-08-26,Sylhet,ST05,Referral
C00065,25/12/2023,Dhaka,ST16,Walk-in
C00066,15/11/2018, Khulna ,ST02,Walk-in
C00067,"July 8, 2024",Dhaka,ST11,Social Media
C00068,25/08/2019, Chattogram ,ST09,Online
C00069,2021-08-01,Khulna,ST20,Online
C00070,"July 6, 2021",Dhaka,ST11,Referral
C00071,24/07/2024,Khulna,ST19,Walk-in
C00072,"March 19, 2020",DHAKA,ST05,Social Media
C00073,04/12/2019,Chattogram,ST10,Referral
C00074,2020-09-18,Dhaka,ST17,Walk-in
C00075,19/11/2020,Rajshahi,ST04,Walk-in
C00076,15/06/2019,Rajshahi,ST19,Walk-in
C00077,30/05/2019,,ST16,Online
C00078,"November 7, 2019",Barishal,ST14,Online
C00079,2021-09-27,Rajshahi,ST05,Online
C00080,"September 29, 2020",Rajshahi,ST17,Social Media
C00081,"February 18, 2021",Chattogram,ST17,Walk-in
C00082,01/10/2023,KHULNA,ST06,Referral
C00083,05/12/2019,Sylhet,ST12,Online
C00084,10/04/2025,Khulna,ST02,Online
C00085,2024-01-05,Dhaka,ST08,Walk-in
C00086,2019-05-26,Chattogram,ST04,Online
C00087,"July 5, 2020",Rajshahi,ST12,Online
C00088,2019-06-20,,ST11,Walk-in
C00089,"March 7, 2020",Dhaka,ST11,Referral
C00090,"December 3, 2020",Barishal,ST14,Walk-in
C00091,18/01/2019,CHATTOGRAM,ST19,Walk-in
C00092,"February 12, 2018",Dhaka,ST04,Referral
C00093,2021-07-05,Dhaka,ST05,Walk-in
C00094,2023-08-09,Chattogram,ST05,Online
C00095,03/06/2020,Sylhet,ST19,Online
C00096,17/11/2024,Barishal,ST02,Walk-in
C00097,"December 14, 2020",Barishal,ST01,Walk-in
C00098,"March 15, 2025",SYLHET,ST04,Walk-in
C00099,"November 21, 2019",Rajshahi,ST16,Walk-in
C00100,"April 24, 2022",Dhaka,ST12,Online
C00101,2024-02-07,Khulna,ST19,Walk-in
C00102,"June 22, 2018",Dhaka,ST05,Social Media
C00103,08/06/2025,Dhaka,ST08,Walk-in
C00104,01/12/2020,Barishal,ST12,Walk-in
C00105,24/12/2021,Khulna,ST02,Social Media
C00106,"January 10, 2023",Dhaka,ST19,Walk-in
C00107,"February 21, 2023",Rajshahi,ST17,Online
C00108,2018-03-11,Chattogram,ST03,Online
C00109,2024-12-07,dhaka,ST17,Referral
C00110,2022-12-26,Dhaka,ST09,Walk-in
C00111,"December 26, 2025",Dhaka,ST07,Walk-in
C00112,2021-10-08,,ST19,Social Media
C00113,27/11/2022,Chattogram,ST11,Walk-in
C00114,2021-07-11,Chattogram,ST05,Online
C00115,2025-02-11, Dhaka ,ST17,Online
C00116,2024-08-27,Barishal,ST15,Online
C00117,"April 7, 2025", Sylhet ,ST04,Referral
C00118,12/01/2022,Khulna,ST14,Social Media
C00119,2024-04-30,,ST13,Walk-in
C00120,"November 13, 2020",Sylhet,ST06,Online
C00121,07/09/2021,Khulna,ST09,Online
C00122,2024-01-29,Dhaka,ST17,Walk-in
C00123,2018-08-25,dhaka,ST04,Referral
C00124,"September 6, 2023",Dhaka,ST15,Walk-in
C00125,2018-02-16,Dhaka,ST17,Walk-in
C00126,2022-08-23,,ST19,Referral
C00127,25/10/2021,,ST07,Social Media
C00128,30/09/2021,Dhaka,ST06,Walk-in
C00129,"December 14, 2021",Sylhet,ST19,Referral
C00130,07/12/2021,dhaka,ST10,Walk-in
C00131,"April 4, 2021",dhaka,ST12,Walk-in
C00132,"August 10, 2021",Rajshahi,ST11,Walk-in
C00133,18/07/2022,Dhaka,ST11,Referral
C00134,2024-02-08,Dhaka,ST13,Walk-in
C00135,"June 1, 2022",Dhaka,ST09,Walk-in
C00136,20/02/2023,Dhaka,ST08,Online
C00137,2024-09-08,Chattogram,ST09,Walk-in
C00138,29/11/2025,Dhaka,ST14,Walk-in
C00139,"November 14, 2018",Dhaka,ST17,Walk-in
C00140,"September 13, 2023",Barishal,ST12,Referral
C00141,"October 20, 2019", Khulna ,ST14,Online
C00142,2019-07-29,Dhaka,ST09,Referral
C00143,04/05/2024,Dhaka,ST16,Walk-in
C00144,"July 20, 2018",Chattogram,ST08,Walk-in
C00145,11/10/2024,Khulna,ST09,Referral
C00146,28/02/2024,Khulna,ST02,Walk-in
C00147,2025-12-14,Dhaka,ST06,Walk-in
C00148,2023-05-05,Dhaka,ST15,Walk-in
C00149,"December 23, 2024",Chattogram,ST02,Walk-in
C00150,13/12/2018,khulna,ST05,Walk-in
C00151,2025-02-11,Khulna,ST16,Social Media
C00152,"April 14, 2019",Dhaka,ST18,Walk-in
C00153,"July 6, 2020",Sylhet,ST09,Online
C00154,2019-01-10,Dhaka,ST09,Walk-in
C00155,2021-03-18, Rajshahi ,ST11,Online
C00156,2023-12-28,Khulna,ST16,Online
C00157,22/02/2020,Chattogram,ST10,Social Media
C00158,"July 28, 2024",Dhaka,ST04,Walk-in
C00159,2022-11-06,Sylhet,ST09,Referral
C00160,2023-01-11,Chattogram,ST06,Walk-in
C00161,2025-07-04,Khulna,ST14,Online
C00162,14/06/2021, Dhaka ,ST03,Social Media
C00163,03/10/2020,Khulna,ST13,Online
C00164,2025-12-14,Dhaka,ST03,Online
C00165,15/06/2022, Dhaka ,ST20,Referral
C00166,"November 30, 2022",Dhaka,ST13,Social Media
C00167,"May 15, 2020",Dhaka,ST03,Walk-in
C00168,22/09/2019,,ST20,Walk-in
C00169,"May 11, 2019",Sylhet,ST12,Online
C00170,15/10/2019, Dhaka ,ST13,Social Media
C00171,2019-07-24,Dhaka,ST02,Walk-in
C00172,2023-12-21,Dhaka,ST04,Walk-in
C00173,19/06/2018,Dhaka,ST17,Online
C00174,12/01/2023,Khulna,ST10,Walk-in
C00175,"August 3, 2025",Barishal,ST13,Walk-in
C00176,2024-02-14,Dhaka,ST20,Walk-in
C00177,22/03/2021,,ST09,Walk-in
C00178,23/06/2018,Rajshahi,ST08,Online
C00179,"September 1, 2024",Barishal,ST17,Walk-in
C00180,"January 10, 2018",Dhaka,ST02,Walk-in
C00181,2023-06-13,,ST10,Online
C00182,2023-05-14,Chattogram,ST18,Walk-in
C00183,15/07/2019,khulna,ST05,Walk-in
C00184,2023-12-01,Rajshahi,ST07,Walk-in
C00185,2019-05-28,Chattogram,ST10,Walk-in
C00186,21/10/2019,Dhaka,ST02,Online
C00187,"June 29, 2024",RAJSHAHI,ST02,Walk-in
C00188,2025-10-30,Khulna,ST06,Walk-in
C00189,12/02/2020,Chattogram,ST18,Walk-in
C00190,"May 14, 2025",Sylhet,ST05,Walk-in
C00191,2025-04-20,Chattogram,ST15,Walk-in
C00192,2024-02-25,chattogram,ST09,Walk-in
C00193,2019-02-13,Chattogram,ST16,Walk-in
C00194,24/05/2020,rajshahi,ST07,Walk-in
C00195,"June 2, 2023",Barishal,ST18,Referral
C00196,27/12/2025, Chattogram ,ST08,Walk-in
C00197,06/07/2024,Dhaka,ST16,Walk-in
C00198,"May 12, 2021",CHATTOGRAM,ST17,Online
C00199,2019-11-18, Dhaka ,ST09,Walk-in
C00200,"September 5, 2025",Dhaka,ST14,Referral
C00201,"March 17, 2020",Dhaka,ST03,Walk-in
C00202,"September 26, 2020", Chattogram ,ST10,Walk-in
C00203,"September 17, 2025",Dhaka,ST08,Social Media
C00204,2022-06-29,Dhaka,ST20,Walk-in
C00205,12/02/2020,Rajshahi,ST19,Walk-in
C00206,16/01/2018,,ST16,Online
C00207,09/06/2021,Sylhet,ST19,Social Media
C00208,"November 19, 2025",Khulna,ST20,Walk-in
C00209,16/06/2021,Sylhet,ST16,Online
C00210,05/08/2023,Dhaka,ST12,Walk-in
C00211,"January 9, 2020",Dhaka,ST05,Online
C00212,14/03/2024,Sylhet,ST17,Walk-in
C00213,15/03/2024,Chattogram,ST04,Online
C00214,"November 12, 2022",Dhaka,ST04,Walk-in
C00215,2024-03-03,Chattogram,ST18,Online
C00216,2022-08-18,Chattogram,ST03,Walk-in
C00217,"January 9, 2021",Dhaka,ST03,Online
C00218,2023-11-25,sylhet,ST11,Online
C00219,04/09/2024,Dhaka,ST12,Referral
C00220,21/09/2024,Dhaka,ST01,Social Media
C00221,"September 15, 2019",Khulna,ST08,Walk-in
C00222,"May 30, 2023",Dhaka,ST05,Online
C00223,13/01/2018,Sylhet,ST07,Walk-in
C00224,2022-07-29,Chattogram,ST04,Social Media
C00225,2022-07-26, Dhaka ,ST14,Online
C00226,2020-11-27,Khulna,ST10,Walk-in
C00227,2025-12-12,Dhaka,ST20,Walk-in
C00228,"January 22, 2025",Dhaka,ST01,Referral
C00229,23/04/2018, Khulna ,ST16,Referral
C00230,"September 2, 2019",Rajshahi,ST19,Referral
C00231,"August 31, 2019",Rajshahi,ST10,Online
C00232,05/03/2025,,ST14,Walk-in
C00233,24/02/2022,Dhaka,ST09,Social Media
C00234,2023-10-30,,ST12,Online
C00235,2024-06-23,Dhaka,ST19,Online
C00236,2024-02-20,Dhaka,ST11,Online
C00237,2018-09-18,Rajshahi,ST12,Online
C00238,"February 14, 2019",Dhaka,ST20,Online
C00239,"February 28, 2021",,ST10,Online
C00240,2020-09-15,Dhaka,ST04,Referral
C00241,"December 22, 2023",Chattogram,ST14,Referral
C00242,02/04/2019, Sylhet ,ST14,Walk-in
C00243,20/12/2020,Khulna,ST05,Walk-in
C00244,"November 22, 2019",Dhaka,ST15,Online
C00245,"July 6, 2019",Dhaka,ST02,Online
C00246,"May 20, 2019",Chattogram,ST07,Online
C00247,25/07/2019,Chattogram,ST18,Referral
C00248,"July 6, 2022",Chattogram,ST13,Walk-in
C00249,"April 12, 2021",Barishal,ST13,Walk-in
C00250,"June 25, 2021",Chattogram,ST13,Referral
C00251,"October 31, 2021",Chattogram,ST04,Social Media
C00252,04/12/2023,Barishal,ST20,Walk-in
C00253,2024-11-21,Dhaka,ST06,Walk-in
C00254,2022-03-18,Barishal,ST16,Walk-in
C00255,"February 19, 2023",Chattogram,ST20,Walk-in
C00256,"November 27, 2023",Chattogram,ST05,Online
C00257,2023-07-09,Barishal,ST13,Walk-in
C00258,28/01/2019,Chattogram,ST01,Walk-in
C00259,10/11/2025,Chattogram,ST13,Online
C00260,"April 27, 2019",Dhaka,ST09,Online
C00261,17/04/2021,,ST02,Online
C00262,21/03/2023,,ST14,Walk-in
C00263,"March 23, 2021",dhaka,ST20,Walk-in
C00264,"December 11, 2019",RAJSHAHI,ST02,Walk-in
C00265,20/05/2025,Sylhet,ST18,Social Media
C00266,2018-07-28,Chattogram,ST17,Walk-in
C00267,"December 19, 2019",dhaka,ST11,Online
C00268,2025-12-09,Chattogram,ST19,Online
C00269,02/11/2023,Dhaka,ST07,Referral
C00270,11/09/2018,,ST15,Walk-in
C00271,2024-01-13,Chattogram,ST14,Walk-in
C00272,"October 1, 2025",Dhaka,ST12,Referral
C00273,"October 13, 2018",DHAKA,ST17,Walk-in
C00274,"April 24, 2021",Sylhet,ST18,Online
C00275,"September 29, 2021",dhaka,ST16,Walk-in
C00276,"January 18, 2019",,ST12,Social Media
C00277,09/08/2019,,ST20,Online
C00278,23/05/2019,SYLHET,ST12,Walk-in
C00279,2019-06-26,Barishal,ST13,Referral
C00280,2021-03-24,Khulna,ST04,Online
C00281,"September 16, 2021",Dhaka,ST07,Online
C00282,"November 26, 2019",Rajshahi,ST19,Walk-in
C00283,25/04/2020,Dhaka,ST10,Walk-in
C00284,2019-07-16,RAJSHAHI,ST11,Online
C00285,13/05/2024,Chattogram,ST17,Walk-in
C00286,2019-09-11,Dhaka,ST07,Referral
C00287,"April 4, 2025",Dhaka,ST06,Walk-in
C00288,2022-04-23,Barishal,ST01,Online
C00289,2024-06-01,Dhaka,ST05,Walk-in
C00290,2023-02-02,Dhaka,ST11,Online
C00291,16/02/2020,Dhaka,ST15,Walk-in
C00292,22/10/2022,Chattogram,ST07,Walk-in
C00293,"March 11, 2020",,ST09,Walk-in
C00294,2018-12-13,Rajshahi,ST05,Online
C00295,14/01/2020,Chattogram,ST17,Walk-in
C00296,15/03/2020,,ST11,Referral
C00297,30/01/2019,Dhaka,ST03,Walk-in
C00298,10/03/2018,Chattogram,ST13,Online
C00299,18/07/2025,Khulna,ST07,Online
C00300,"February 8, 2022",Rajshahi,ST18,Walk-in
C00301,19/03/2021,Chattogram,ST06,Walk-in
C00302,2025-06-08,Sylhet,ST18,Walk-in
C00303,2019-10-19,Chattogram,ST14,Online
C00304,"March 22, 2021",,ST03,Social Media
C00305,2024-10-08,CHATTOGRAM,ST16,Walk-in
C00306,"January 20, 2023",Rajshahi,ST15,Online
C00307,11/03/2021,CHATTOGRAM,ST10,Online
C00308,"January 18, 2020",Barishal,ST04,Online
C00309,"April 13, 2018",Chattogram,ST10,Online
C00310,"September 6, 2018",Dhaka,ST13,Social Media
C00311,"April 18, 2019",Dhaka,ST03,Online
C00312,2024-04-15,Chattogram,ST07,Referral
C00313,2023-02-10,Chattogram,ST15,Walk-in
C00314,"June 19, 2021",Sylhet,ST12,Referral
C00315,05/04/2024,Rajshahi,ST20,Social Media
C00316,2019-04-15,Dhaka,ST05,Social Media
C00317,"September 8, 2019",Sylhet,ST16,Walk-in
C00318,2021-02-20,RAJSHAHI,ST09,Referral
C00319,2025-05-02,Chattogram,ST05,Walk-in
C00320,29/11/2022,Chattogram,ST20,Online
C00321,2024-10-20,Dhaka,ST13,Walk-in
C00322,26/12/2019,Chattogram,ST11,Online
C00323,"October 13, 2024",Rajshahi,ST06,Walk-in
C00324,"July 31, 2018",Khulna,ST18,Walk-in
C00325,"October 27, 2019",Sylhet,ST01,Walk-in
C00326,2022-03-08,Dhaka,ST03,Walk-in
C00327,"May 28, 2018",Rajshahi,ST04,Walk-in
C00328,"November 11, 2024",RAJSHAHI,ST14,Referral
C00329,"December 7, 2024",Dhaka,ST03,Online
C00330,01/05/2022,Khulna,ST16,Referral
C00331,"June 11, 2020",Dhaka,ST04,Referral
C00332,"October 16, 2018",Dhaka,ST14,Walk-in
C00333,"December 13, 2022",Dhaka,ST16,Online
C00334,"April 20, 2022",Dhaka,ST18,Online
C00335,2024-01-29, Khulna ,ST06,Walk-in
C00336,2022-10-26,Chattogram,ST02,Online
C00337,"January 10, 2019", Dhaka ,ST16,Online
C00338,22/12/2018,Chattogram,ST09,Online
C00339,2024-03-30,chattogram,ST19,Online
C00340,"April 10, 2019",Dhaka,ST04,Walk-in
C00341,03/07/2025,Dhaka,ST12,Referral
C00342,06/11/2018,Sylhet,ST03,Walk-in
C00343,2023-10-28,Dhaka,ST10,Referral
C00344,18/10/2025,Rajshahi,ST01,Walk-in
C00345,2021-07-12,Dhaka,ST16,Walk-in
C00346,15/06/2018,Rajshahi,ST13,Walk-in
C00347,"January 3, 2025",Khulna,ST02,Walk-in
C00348,"July 1, 2019",Dhaka,ST10,Walk-in
C00349,21/03/2022,Dhaka,ST09,Walk-in
C00350,"November 14, 2025",Barishal,ST14,Online
C00351,15/12/2023,Chattogram,ST10,Social Media
C00352,"May 16, 2018",Sylhet,ST10,Walk-in
C00353,2024-07-23,,ST17,Online
C00354,2019-04-16,Dhaka,ST11,Referral
C00355,2023-12-29,Chattogram,ST17,Walk-in
C00356,19/12/2022,Khulna,ST18,Referral
C00357,"April 20, 2020",Dhaka,ST17,Walk-in
C00358,2021-05-21,RAJSHAHI,ST20,Walk-in
C00359,11/12/2018,Sylhet,ST14,Walk-in
C00360,2025-11-21,Dhaka,ST12,Walk-in
C00361,27/11/2019,Dhaka,ST11,Online
C00362,20/06/2020,Dhaka,ST05,Referral
C00363,2022-01-08,Chattogram,ST17,Walk-in
C00364,18/05/2023,SYLHET,ST14,Social Media
C00365,2022-01-15,Chattogram,ST18,Walk-in
C00366,"January 15, 2022",Dhaka,ST15,Walk-in
C00367,29/08/2022,Rajshahi,ST10,Referral
C00368,2024-11-09, Sylhet ,ST06,Referral
C00369,"February 27, 2021",Chattogram,ST20,Online
C00370,26/08/2024,Sylhet,ST15,Walk-in
C00371,16/04/2024,Dhaka,ST18,Walk-in
C00372,2025-09-07,Rajshahi,ST12,Walk-in
C00373,2025-04-20,Chattogram,ST11,Referral
C00374,2024-05-19,Chattogram,ST01,Walk-in
C00375,2019-12-22,Dhaka,ST02,Online
C00376,"March 10, 2024",Sylhet,ST15,Walk-in
C00377,21/11/2023,Sylhet,ST05,Walk-in
C00378,25/04/2020,Dhaka,ST02,Walk-in
C00379,2023-06-03,Khulna,ST16,Online
C00380,2020-01-09,Khulna,ST13,Online
C00381,"March 8, 2022",Dhaka,ST03,Social Media
C00382,15/05/2024,,ST10,Referral
C00383,05/07/2019,Chattogram,ST10,Online
C00384,2020-09-10,Barishal,ST01,Walk-in
C00385,11/05/2024,Dhaka,ST13,Social Media
C00386,18/08/2021,Dhaka,ST08,Referral
C00387,06/09/2025,Chattogram,ST18,Referral
C00388,2018-01-24,Dhaka,ST03,Walk-in
C00389,09/10/2023,rajshahi,ST17,Walk-in
C00390,05/07/2024,CHATTOGRAM,ST01,Referral
C00391,2025-05-04,DHAKA,ST16,Walk-in
C00392,"April 3, 2019",Chattogram,ST16,Walk-in
C00393,13/11/2025,Khulna,ST09,Walk-in
C00394,2021-02-19,Rajshahi,ST06,Online
C00395,24/10/2020,,ST03,Walk-in
C00396,04/11/2020,Dhaka,ST07,Online
C00397,"February 7, 2023",Dhaka,ST14,Online
C00398,"April 10, 2023",Khulna,ST15,Online
C00399,15/10/2021,Rajshahi,ST04,Walk-in
C00400,27/07/2018,Sylhet,ST01,Social Media
C00401,"November 20, 2025",Khulna,ST12,Walk-in
C00402,11/10/2019,Dhaka,ST12,Walk-in
C00403,"October 1, 2018",Rajshahi,ST20,Walk-in
C00404,2022-10-11,Dhaka,ST16,Walk-in
C00405,"April 19, 2021",Dhaka,ST12,Online
C00406,"December 3, 2022",Chattogram,ST12,Walk-in
C00407,31/12/2024,Chattogram,ST13,Referral
C00408,"October 12, 2018", Barishal ,ST10,Walk-in
C00409,09/04/2020,Dhaka,ST14,Social Media
C00410,17/02/2022,Khulna,ST04,Online
C00411,2024-04-19,Rajshahi,ST17,Walk-in
C00412,"October 20, 2022",Sylhet,ST18,Online
C00413,22/01/2021,Barishal,ST09,Walk-in
C00414,17/11/2022,Chattogram,ST10,Social Media
C00415,"November 1, 2025",Chattogram,ST10,Referral
C00416,2021-11-02,Dhaka,ST17,Online
C00417,2025-01-23, Dhaka ,ST04,Walk-in
C00418,27/03/2024,Khulna,ST07,Social Media
C00419,29/05/2020,Chattogram,ST13,Online
C00420,2019-12-30,Dhaka,ST14,Online
C00421,2024-02-27,Dhaka,ST06,Walk-in
C00422,2019-08-29,Chattogram,ST03,Walk-in
C00423,10/09/2020,Rajshahi,ST11,Online
C00424,"November 19, 2019",,ST13,Online
C00425,06/11/2022, Rajshahi ,ST16,Referral
C00426,08/05/2020,Sylhet,ST01,Online
C00427,07/04/2023,Rajshahi,ST01,Online
C00428,22/06/2025,Dhaka,ST08,Walk-in
C00429,2024-08-19,Sylhet,ST12,Referral
C00430,"July 31, 2025",Dhaka,ST01,Walk-in
C00431,"March 13, 2018",,ST04,Referral
C00432,2021-08-22,Rajshahi,ST09,Walk-in
C00433,05/10/2019,sylhet,ST06,Online
C00434,04/05/2025,Dhaka,ST15,Referral
C00435,2023-09-10,KHULNA,ST01,Referral
C00436,"July 24, 2020",Dhaka,ST18,Walk-in
C00437,"July 4, 2022",Sylhet,ST04,Online
C00438,2022-11-03,Barishal,ST09,Walk-in
C00439,18/12/2021,,ST20,Walk-in
C00440,2021-10-17,Khulna,ST14,Referral
C00441,11/06/2018,Sylhet,ST20,Referral
C00442,14/08/2021,Rajshahi,ST01,Walk-in
C00443,2020-10-13,Sylhet,ST15,Social Media
C00444,17/07/2024,Rajshahi,ST02,Walk-in
C00445,"December 1, 2024",Dhaka,ST13,Social Media
C00446,01/01/2024,Rajshahi,ST07,Referral
C00447,2018-04-01,Dhaka,ST16,Social Media
C00448,"September 22, 2024",barishal,ST03,Referral
C00449,"March 3, 2021",Dhaka,ST18,Social Media
C00450,30/04/2021,Dhaka,ST10,Online
C00451,2025-07-22,Khulna,ST11,Walk-in
C00452,"December 7, 2024",Dhaka,ST12,Walk-in
C00453,29/05/2018,Chattogram,ST01,Referral
C00454,16/11/2020,Rajshahi,ST07,Walk-in
C00455,"December 30, 2023",Dhaka,ST15,Social Media
C00456,2022-04-23,Dhaka,ST20,Walk-in
C00457,2020-01-23,Chattogram,ST20,Referral
C00458,"March 13, 2022",DHAKA,ST11,Walk-in
C00459,05/12/2024,Dhaka,ST06,Referral
C00460,2019-10-15,Dhaka,ST10,Social Media
C00461,19/12/2023, Chattogram ,ST10,Walk-in
C00462,16/11/2023, Dhaka ,ST08,Online
C00463,"January 30, 2025",Dhaka,ST08,Walk-in
C00464,"May 19, 2020",Sylhet,ST18,Referral
C00465,23/09/2019,,ST08,Referral
C00466,2022-05-19,dhaka,ST01,Walk-in
C00467,01/04/2022,Dhaka,ST15,Walk-in
C00468,"April 10, 2021",Khulna,ST14,Walk-in
C00469,25/03/2024,Sylhet,ST08,Walk-in
C00470,2024-05-22,Chattogram,ST13,Referral
C00471,19/12/2019,Chattogram,ST19,Walk-in
C00472,2024-05-11,Dhaka,ST19,Social Media
C00473,05/11/2019,Khulna,ST16,Social Media
C00474,05/04/2021,Khulna,ST12,Social Media
C00475,21/03/2018,Khulna,ST01,Online
C00476,2020-09-20,Dhaka,ST11,Walk-in
C00477,2025-08-30,Dhaka,ST17,Referral
C00478,"July 16, 2021",Dhaka,ST17,Online
C00479,2023-09-05,Dhaka,ST16,Social Media
C00480,"November 12, 2018",Dhaka,ST20,Walk-in
C00481,"January 30, 2023",Sylhet,ST11,Walk-in
C00482,2020-12-20,Dhaka,ST03,Social Media
C00483,2023-12-13,Khulna,ST10,Referral
C00484,2025-06-02,Dhaka,ST07,Walk-in
C00485,"April 2, 2022", Dhaka ,ST17,Online
C00486,28/10/2018,Khulna,ST16,Walk-in
C00487,2021-10-22,Rajshahi,ST09,Online
C00488,26/12/2018,Chattogram,ST08,Walk-in
C00489,"August 5, 2021", Sylhet ,ST04,Walk-in
C00490,2018-06-28,Dhaka,ST01,Walk-in
C00491,2023-02-14,Dhaka,ST07,Walk-in
C00492,25/06/2020,Chattogram,ST05,Walk-in
C00493,"August 12, 2019", Chattogram ,ST06,Walk-in
C00494,20/02/2018,sylhet,ST20,Walk-in
C00495,06/02/2025,Dhaka,ST14,Online
C00496,2024-09-10,Sylhet,ST12,Online
C00497,2024-06-28,,ST04,Online
C00498,"June 19, 2018",DHAKA,ST17,Walk-in
C00499,"October 17, 2020",Dhaka,ST13,Walk-in
C00500,2025-10-07, Chattogram ,ST11,Referral
C00501,2022-08-17,Rajshahi,ST10,Referral
C00502,"January 11, 2019",Sylhet,ST12,Social Media
C00503,16/02/2019,Rajshahi,ST17,Social Media
C00504,08/02/2020,Chattogram,ST15,Online
C00505,2025-10-10,Dhaka,ST10,Referral
C00506,11/05/2019,chattogram,ST14,Walk-in
C00507,21/03/2025,Dhaka,ST19,Referral
C00508,03/06/2023,Rajshahi,ST07,Social Media
C00509,2025-05-15,Dhaka,ST19,Referral
C00510,2024-08-08,Dhaka,ST13,Walk-in
C00511,27/08/2020,,ST04,Walk-in
C00512,"August 14, 2024",Chattogram,ST20,Walk-in
C00513,2019-05-09,Sylhet,ST14,Walk-in
C00514,"April 29, 2020",Chattogram,ST08,Referral
C00515,11/09/2019,Khulna,ST05,Online
C00516,"January 24, 2019",Khulna,ST19,Walk-in
C00517,20/09/2018, Khulna ,ST17,Online
C00518,2019-07-02,Sylhet,ST01,Walk-in
C00519,2018-12-17,Sylhet,ST13,Online
C00520,15/01/2021,Sylhet,ST03,Walk-in
C00521,28/07/2018,Chattogram,ST06,Online
C00522,2018-06-28,Dhaka,ST12,Online
C00523,30/11/2025,Sylhet,ST05,Online
C00524,14/09/2018,Dhaka,ST11,Referral
C00525,05/08/2018,Dhaka,ST09,Walk-in
C00526,"March 29, 2018",Khulna,ST12,Online
C00527,23/01/2019,Dhaka,ST17,Walk-in
C00528,"March 22, 2022",Chattogram,ST04,Walk-in
C00529,"August 12, 2024",Sylhet,ST16,Online
C00530,"November 16, 2023",Dhaka,ST05,Online
C00531,2022-08-22,Khulna,ST01,Social Media
C00532,06/09/2018,Dhaka,ST09,Walk-in
C00533,2024-03-11,Khulna,ST07,Referral
C00534,19/04/2018,Rajshahi,ST04,Walk-in
C00535,"January 17, 2023",Dhaka,ST09,Online
C00536,"April 10, 2021",Dhaka,ST18,Referral
C00537,19/01/2025,Dhaka,ST12,Online
C00538,2020-06-16,,ST15,Referral
C00539,"February 8, 2023",,ST03,Referral
C00540,08/07/2021,,ST02,Walk-in
C00541,05/03/2022,Dhaka,ST07,Social Media
C00542,"July 4, 2025",Khulna,ST16,Social Media
C00543,13/09/2023,Dhaka,ST18,Walk-in
C00544,2021-04-25,Barishal,ST03,Walk-in
C00545,30/07/2021,Dhaka,ST10,Walk-in
C00546,2023-08-20,Chattogram,ST08,Referral
C00547,2020-10-07,SYLHET,ST15,Social Media
C00548,2019-05-06,Dhaka,ST05,Referral
C00549,27/09/2021,Khulna,ST10,Walk-in
C00550,2018-07-19,,ST17,Walk-in
C00551,2019-05-11,Chattogram,ST10,Online
C00552,2021-05-13,Chattogram,ST16,Walk-in
C00553,14/05/2024,Sylhet,ST13,Walk-in
C00554,2024-03-31,Dhaka,ST12,Walk-in
C00555,2020-02-01,Dhaka,ST06,Walk-in
C00556,17/05/2021,Dhaka,ST20,Walk-in
C00557,"March 25, 2019",Dhaka,ST05,Referral
C00558,15/01/2024,Dhaka,ST19,Walk-in
C00559,21/12/2019,BARISHAL,ST20,Walk-in
C00560,2024-05-23,Chattogram,ST11,Online
C00561,24/09/2024,Sylhet,ST18,Social Media
C00562,2023-07-06, Chattogram ,ST15,Referral
C00563,22/08/2020,Dhaka,ST15,Online
C00564,"August 14, 2025",chattogram,ST02,Online
C00565,"June 27, 2023",Dhaka,ST03,Online
C00566,2023-03-01,Dhaka,ST02,Online
C00567,"November 5, 2024",Chattogram,ST01,Walk-in
C00568,2025-01-17,Chattogram,ST17,Online
C00569,"August 16, 2018",Barishal,ST04,Walk-in
C00570,18/01/2025,Dhaka,ST01,Walk-in
C00571,2024-02-12,Chattogram,ST19,Walk-in
C00572,2019-08-27,Dhaka,ST06,Walk-in
C00573,2020-06-17,Dhaka,ST17,Walk-in
C00574,07/01/2024,Rajshahi,ST20,Online
C00575,25/09/2019,Dhaka,ST11,Walk-in
C00576,2021-08-14,sylhet,ST19,Walk-in
C00577,05/07/2023,chattogram,ST20,Walk-in
C00578,2023-03-15,Dhaka,ST03,Walk-in
C00579,2025-04-10,Barishal,ST03,Online
C00580,"November 22, 2018",Chattogram,ST08,Walk-in
C00581,11/05/2020,,ST12,Walk-in
C00582,15/11/2025,Chattogram,ST16,Walk-in
C00583,"July 19, 2022",Barishal,ST04,Walk-in
C00584,2019-12-28,Dhaka,ST04,Walk-in
C00585,"April 26, 2020",Chattogram,ST07,Walk-in
C00586,17/09/2020,Rajshahi,ST06,Online
C00587,2022-06-07,Dhaka,ST19,Social Media
C00588,10/04/2020,Chattogram,ST08,Online
C00589,"December 21, 2022",Barishal,ST18,Walk-in
C00590,2021-07-24,Sylhet,ST02,Walk-in
C00591,"November 18, 2022",Rajshahi,ST03,Referral
C00592,2019-03-29,Sylhet,ST17,Walk-in
C00593,26/12/2022,Khulna,ST05,Social Media
C00594,"May 24, 2025",,ST02,Online
C00595,"January 30, 2019",Sylhet,ST12,Walk-in
C00596,"August 14, 2020",Dhaka,ST03,Walk-in
C00597,19/07/2023,Dhaka,ST02,Social Media
C00598,2022-12-08,Sylhet,ST09,Social Media
C00599,2023-05-25,Khulna,ST12,Referral
C00600,2022-06-22,Chattogram,ST11,Walk-in
C00601,17/06/2023,Dhaka,ST12,Referral
C00602,2022-11-15,Dhaka,ST01,Walk-in
C00603,2018-08-05,Chattogram,ST06,Walk-in
C00604,"January 3, 2024",,ST07,Online
C00605,28/07/2021,Dhaka,ST06,Social Media
C00606,31/05/2018, Sylhet ,ST12,Walk-in
C00607,09/04/2021,,ST05,Walk-in
C00608,2021-06-24,Barishal,ST13,Walk-in
C00609,"September 11, 2018",Dhaka,ST19,Walk-in
C00610,"December 18, 2025",Barishal,ST14,Walk-in
C00611,2019-10-12,Sylhet,ST08,Referral
C00612,23/08/2020,Rajshahi,ST09,Walk-in
C00613,11/07/2021,Dhaka,ST12,Online
C00614,2024-08-27,Chattogram,ST15,Walk-in
C00615,10/12/2023,SYLHET,ST07,Walk-in
C00616,"March 1, 2024",Dhaka,ST01,Walk-in
C00617,"November 24, 2019",Chattogram,ST15,Walk-in
C00618,2024-10-04,Sylhet,ST14,Online
C00619,19/08/2024,Sylhet,ST03,Online
C00620,16/09/2021,Dhaka,ST13,Social Media
C00621,2022-05-13,Chattogram,ST02,Walk-in
C00622,"April 19, 2018",Dhaka,ST13,Online
C00623,"January 30, 2024",Khulna,ST15,Social Media
C00624,06/09/2025,Barishal,ST01,Walk-in
C00625,11/10/2021,Dhaka,ST15,Referral
C00626,2022-04-28,Dhaka,ST03,Social Media
C00627,2021-12-28,Dhaka,ST06,Referral
C00628,30/08/2018,,ST15,Online
C00629,"December 15, 2022",khulna,ST08,Online
C00630,2023-10-08,Chattogram,ST20,Walk-in
C00631,02/06/2025,Dhaka,ST20,Online
C00632,07/06/2025,Dhaka,ST20,Social Media
C00633,2021-12-07,,ST03,Walk-in
C00634,2025-09-01,KHULNA,ST04,Referral
C00635,2022-03-24,Sylhet,ST04,Online
C00636,18/02/2023,Sylhet,ST12,Walk-in
C00637,2022-10-24,Dhaka,ST09,Online
C00638,"December 26, 2025",Barishal,ST15,Referral
C00639,24/11/2023,Dhaka,ST06,Online
C00640,2018-12-17,khulna,ST04,Referral
C00641,29/07/2018,Khulna,ST13,Walk-in
C00642,2021-04-11,Chattogram,ST13,Social Media
C00643,2022-02-14,Khulna,ST14,Online
C00644,"May 7, 2023",Dhaka,ST07,Referral
C00645,07/11/2021,SYLHET,ST11,Walk-in
C00646,2022-02-11,Dhaka,ST19,Walk-in
C00647,"May 15, 2025",chattogram,ST13,Social Media
C00648,04/09/2020,Dhaka,ST19,Walk-in
C00649,12/12/2021,Dhaka,ST09,Walk-in
C00650,2022-06-16,Dhaka,ST01,Referral
C00651,2021-09-29,Dhaka,ST16,Online
C00652,2025-09-27,Sylhet,ST10,Referral
C00653,10/09/2025,Chattogram,ST01,Online
C00654,07/02/2022,Dhaka,ST03,Social Media
C00655,2021-08-08,Barishal,ST07,Walk-in
C00656,16/09/2022,Barishal,ST04,Online
C00657,13/06/2019,Dhaka,ST14,Referral
C00658,2021-05-28,Chattogram,ST13,Online
C00659,"September 26, 2019",Sylhet,ST07,Walk-in
C00660,2019-02-25,Rajshahi,ST02,Walk-in
C00661,05/10/2018,Chattogram,ST02,Online
C00662,11/09/2022,Rajshahi,ST19,Referral
C00663,"January 2, 2018",Dhaka,ST07,Online
C00664,2023-03-02,Dhaka,ST03,Referral
C00665,2021-06-15,Rajshahi,ST15,Referral
C00666,06/12/2020,Sylhet,ST18,Walk-in
C00667,"February 25, 2024",Khulna,ST03,Online
C00668,2022-04-23,dhaka,ST19,Online
C00669,12/11/2023,,ST15,Walk-in
C00670,03/09/2023,,ST06,Walk-in
C00671,2018-04-04,Dhaka,ST16,Online
C00672,"September 22, 2019",Dhaka,ST09,Referral
C00673,2022-07-23,CHATTOGRAM,ST13,Walk-in
C00674,19/10/2025,,ST03,Walk-in
C00675,"March 27, 2019",Sylhet,ST05,Walk-in
C00676,"November 5, 2018",Chattogram,ST16,Referral
C00677,10/07/2025,Dhaka,ST17,Online
C00678,24/09/2025,Rajshahi,ST01,Walk-in
C00679,04/05/2019,Dhaka,ST05,Social Media
C00680,2021-03-18,Khulna,ST13,Walk-in
C00681,04/01/2023,Dhaka,ST19,Walk-in
C00682,25/07/2019,Chattogram,ST14,Walk-in
C00683,10/08/2020,khulna,ST15,Online
C00684,2021-02-28,Sylhet,ST08,Referral
C00685,2023-02-17,Sylhet,ST02,Walk-in
C00686,18/06/2020,Rajshahi,ST16,Referral
C00687,2021-04-18,Dhaka,ST16,Online
C00688,2020-04-25,Rajshahi,ST09,Referral
C00689,28/01/2024,KHULNA,ST11,Social Media
C00690,"March 23, 2019",Barishal,ST05,Referral
C00691,2019-11-05,Chattogram,ST10,Walk-in
C00692,"December 31, 2019",Dhaka,ST05,Walk-in
C00693,"March 29, 2025", Rajshahi ,ST09,Social Media
C00694,"July 20, 2025",Chattogram,ST03,Online
C00695,31/12/2021,Dhaka,ST13,Online
C00696,2019-04-02,Dhaka,ST05,Social Media
C00697,17/01/2024,Dhaka,ST15,Referral
C00698,07/12/2021,Chattogram,ST11,Online
C00699,2024-10-17,DHAKA,ST18,Referral
C00700,2020-11-17,DHAKA,ST05,Walk-in
C00701,26/12/2025,,ST06,Referral
C00702,"June 14, 2024",Barishal,ST05,Social Media
C00703,2019-10-16,Dhaka,ST13,Walk-in
C00704,"October 20, 2023",Dhaka,ST03,Walk-in
C00705,"April 17, 2020",Chattogram,ST14,Referral
C00706,18/10/2020,dhaka,ST17,Online
C00707,02/01/2020,Barishal,ST14,Walk-in
C00708,"June 16, 2023",Khulna,ST03,Walk-in
C00709,"February 7, 2020",Chattogram,ST10,Walk-in
C00710,09/02/2023,Chattogram,ST11,Walk-in
C00711,2022-08-28,chattogram,ST08,Referral
C00712,02/01/2024,Dhaka,ST10,Online
C00713,11/12/2025,Dhaka,ST16,Online
C00714,"January 26, 2018",Dhaka,ST17,Walk-in
C00715,2025-12-01,Dhaka,ST07,Walk-in
C00716,"November 16, 2018", Sylhet ,ST07,Walk-in
C00717,19/03/2022,Dhaka,ST05,Referral
C00718,22/09/2020,Dhaka,ST09,Social Media
C00719,"February 9, 2023",CHATTOGRAM,ST11,Walk-in
C00720,2023-10-09,,ST15,Social Media
C00721,"November 16, 2024",Dhaka,ST06,Walk-in
C00722,2021-03-19,Dhaka,ST05,Walk-in
C00723,"June 17, 2025",Dhaka,ST01,Referral
C00724,30/07/2020,Dhaka,ST02,Walk-in
C00725,19/08/2019,Khulna,ST02,Social Media
C00726,"January 12, 2021",Khulna,ST05,Walk-in
C00727,2022-03-24,Chattogram,ST14,Referral
C00728,2023-05-06,CHATTOGRAM,ST16,Walk-in
C00729,2024-08-28,Rajshahi,ST20,Walk-in
C00730,19/10/2019,Sylhet,ST11,Walk-in
C00731,"June 4, 2020",Dhaka,ST10,Social Media
C00732,"July 3, 2025", Dhaka ,ST18,Online
C00733,08/07/2021,Chattogram,ST03,Online
C00734,2019-12-07,Sylhet,ST13,Walk-in
C00735,2025-11-18, Dhaka ,ST17,Walk-in
C00736,2021-08-03,Dhaka,ST11,Walk-in
C00737,"November 16, 2025",,ST06,Referral
C00738,"May 8, 2025",Dhaka,ST13,Walk-in
C00739,30/03/2025,chattogram,ST20,Walk-in
C00740,2022-08-26,sylhet,ST05,Online
C00741,"May 20, 2024",Chattogram,ST12,Online
C00742,"September 5, 2025",DHAKA,ST02,Walk-in
C00743,2020-02-25,,ST05,Walk-in
C00744,2018-04-21,Khulna,ST16,Walk-in
C00745,2020-07-25,Chattogram,ST10,Online
C00746,2023-02-03,Dhaka,ST04,Walk-in
C00747,"May 18, 2022",Dhaka,ST07,Online
C00748,"August 24, 2018",Khulna,ST03,Walk-in
C00749,"June 26, 2022",Rajshahi,ST16,Social Media
C00750,2019-05-25,Khulna,ST19,Social Media
C00751,"January 16, 2022",Sylhet,ST03,Walk-in
C00752,09/08/2022,CHATTOGRAM,ST05,Walk-in
C00753,"February 3, 2023",Chattogram,ST18,Walk-in
C00754,2021-04-19,Dhaka,ST18,Referral
C00755,2021-04-07,Sylhet,ST16,Online
C00756,"June 5, 2023",Sylhet,ST15,Online
C00757,"December 28, 2023",,ST18,Walk-in
C00758,"June 16, 2024", Khulna ,ST08,Walk-in
C00759,2020-08-31,Chattogram,ST18,Online
C00760,23/05/2021,Dhaka,ST18,Online
C00761,"August 23, 2020",Dhaka,ST05,Referral
C00762,21/03/2022,Khulna,ST02,Referral
C00763,"January 7, 2019",,ST11,Online
C00764,"June 9, 2021",Chattogram,ST16,Online
C00765,06/07/2019, Barishal ,ST17,Social Media
C00766,2022-04-04,Khulna,ST03,Referral
C00767,"October 19, 2024",Khulna,ST08,Referral
C00768,17/11/2025, Khulna ,ST16,Social Media
C00769,"July 27, 2021",,ST02,Walk-in
C00770,2018-06-14,Rajshahi,ST15,Online
C00771,28/10/2019,Sylhet,ST06,Online
C00772,2018-11-03,Rajshahi,ST01,Walk-in
C00773,"January 27, 2024",Dhaka,ST05,Online
C00774,2025-11-15,RAJSHAHI,ST15,Walk-in
C00775,2022-06-06,BARISHAL,ST18,Walk-in
C00776,"June 1, 2019",Dhaka,ST02,Walk-in
C00777,03/03/2018,Barishal,ST10,Online
C00778,"October 21, 2025",Chattogram,ST05,Online
C00779,12/07/2020,Dhaka,ST14,Online
C00780,"November 24, 2018",DHAKA,ST16,Walk-in
C00781,2019-06-01,RAJSHAHI,ST20,Online
C00782,2020-01-16,Sylhet,ST08,Walk-in
C00783,"March 31, 2023",Dhaka,ST06,Walk-in
C00784,2025-02-17, Sylhet ,ST07,Walk-in
C00785,2020-03-14, Dhaka ,ST16,Referral
C00786,30/06/2023,chattogram,ST09,Walk-in
C00787,09/07/2018,Khulna,ST01,Online
C00788,"January 30, 2018",Sylhet,ST19,Referral
C00789,2018-06-10,Rajshahi,ST03,Walk-in
C00790,2025-05-19,Sylhet,ST19,Referral
C00791,26/08/2022,Barishal,ST04,Walk-in
C00792,2024-06-09,dhaka,ST11,Walk-in
C00793,2018-03-05,DHAKA,ST07,Walk-in
C00794,06/03/2018, Dhaka ,ST14,Online
C00795,"October 14, 2024",Sylhet,ST09,Social Media
C00796,2018-10-27, Sylhet ,ST08,Online
C00797,"March 30, 2019",Rajshahi,ST10,Online
C00798,2022-02-24,Dhaka,ST20,Walk-in
C00799,07/11/2022,dhaka,ST05,Social Media
C00800,"October 31, 2019",Sylhet,ST05,Walk-in
C00801,2021-07-22,,ST02,Walk-in
C00802,"May 25, 2023",Dhaka,ST15,Social Media
C00803,2021-07-17,Dhaka,ST14,Walk-in
C00804,"January 22, 2021",Dhaka,ST13,Walk-in
C00805,29/07/2018,,ST01,Walk-in
C00806,2021-08-12,Dhaka,ST16,Walk-in
C00807,2024-06-02,Dhaka,ST17,Referral
C00808,2023-01-05,Sylhet,ST19,Walk-in
C00809,"February 20, 2025", Dhaka ,ST19,Social Media
C00810,"January 4, 2019",Chattogram,ST06,Walk-in
C00811,2018-02-02,Dhaka,ST15,Online
C00812,20/05/2022,Khulna,ST09,Online
C00813,"June 6, 2019",Chattogram,ST12,Online
C00814,01/10/2022,DHAKA,ST07,Online
C00815,24/03/2025,Dhaka,ST14,Online
C00816,"September 11, 2020",,ST20,Online
C00817,"May 24, 2022",Khulna,ST14,Referral
C00818,"June 14, 2023",Dhaka,ST19,Walk-in
C00819,"March 15, 2019",Dhaka,ST19,Walk-in
C00820,05/03/2025,Dhaka,ST03,Online
C00821,2019-08-16,sylhet,ST20,Walk-in
C00822,18/06/2024,Barishal,ST17,Walk-in
C00823,2023-04-12,Chattogram,ST09,Social Media
C00824,16/02/2019,Dhaka,ST13,Walk-in
C00825,2023-10-18,Rajshahi,ST13,Walk-in
C00826,"July 28, 2019",,ST16,Online
C00827,2022-10-17,Dhaka,ST17,Walk-in
C00828,03/09/2025,Dhaka,ST03,Walk-in
C00829,2025-08-15,CHATTOGRAM,ST01,Walk-in
C00830,"December 19, 2024",Rajshahi,ST05,Walk-in
C00831,"December 13, 2021",Rajshahi,ST11,Walk-in
C00832,"June 22, 2022",,ST17,Referral
C00833,2020-05-26, Khulna ,ST14,Walk-in
C00834,13/05/2025,Dhaka,ST03,Walk-in
C00835,"October 25, 2021",Dhaka,ST15,Online
C00836,"March 3, 2024",Dhaka,ST10,Walk-in
C00837,"November 16, 2020",Khulna,ST08,Walk-in
C00838,03/12/2023,sylhet,ST16,Walk-in
C00839,"October 18, 2019",Dhaka,ST06,Walk-in
C00840,2023-11-13,Dhaka,ST13,Walk-in
C00841,"May 15, 2018",Rajshahi,ST04,Walk-in
C00842,2018-11-03,Rajshahi,ST08,Referral
C00843,2020-10-25,Sylhet,ST12,Social Media
C00844,08/11/2021,Dhaka,ST13,Referral
C00845,09/09/2023,Khulna,ST19,Walk-in
C00846,"November 14, 2020",Rajshahi,ST06,Referral
C00847,2018-02-23,sylhet,ST18,Online
C00848,08/08/2020,Sylhet,ST17,Walk-in
C00849,06/07/2021,Khulna,ST08,Social Media
C00850,2022-05-07,Barishal,ST03,Referral
C00851,2023-02-24,Sylhet,ST06,Walk-in
C00852,"December 25, 2019",Chattogram,ST14,Social Media
C00853,2022-11-18,Chattogram,ST16,Walk-in
C00854,"January 19, 2023",Khulna,ST13,Walk-in
C00855,"March 17, 2024",Sylhet,ST15,Walk-in
C00856,"March 5, 2022",Dhaka,ST03,Walk-in
C00857,24/06/2024,Dhaka,ST11,Social Media
C00858,2019-10-10,,ST18,Online
C00859,"September 10, 2023",Khulna,ST08,Walk-in
C00860,14/05/2018,Barishal,ST18,Referral
C00861,28/10/2018,Chattogram,ST03,Referral
C00862,29/11/2024,Rajshahi,ST20,Social Media
C00863,"October 19, 2021",khulna,ST16,Social Media
C00864,2022-12-18,Dhaka,ST13,Social Media
C00865,2022-10-28,Dhaka,ST13,Online
C00866,22/07/2023, Barishal ,ST19,Walk-in
C00867,2019-12-19,Dhaka,ST08,Social Media
C00868,05/06/2019,Sylhet,ST04,Walk-in
C00869,2018-05-05,Sylhet,ST19,Walk-in
C00870,"November 30, 2024",,ST03,Walk-in
C00871,"October 15, 2019",,ST14,Walk-in
C00872,"August 7, 2022",,ST06,Online
C00873,2021-08-21,Dhaka,ST19,Social Media
C00874,"April 20, 2019",Khulna,ST20,Walk-in
C00875,"April 23, 2021",DHAKA,ST10,Online
C00876,2018-08-31,Rajshahi,ST11,Walk-in
C00877,"May 31, 2019",Rajshahi,ST10,Online
C00878,"February 12, 2019",Dhaka,ST09,Walk-in
C00879,2024-08-04,Dhaka,ST19,Walk-in
C00880,2022-07-15,,ST06,Online
C00881,"May 27, 2025",,ST20,Online
C00882,27/06/2021,Dhaka,ST14,Walk-in
C00883,11/08/2019,Chattogram,ST20,Walk-in
C00884,"November 13, 2022",Barishal,ST13,Walk-in
C00885,"June 7, 2025",Sylhet,ST17,Online
C00886,"April 5, 2022",Chattogram,ST10,Walk-in
C00887,22/02/2018,Barishal,ST10,Walk-in
C00888,05/06/2020,Chattogram,ST06,Referral
C00889,"May 24, 2025",Chattogram,ST05,Online
C00890,22/02/2022,chattogram,ST01,Walk-in
C00891,2025-08-11,Dhaka,ST08,Online
C00892,"January 27, 2022",Dhaka,ST20,Walk-in
C00893,05/02/2018,,ST19,Walk-in
C00894,2024-12-24,Dhaka,ST14,Online
C00895,"February 7, 2024",Rajshahi,ST08,Walk-in
C00896,"September 20, 2023",Dhaka,ST11,Walk-in
C00897,2025-10-03,Chattogram,ST16,Referral
C00898,"July 27, 2019",Dhaka,ST01,Online
C00899,"March 30, 2025",Sylhet,ST19,Social Media
C00900,"November 11, 2019",Rajshahi,ST18,Referral
C00901,"October 5, 2025",Chattogram,ST20,Walk-in
C00902,"July 13, 2019",,ST02,Online
C00903,"May 26, 2022",Dhaka,ST19,Walk-in
C00904,2024-04-23,Khulna,ST13,Online
C00905,17/08/2018,,ST12,Walk-in
C00906,2018-07-14,Rajshahi,ST04,Walk-in
C00907,2024-10-17,Dhaka,ST10,Walk-in
C00908,"June 26, 2018",Dhaka,ST08,Referral
C00909,28/11/2022,Rajshahi,ST20,Walk-in
C00910,"July 2, 2025", Chattogram ,ST07,Online
C00911,2022-12-01,Dhaka,ST05,Referral
C00912,"November 5, 2021",Barishal,ST19,Online
C00913,2021-05-03,Dhaka,ST04,Walk-in
C00914,07/02/2023,Chattogram,ST19,Walk-in
C00915,28/07/2022,Chattogram,ST20,Social Media
C00916,"January 5, 2022",Chattogram,ST07,Online
C00917,25/03/2019,Rajshahi,ST14,Walk-in
C00918,19/04/2023,dhaka,ST16,Social Media
C00919,2023-12-01,Barishal,ST11,Walk-in
C00920,01/09/2023,Sylhet,ST14,Walk-in
C00921,08/08/2018,Barishal,ST03,Walk-in
C00922,"August 15, 2023",Khulna,ST11,Walk-in
C00923,2023-11-01,Barishal,ST11,Walk-in
C00924,"June 20, 2019",Sylhet,ST12,Online
C00925,15/10/2024,Chattogram,ST19,Walk-in
C00926,10/03/2022,Chattogram,ST17,Online
C00927,11/10/2021,SYLHET,ST13,Referral
C00928,2023-10-12,Chattogram,ST09,Referral
C00929,"January 28, 2022",Rajshahi,ST09,Walk-in
C00930,"May 10, 2022",Dhaka,ST01,Referral
C00931,"June 30, 2020",Khulna,ST12,Walk-in
C00932,"June 2, 2025",Dhaka,ST06,Online
C00933,"October 1, 2025",,ST18,Walk-in
C00934,"January 16, 2019",Dhaka,ST16,Online
C00935,"November 11, 2023",DHAKA,ST19,Walk-in
C00936,2018-03-10,Khulna,ST20,Online
C00937,2020-12-13,Khulna,ST09,Walk-in
C00938,2025-10-03,Rajshahi,ST09,Walk-in
C00939,2019-05-26,Barishal,ST13,Online
C00940,"January 5, 2021",Dhaka,ST09,Walk-in
C00941,"October 4, 2019",Khulna,ST06,Online
C00942,"October 28, 2023",Chattogram,ST15,Online
C00943,2021-09-16,Chattogram,ST10,Online
C00944,28/09/2022,Chattogram,ST19,Online
C00945,2025-07-15,Dhaka,ST05,Referral
C00946,02/03/2022,Sylhet,ST09,Social Media
C00947,"November 14, 2023", Rajshahi ,ST11,Walk-in
C00948,"October 13, 2018",Dhaka,ST19,Online
C00949,21/09/2019,Barishal,ST12,Online
C00950,"July 27, 2025",Chattogram,ST02,Walk-in
C00951,"November 14, 2024",Dhaka,ST07,Walk-in
C00952,02/04/2023,SYLHET,ST18,Walk-in
C00953,"January 9, 2021",Dhaka,ST06,Online
C00954,2019-08-07,,ST07,Walk-in
C00955,23/10/2024,Rajshahi,ST04,Online
C00956,2024-04-12,Dhaka,ST15,Online
C00957,"December 7, 2019",Dhaka,ST03,Online
C00958,"September 19, 2022",Rajshahi,ST08,Walk-in
C00959,2022-12-12,DHAKA,ST15,Referral
C00960,"October 26, 2021",Khulna,ST18,Online
C00961,2025-05-29,Rajshahi,ST05,Walk-in
C00962,"December 29, 2018",Dhaka,ST07,Walk-in
C00963,2020-01-24, Chattogram ,ST03,Walk-in
C00964,05/10/2018,Dhaka,ST09,Social Media
C00965,2023-07-17,Sylhet,ST20,Walk-in
C00966,2023-02-24,Dhaka,ST07,Walk-in
C00967,"November 22, 2025",BARISHAL,ST06,Walk-in
C00968,"May 3, 2022",Dhaka,ST08,Walk-in
C00969,"March 16, 2019",,ST18,Walk-in
C00970,09/08/2021,Dhaka,ST11,Referral
C00971,2018-09-16,Dhaka,ST13,Walk-in
C00972,"May 14, 2023",Chattogram,ST16,Referral
C00973,2023-05-23,Sylhet,ST15,Walk-in
C00974,2024-11-09,Barishal,ST12,Walk-in
C00975,2020-09-19,Dhaka,ST12,Referral
C00976,2020-06-24, Dhaka ,ST11,Online
C00977,2018-07-28,Chattogram,ST04,Referral
C00978,27/04/2021,Chattogram,ST09,Walk-in
C00979,2021-10-19,Khulna,ST17,Online
C00980,2024-01-13,khulna,ST01,Online
C00981,"January 11, 2024",,ST17,Walk-in
C00982,14/02/2019,Dhaka,ST12,Referral
C00983,"April 12, 2020",Chattogram,ST07,Walk-in
C00984,"February 2, 2022",Rajshahi,ST03,Walk-in
C00985,2020-09-05,Dhaka,ST16,Referral
C00986,"March 16, 2018",Sylhet,ST01,Online
C00987,"October 5, 2024",Dhaka,ST11,Referral
C00988,"November 6, 2023",,ST04,Referral
C00989,27/02/2022,khulna,ST19,Walk-in
C00990,2020-07-16,Dhaka,ST04,Online
C00991,26/09/2024,Barishal,ST17,Social Media
C00992,14/04/2018,Dhaka,ST12,Walk-in
C00993,27/07/2021,Dhaka,ST01,Walk-in
C00994,2024-05-27,Dhaka,ST15,Social Media
C00995,"August 14, 2025",DHAKA,ST18,Walk-in
C00996,"January 5, 2020",Chattogram,ST05,Social Media
C00997,2023-03-16,Dhaka,ST20,Walk-in
C00998,2019-07-08,Sylhet,ST16,Referral
C00999,"December 5, 2018",Khulna,ST15,Online
C01000,2020-10-27,Chattogram,ST07,Online
C01001,"January 28, 2025",Dhaka,ST03,Referral
C01002,07/07/2023,Chattogram,ST09,Walk-in
C01003,29/11/2021,Rajshahi,ST17,Online
C01004,2020-04-05,Sylhet,ST12,Social Media
C01005,"February 18, 2019",,ST13,Social Media
C01006,01/03/2020,Chattogram,ST16,Social Media
C01007,"March 22, 2019",Chattogram,ST07,Online
C01008,01/07/2019,Dhaka,ST01,Online
C01009,01/07/2023,Dhaka,ST18,Online
C01010,23/01/2019,Barishal,ST13,Online
C01011,19/05/2018,Dhaka,ST12,Online
C01012,"May 3, 2022",Dhaka,ST12,Walk-in
C01013,16/04/2020,Dhaka,ST18,Walk-in
C01014,"August 20, 2021",Sylhet,ST16,Online
C01015,2019-02-13,CHATTOGRAM,ST14,Walk-in
C01016,06/09/2019,Dhaka,ST16,Walk-in
C01017,11/07/2021,Chattogram,ST06,Walk-in
C01018,2023-07-08,rajshahi,ST15,Referral
C01019,2021-04-24,Dhaka,ST20,Social Media
C01020,2022-05-01,Khulna,ST05,Online
C01021,"March 4, 2022",DHAKA,ST12,Social Media
C01022,25/02/2020,Dhaka,ST14,Referral
C01023,2020-03-27,Barishal,ST11,Walk-in
C01024,"May 28, 2021",Khulna,ST20,Walk-in
C01025,2018-04-04,Dhaka,ST09,Walk-in
C01026,"June 25, 2023",Khulna,ST05,Walk-in
C01027,30/11/2022,Chattogram,ST03,Online
C01028,"June 12, 2020",Dhaka,ST17,Walk-in
C01029,2020-12-27,Khulna,ST14,Social Media
C01030,"August 17, 2020",,ST12,Online
C01031,17/03/2023, Dhaka ,ST09,Walk-in
C01032,28/01/2024,Sylhet,ST09,Social Media
C01033,"November 14, 2018",Chattogram,ST19,Social Media
C01034,"April 21, 2021",,ST14,Referral
C01035,10/02/2018,Barishal,ST20,Referral
C01036,"August 13, 2021",Chattogram,ST17,Social Media
C01037,"December 27, 2019",Sylhet,ST16,Online
C01038,07/09/2020,Sylhet,ST12,Referral
C01039,2021-08-26,Sylhet,ST05,Walk-in
C01040,2020-08-03,Dhaka,ST14,Online
C01041,2021-02-24,barishal,ST15,Online
C01042,12/02/2024,,ST11,Walk-in
C01043,2024-06-24,Rajshahi,ST01,Walk-in
C01044,"January 18, 2018",Chattogram,ST20,Walk-in
C01045,08/01/2021,Dhaka,ST17,Walk-in
C01046,2024-10-08,Dhaka,ST08,Walk-in
C01047,29/03/2022,Chattogram,ST10,Walk-in
C01048,2019-08-23,Dhaka,ST03,Referral
C01049,"September 30, 2022",Sylhet,ST19,Online
C01050,28/02/2019,Khulna,ST05,Online
C01051,2018-03-05,Dhaka,ST08,Walk-in
C01052,21/01/2023, Dhaka ,ST09,Referral
C01053,13/02/2022,Rajshahi,ST06,Walk-in
C01054,"January 18, 2024",DHAKA,ST13,Walk-in
C01055,2020-10-03,Barishal,ST20,Online
C01056,30/10/2024,chattogram,ST18,Social Media
C01057,15/05/2021,Dhaka,ST11,Social Media
C01058,2023-11-26,Dhaka,ST03,Referral
C01059,"October 20, 2018",Barishal,ST18,Online
C01060,11/10/2018,,ST06,Online
C01061,04/04/2024,Sylhet,ST19,Online
C01062,01/09/2024,Dhaka,ST08,Walk-in
C01063,2025-07-14,Dhaka,ST11,Walk-in
C01064,2020-08-05,Khulna,ST09,Social Media
C01065,2018-03-07,Dhaka,ST10,Social Media
C01066,"November 1, 2025",Dhaka,ST04,Walk-in
C01067,"October 23, 2022",Chattogram,ST12,Walk-in
C01068,2019-12-23,Khulna,ST09,Walk-in
C01069,"February 9, 2024",Dhaka,ST17,Walk-in
C01070,24/03/2025,Dhaka,ST10,Walk-in
C01071,11/04/2020,barishal,ST20,Online
C01072,"February 26, 2024",Rajshahi,ST06,Walk-in
C01073,2024-04-18,Khulna,ST07,Walk-in
C01074,2022-01-04,Rajshahi,ST01,Walk-in
C01075,21/01/2023,Rajshahi,ST15,Referral
C01076,26/02/2020,Chattogram,ST02,Walk-in
C01077,"June 6, 2025",Dhaka,ST06,Walk-in
C01078,10/11/2025,Rajshahi,ST19,Online
C01079,"November 4, 2025",Rajshahi,ST13,Referral
C01080,"November 23, 2023",Barishal,ST12,Walk-in
C01081,04/05/2018,Sylhet,ST17,Online
C01082,06/12/2020,Dhaka,ST16,Walk-in
C01083,23/07/2021,CHATTOGRAM,ST18,Online
C01084,03/09/2025,Sylhet,ST14,Walk-in
C01085,2022-05-17,Chattogram,ST09,Social Media
C01086,"April 15, 2022",Rajshahi,ST03,Social Media
C01087,05/03/2019,Sylhet,ST08,Referral
C01088,2024-05-06,Dhaka,ST15,Social Media
C01089,"September 8, 2020",Sylhet,ST06,Walk-in
C01090,26/09/2018,Sylhet,ST14,Online
C01091,2025-11-23,Khulna,ST03,Walk-in
C01092,10/07/2019,Chattogram,ST02,Walk-in
C01093,"February 17, 2018",Sylhet,ST08,Online
C01094,2018-08-16,Chattogram,ST05,Online
C01095,"August 14, 2021",Chattogram,ST18,Online
C01096,2018-10-28,Dhaka,ST08,Referral
C01097,"September 26, 2024",Khulna,ST09,Online
C01098,"February 5, 2022",Khulna,ST09,Social Media
C01099,"August 3, 2020",,ST07,Referral
C01100,10/01/2018,Sylhet,ST19,Referral
C01101,02/11/2021,Dhaka,ST15,Walk-in
C01102,18/03/2019,Sylhet,ST04,Online
C01103,"October 26, 2025",,ST05,Online
C01104,29/04/2020,rajshahi,ST02,Social Media
C01105,18/10/2021,Dhaka,ST06,Walk-in
C01106,24/02/2018,Rajshahi,ST14,Walk-in
C01107,18/01/2019,Dhaka,ST19,Walk-in
C01108,29/08/2019,Sylhet,ST10,Walk-in
C01109,01/06/2018,Sylhet,ST02,Referral
C01110,21/10/2023,Dhaka,ST01,Walk-in
C01111,2025-07-23,,ST09,Walk-in
C01112,"November 17, 2025",Khulna,ST06,Online
C01113,2020-02-16,SYLHET,ST12,Walk-in
C01114,2024-04-22,Dhaka,ST03,Walk-in
C01115,2022-01-11,Chattogram,ST05,Online
C01116,2018-05-14,Dhaka,ST12,Online
C01117,2018-09-22,Sylhet,ST06,Social Media
C01118,"May 19, 2022",sylhet,ST08,Online
C01119,22/05/2021,Dhaka,ST05,Social Media
C01120,2018-01-25,Sylhet,ST02,Walk-in
C01121,08/06/2025,,ST07,Referral
C01122,"November 3, 2023", Rajshahi ,ST07,Online
C01123,2022-01-07,Dhaka,ST18,Online
C01124,22/11/2025,Dhaka,ST18,Walk-in
C01125,2025-10-06,Chattogram,ST09,Walk-in
C01126,"October 14, 2025",Dhaka,ST06,Walk-in
C01127,"January 26, 2020",Chattogram,ST09,Referral
C01128,"January 16, 2025",Dhaka,ST13,Referral
C01129,13/01/2022,Dhaka,ST08,Walk-in
C01130,22/10/2023,Sylhet,ST16,Online
C01131,14/11/2024,Dhaka,ST20,Online
C01132,"April 22, 2019",Rajshahi,ST09,Online
C01133,"August 1, 2021", Dhaka ,ST03,Walk-in
C01134,"January 12, 2019",,ST03,Referral
C01135,"March 27, 2020", Chattogram ,ST18,Online
C01136,"April 22, 2021",Rajshahi,ST09,Online
C01137,"November 2, 2024",rajshahi,ST07,Online
C01138,23/11/2024,Chattogram,ST13,Online
C01139,"February 12, 2021",Sylhet,ST20,Walk-in
C01140,2020-08-19,Dhaka,ST09,Social Media
C01141,30/03/2022,sylhet,ST07,Walk-in
C01142,16/04/2025,Dhaka,ST18,Referral
C01143,"October 22, 2025",Chattogram,ST02,Referral
C01144,25/10/2019, Dhaka ,ST17,Online
C01145,"June 29, 2019",Khulna,ST11,Online
C01146,"August 26, 2023",Chattogram,ST01,Walk-in
C01147,"May 30, 2020",Sylhet,ST05,Walk-in
C01148,07/08/2019,Chattogram,ST14,Online
C01149,01/04/2018,Dhaka,ST16,Walk-in
C01150,"March 23, 2021",DHAKA,ST04,Walk-in
C01151,2021-02-18,Khulna,ST14,Social Media
C01152,"July 3, 2022",Rajshahi,ST20,Walk-in
C01153,2019-08-08,Dhaka,ST14,Walk-in
C01154,2023-09-17,Rajshahi,ST15,Walk-in
C01155,"June 9, 2023",Chattogram,ST04,Online
C01156,2021-09-12,Dhaka,ST13,Walk-in
C01157,2019-06-14,Chattogram,ST15,Referral
C01158,"January 20, 2022",Dhaka,ST03,Online
C01159,2023-05-25,Dhaka,ST07,Walk-in
C01160,"December 24, 2020",Rajshahi,ST18,Walk-in
C01161,2020-02-09,Dhaka,ST20,Walk-in
C01162,2022-01-18,Khulna,ST04,Referral
C01163,"November 3, 2020",Sylhet,ST15,Walk-in
C01164,2021-03-15,Khulna,ST11,Walk-in
C01165,2020-10-15,Sylhet,ST12,Walk-in
C01166,2020-06-05,Khulna,ST11,Walk-in
C01167,2023-09-24,Chattogram,ST18,Online
C01168,"September 5, 2021",Chattogram,ST09,Walk-in
C01169,"September 24, 2021",Chattogram,ST12,Social Media
C01170,23/03/2023,KHULNA,ST14,Walk-in
C01171,"November 20, 2020",Dhaka,ST12,Online
C01172,"October 23, 2018",SYLHET,ST18,Online
C01173,"October 25, 2024",Rajshahi,ST05,Walk-in
C01174,"June 12, 2018",Chattogram,ST19,Online
C01175,29/07/2022,Khulna,ST14,Referral
C01176,16/02/2020,Chattogram,ST20,Referral
C01177,"September 17, 2019",Dhaka,ST08,Social Media
C01178,2018-05-03,Sylhet,ST10,Online
C01179,2025-03-13,Chattogram,ST01,Walk-in
C01180,"June 7, 2021",Dhaka,ST19,Social Media
C01181,"September 27, 2020",Dhaka,ST17,Walk-in
C01182,"December 5, 2023",Dhaka,ST06,Online
C01183,2018-04-24,rajshahi,ST02,Referral
C01184,2022-07-07,Khulna,ST14,Referral
C01185,15/12/2021,Chattogram,ST14,Social Media
C01186,2022-06-05,Dhaka,ST11,Walk-in
C01187,2018-12-28,Chattogram,ST04,Online
C01188,13/08/2025,Khulna,ST19,Walk-in
C01189,"November 28, 2019",Rajshahi,ST09,Referral
C01190,05/06/2023,Dhaka,ST15,Online
C01191,22/12/2023,Dhaka,ST18,Walk-in
C01192,"October 1, 2020",Khulna,ST11,Referral
C01193,17/01/2019,KHULNA,ST02,Walk-in
C01194,"May 16, 2020",Dhaka,ST18,Online
C01195,2024-06-14,khulna,ST14,Social Media
C01196,"March 31, 2025",Dhaka,ST18,Online
C01197,2025-06-28,,ST13,Online
C01198,23/10/2019,Rajshahi,ST19,Walk-in
C01199,07/11/2022,Chattogram,ST18,Walk-in
C01200,18/03/2019,Chattogram,ST05,Walk-in
C01201,2023-09-06,Khulna,ST04,Walk-in
C01202,2021-04-29,KHULNA,ST04,Walk-in
C01203,2023-09-15,Dhaka,ST16,Online
C01204,"June 24, 2023",Sylhet,ST05,Online
C01205,"December 8, 2025",Rajshahi,ST10,Walk-in
C01206,2021-11-27,Sylhet,ST16,Online
C01207,2020-09-24, Barishal ,ST09,Social Media
C01208,"March 19, 2022",Rajshahi,ST02,Walk-in
C01209,2019-04-21,Dhaka,ST08,Online
C01210,2018-11-23,Dhaka,ST02,Walk-in
C01211,24/02/2022,Khulna,ST08,Online
C01212,07/08/2024,Barishal,ST15,Online
C01213,2022-04-07,Dhaka,ST11,Walk-in
C01214,02/04/2024,Dhaka,ST14,Walk-in
C01215,2019-06-04,Rajshahi,ST03,Referral
C01216,"August 5, 2021",Dhaka,ST16,Walk-in
C01217,2022-11-26,Dhaka,ST09,Online
C01218,12/10/2020, Khulna ,ST06,Online
C01219,"February 11, 2018",Khulna,ST14,Walk-in
C01220,03/08/2018,Khulna,ST03,Online
C01221,"June 1, 2025",Sylhet,ST10,Online
C01222,2022-11-02,Dhaka,ST09,Walk-in
C01223,2020-02-12,Khulna,ST04,Social Media
C01224,"January 26, 2020",Dhaka,ST20,Walk-in
C01225,2018-04-26,Dhaka,ST08,Online
C01226,21/07/2025,Khulna,ST01,Walk-in
C01227,"November 13, 2018",Rajshahi,ST09,Walk-in
C01228,2024-01-27,Khulna,ST20,Online
C01229,03/12/2019,Dhaka,ST14,Online
C01230,2020-09-07,Barishal,ST13,Walk-in
C01231,"March 10, 2020",Sylhet,ST19,Online
C01232,2024-08-04,SYLHET,ST02,Online
C01233,"April 6, 2018",Khulna,ST12,Walk-in
C01234,"October 25, 2020",Chattogram,ST07,Referral
C01235,"March 26, 2020",rajshahi,ST14,Online
C01236,"March 8, 2020",Sylhet,ST18,Online
C01237,18/07/2019,Rajshahi,ST02,Referral
C01238,2025-04-18,Khulna,ST04,Online
C01239,"January 10, 2021",Rajshahi,ST20,Social Media
C01240,"May 6, 2021",Dhaka,ST10,Referral
C01241,29/01/2021,Dhaka,ST07,Walk-in
C01242,02/11/2025,,ST04,Walk-in
C01243,16/09/2020,Barishal,ST08,Social Media
C01244,24/09/2020,Barishal,ST01,Referral
C01245,"August 15, 2020",Dhaka,ST05,Walk-in
C01246,12/08/2020,Chattogram,ST04,Walk-in
C01247,20/09/2018,rajshahi,ST02,Walk-in
C01248,"October 31, 2022",Rajshahi,ST20,Referral
C01249,"March 15, 2018",Dhaka,ST16,Social Media
C01250,22/10/2019,Sylhet,ST19,Referral
C01251,14/08/2019,Dhaka,ST05,Walk-in
C01252,01/05/2020,Chattogram,ST06,Referral
C01253,"January 19, 2024",,ST06,Walk-in
C01254,2022-10-17,Dhaka,ST12,Walk-in
C01255,2025-12-03,Dhaka,ST04,Walk-in
C01256,22/10/2020,Khulna,ST05,Online
C01257,04/06/2025,Rajshahi,ST20,Online
C01258,"May 12, 2018", Barishal ,ST08,Walk-in
C01259,2022-01-12,Chattogram,ST16,Walk-in
C01260,2024-05-21,Chattogram,ST05,Referral
C01261,2022-04-02,Chattogram,ST19,Walk-in
C01262,2025-06-18,Sylhet,ST14,Walk-in
C01263,2020-07-07,Chattogram,ST18,Walk-in
C01264,"April 8, 2018",Rajshahi,ST11,Walk-in
C01265,2024-03-09,Khulna,ST19,Walk-in
C01266,"July 18, 2018",khulna,ST08,Online
C01267,12/02/2024,Dhaka,ST10,Walk-in
C01268,"November 12, 2023", Chattogram ,ST02,Walk-in
C01269,01/10/2024,Dhaka,ST04,Referral
C01270,2021-10-30,Dhaka,ST16,Walk-in
C01271,2025-02-27,Rajshahi,ST07,Referral
C01272,11/05/2019,Chattogram,ST03,Walk-in
C01273,2021-06-22,Rajshahi,ST06,Social Media
C01274,2018-12-22,Dhaka,ST08,Walk-in
C01275,18/02/2024,BARISHAL,ST15,Online
C01276,2023-09-17,Barishal,ST02,Online
C01277,"June 12, 2024",Chattogram,ST01,Online
C01278,"February 10, 2024",Khulna,ST15,Referral
C01279,2020-06-19,Dhaka,ST03,Walk-in
C01280,"July 18, 2018",Rajshahi,ST09,Walk-in
C01281,2025-06-06,Khulna,ST14,Referral
C01282,2021-12-10,Khulna,ST11,Referral
C01283,03/10/2018,Khulna,ST03,Walk-in
C01284,"May 31, 2025",Chattogram,ST15,Online
C01285,"December 13, 2025",Khulna,ST01,Referral
C01286,2021-07-24,Rajshahi,ST05,Referral
C01287,"February 27, 2024",Dhaka,ST03,Referral
C01288,16/04/2018,Dhaka,ST11,Referral
C01289,2018-09-30,Rajshahi,ST14,Walk-in
C01290,"March 18, 2020",SYLHET,ST13,Online
C01291,2023-04-01,Chattogram,ST03,Walk-in
C01292,2019-01-25,Khulna,ST07,Walk-in
C01293,2018-04-10,Sylhet,ST03,Referral
C01294,"May 7, 2023",Chattogram,ST07,Online
C01295,27/02/2024,Chattogram,ST05,Walk-in
C01296,"November 29, 2023", Sylhet ,ST15,Online
C01297,2024-05-22,Rajshahi,ST16,Walk-in
C01298,"June 2, 2024",Sylhet,ST17,Walk-in
C01299,2022-10-26,Chattogram,ST05,Online
C01300,25/02/2022,Rajshahi,ST01,Online
C01301,07/11/2024,Rajshahi,ST01,Online
C01302,"October 13, 2020",Khulna,ST17,Walk-in
C01303,13/10/2018,Dhaka,ST19,Online
C01304,05/01/2024,Rajshahi,ST05,Walk-in
C01305,"March 16, 2020",Chattogram,ST18,Social Media
C01306,"October 29, 2025", Dhaka ,ST11,Walk-in
C01307,2021-04-24,Rajshahi,ST04,Referral
C01308,2024-10-23,,ST07,Walk-in
C01309,"May 4, 2018",Chattogram,ST06,Walk-in
C01310,09/04/2023,Rajshahi,ST16,Walk-in
C01311,2021-08-01,Dhaka,ST04,Referral
C01312,"September 12, 2021",Dhaka,ST04,Social Media
C01313,2020-02-14,Chattogram,ST15,Online
C01314,06/10/2025,Chattogram,ST07,Walk-in
C01315,20/02/2021,Rajshahi,ST06,Walk-in
C01316,2024-10-19,Khulna,ST17,Online
C01317,26/05/2021,rajshahi,ST19,Walk-in
C01318,2018-05-21,DHAKA,ST12,Social Media
C01319,11/01/2025,CHATTOGRAM,ST17,Walk-in
C01320,2019-06-25,Dhaka,ST17,Referral
C01321,2020-02-29,Rajshahi,ST12,Referral
C01322,2024-11-19,dhaka,ST17,Walk-in
C01323,2025-02-22,Chattogram,ST01,Walk-in
C01324,"April 30, 2025",Rajshahi,ST01,Referral
C01325,28/05/2021,Rajshahi,ST18,Walk-in
C01326,20/01/2024,Dhaka,ST03,Online
C01327,15/08/2020,Dhaka,ST15,Referral
C01328,2023-12-02,Sylhet,ST09,Walk-in
C01329,07/01/2022,Chattogram,ST16,Referral
C01330,2018-06-01,Dhaka,ST14,Walk-in
C01331,2021-05-04,Khulna,ST02,Online
C01332,"September 27, 2021",Chattogram,ST07,Walk-in
C01333,"January 22, 2020",Chattogram,ST15,Online
C01334,"December 29, 2020",Dhaka,ST19,Walk-in
C01335,"January 7, 2022",Chattogram,ST17,Walk-in
C01336,2018-05-26,Dhaka,ST18,Walk-in
C01337,20/03/2019,Dhaka,ST20,Walk-in
C01338,18/02/2024,,ST18,Online
C01339,24/10/2020,Chattogram,ST12,Walk-in
C01340,12/11/2022, Khulna ,ST07,Walk-in
C01341,11/07/2022,Barishal,ST11,Walk-in
C01342,29/05/2022,Dhaka,ST16,Walk-in
C01343,"April 22, 2021",Dhaka,ST09,Walk-in
C01344,2021-11-12,Rajshahi,ST17,Walk-in
C01345,"August 2, 2024",Barishal,ST15,Online
C01346,2025-09-18,Khulna,ST05,Online
C01347,20/01/2020,dhaka,ST19,Online
C01348,"May 9, 2023",Dhaka,ST17,Walk-in
C01349,"October 2, 2025",Dhaka,ST12,Referral
C01350,23/01/2018,Khulna,ST04,Online
C01351,"April 10, 2024",Sylhet,ST05,Online
C01352,21/12/2021,Chattogram,ST17,Walk-in
C01353,2025-09-26,Sylhet,ST01,Walk-in
C01354,"August 16, 2022",Dhaka,ST10,Walk-in
C01355,"September 13, 2024",sylhet,ST13,Walk-in
C01356,"April 30, 2019",Dhaka,ST05,Online
C01357,2019-02-19, Sylhet ,ST18,Walk-in
C01358,29/05/2025,rajshahi,ST11,Walk-in
C01359,18/03/2022,Rajshahi,ST02,Walk-in
C01360,2022-06-19,Dhaka,ST07,Walk-in
C01361,12/05/2019,Khulna,ST08,Walk-in
C01362,"October 25, 2019",Rajshahi,ST05,Walk-in
C01363,"July 17, 2024",Dhaka,ST19,Online
C01364,2020-06-04,Dhaka,ST08,Walk-in
C01365,"September 2, 2022",Sylhet,ST11,Online
C01366,13/07/2020,Dhaka,ST11,Social Media
C01367,2020-02-09,Dhaka,ST05,Referral
C01368,"April 30, 2019",Dhaka,ST12,Online
C01369,"June 7, 2025",Dhaka,ST08,Walk-in
C01370,07/07/2025,CHATTOGRAM,ST01,Online
C01371,03/12/2018,Sylhet,ST09,Social Media
C01372,"October 28, 2020",Dhaka,ST12,Walk-in
C01373,2022-07-05,Rajshahi,ST03,Walk-in
C01374,2021-01-24,Dhaka,ST16,Referral
C01375,2023-10-07,Dhaka,ST14,Walk-in
C01376,30/01/2020,Dhaka,ST07,Referral
C01377,21/06/2018,Rajshahi,ST12,Walk-in
C01378,2020-09-10,Barishal,ST07,Walk-in
C01379,2022-10-12,Chattogram,ST13,Referral
C01380,"June 12, 2019",Dhaka,ST04,Online
C01381,10/07/2024,Dhaka,ST13,Online
C01382,05/02/2018,Dhaka,ST02,Referral
C01383,2018-07-17,Khulna,ST01,Referral
C01384,25/01/2022,Dhaka,ST06,Walk-in
C01385,2022-02-04,Barishal,ST04,Social Media
C01386,11/05/2020,Sylhet,ST10,Walk-in
C01387,2020-01-25,Chattogram,ST04,Walk-in
C01388,"July 23, 2018",Khulna,ST05,Referral
C01389,"April 20, 2023",Dhaka,ST02,Walk-in
C01390,2021-01-11,Rajshahi,ST18,Referral
C01391,13/12/2018, Dhaka ,ST15,Walk-in
C01392,13/03/2021,Khulna,ST05,Walk-in
C01393,29/06/2025,Chattogram,ST03,Walk-in
C01394,"February 2, 2020",Dhaka,ST18,Online
C01395,25/02/2025,Khulna,ST14,Referral
C01396,"January 26, 2020",Dhaka,ST18,Walk-in
C01397,"June 28, 2019",Dhaka,ST04,Walk-in
C01398,"February 1, 2020",Rajshahi,ST08,Walk-in
C01399,01/08/2020,CHATTOGRAM,ST03,Walk-in
C01400,2018-12-19,Khulna,ST09,Online
C01401,12/09/2022,SYLHET,ST04,Online
C01402,"August 31, 2020",sylhet,ST01,Walk-in
C01403,"September 28, 2023", Dhaka ,ST11,Walk-in
C01404,"December 4, 2021",DHAKA,ST20,Online
C01405,2021-07-16,Barishal,ST13,Walk-in
C01406,"October 7, 2021",Dhaka,ST16,Walk-in
C01407,2019-04-02,Chattogram,ST17,Online
C01408,"September 13, 2023",,ST20,Walk-in
C01409,"November 1, 2018",,ST03,Walk-in
C01410,08/10/2023,Sylhet,ST06,Walk-in
C01411,2025-12-29,Rajshahi,ST13,Referral
C01412,2024-02-09,Rajshahi,ST17,Walk-in
C01413,22/08/2021,KHULNA,ST16,Referral
C01414,"July 7, 2020",Dhaka,ST15,Walk-in
C01415,2024-12-22,Chattogram,ST07,Walk-in
C01416,2020-01-21,Dhaka,ST08,Referral
C01417,"November 9, 2021",Rajshahi,ST02,Walk-in
C01418,29/02/2024,Dhaka,ST07,Walk-in
C01419,2025-05-17,Sylhet,ST04,Walk-in
C01420,13/05/2025,Dhaka,ST19,Online
C01421,14/09/2018,Khulna,ST02,Walk-in
C01422,2025-03-07,Khulna,ST08,Referral
C01423,2018-11-29,Khulna,ST18,Walk-in
C01424,2022-09-03,Dhaka,ST20,Walk-in
C01425,2025-06-07,Barishal,ST08,Walk-in
C01426,28/03/2023,Dhaka,ST10,Walk-in
C01427,"July 29, 2025", Dhaka ,ST11,Referral
C01428,02/10/2020,Dhaka,ST17,Walk-in
C01429,2020-07-07,Dhaka,ST16,Social Media
C01430,10/08/2020,Sylhet,ST11,Walk-in
C01431,"November 3, 2020",Dhaka,ST08,Online
C01432,"June 17, 2023",,ST08,Walk-in
C01433,14/08/2021,Sylhet,ST13,Referral
C01434,"November 24, 2023",Khulna,ST17,Walk-in
C01435,2021-04-30,Rajshahi,ST02,Online
C01436,2020-06-17,Sylhet,ST16,Social Media
C01437,"July 9, 2019",Dhaka,ST10,Online
C01438,2022-05-29,KHULNA,ST03,Walk-in
C01439,08/03/2025,Dhaka,ST02,Referral
C01440,2024-11-13,dhaka,ST07,Walk-in
C01441,"January 10, 2020",Dhaka,ST05,Walk-in
C01442,2021-10-26,Sylhet,ST03,Walk-in
C01443,2023-08-22,Chattogram,ST06,Referral
C01444,"November 24, 2022",Sylhet,ST17,Walk-in
C01445,2018-07-16,Dhaka,ST15,Referral
C01446,2022-09-22,Chattogram,ST05,Online
C01447,2018-04-24,Chattogram,ST14,Walk-in
C01448,2018-12-07,Dhaka,ST10,Walk-in
C01449,24/03/2023,CHATTOGRAM,ST15,Online
C01450,"October 27, 2018",Sylhet,ST05,Walk-in
C01451,"September 16, 2020",Chattogram,ST02,Walk-in
C01452,15/09/2022,Dhaka,ST07,Walk-in
C01453,29/03/2023,Sylhet,ST20,Referral
C01454,2021-07-25,,ST12,Walk-in
C01455,02/10/2018,Dhaka,ST02,Walk-in
C01456,22/05/2024,Dhaka,ST20,Walk-in
C01457,"August 5, 2025", Chattogram ,ST17,Walk-in
C01458,08/02/2025,,ST11,Social Media
C01459,"December 26, 2023",Rajshahi,ST15,Online
C01460,20/03/2021,Dhaka,ST04,Online
C01461,2025-01-02,RAJSHAHI,ST12,Referral
C01462,"November 26, 2021", Dhaka ,ST19,Walk-in
C01463,03/02/2019,Sylhet,ST09,Referral
C01464,19/10/2024,Rajshahi,ST01,Social Media
C01465,2020-07-23,Chattogram,ST16,Online
C01466,04/07/2025,Dhaka,ST15,Online
C01467,11/12/2020,chattogram,ST15,Walk-in
C01468,2024-12-13,Barishal,ST13,Referral
C01469,2022-04-18,Barishal,ST03,Walk-in
C01470,2021-09-26, Dhaka ,ST03,Online
C01471,16/05/2020,Rajshahi,ST16,Walk-in
C01472,2024-09-06,Dhaka,ST18,Online
C01473,2018-06-27,Dhaka,ST02,Referral
C01474,"October 1, 2021",Sylhet,ST12,Online
C01475,13/12/2020,Chattogram,ST11,Walk-in
C01476,06/05/2022,Chattogram,ST08,Online
C01477,2020-01-14,,ST13,Social Media
C01478,2023-04-25,dhaka,ST19,Online
C01479,"January 31, 2021",Sylhet,ST17,Referral
C01480,04/07/2019,chattogram,ST04,Referral
C01481,2019-07-30,Dhaka,ST10,Referral
C01482,27/07/2023,Chattogram,ST19,Walk-in
C01483,04/02/2020,Barishal,ST05,Walk-in
C01484,16/06/2020,Chattogram,ST18,Referral
C01485,"January 5, 2023",,ST10,Social Media
C01486,20/08/2020,Rajshahi,ST11,Walk-in
C01487,2021-02-07,Barishal,ST06,Walk-in
C01488,15/12/2019,Khulna,ST19,Walk-in
C01489,2020-10-05,Sylhet,ST11,Referral
C01490,2023-07-16, Chattogram ,ST12,Referral
C01491,09/04/2022,Sylhet,ST10,Online
C01492,22/12/2025,Khulna,ST02,Walk-in
C01493,"March 3, 2024",Khulna,ST16,Walk-in
C01494,19/02/2018,Khulna,ST07,Referral
C01495,"January 11, 2021",Chattogram,ST05,Walk-in
C01496,"April 26, 2020",Dhaka,ST16,Walk-in
C01497,2022-09-12,,ST04,Walk-in
C01498,2020-02-15,Dhaka,ST14,Referral
C01499,"September 22, 2025",Dhaka,ST10,Walk-in
C01500,24/05/2020, Chattogram ,ST16,Walk-in
C01501,"March 5, 2022",Sylhet,ST02,Walk-in
C01502,"December 25, 2018",KHULNA,ST16,Social Media
C01503,2025-04-10,Rajshahi,ST05,Walk-in
C01504,2025-04-16,Khulna,ST18,Walk-in
C01505,2024-05-06,Rajshahi,ST08,Walk-in
C01506,"October 23, 2020",Rajshahi,ST01,Walk-in
C01507,"June 21, 2018",DHAKA,ST10,Referral
C01508,2023-09-08,sylhet,ST02,Referral
C01509,2021-06-06,Dhaka,ST06,Walk-in
C01510,01/12/2025,Dhaka,ST15,Referral
C01511,02/08/2023,Dhaka,ST12,Walk-in
C01512,"April 22, 2022",Khulna,ST15,Referral
C01513,2025-11-21,Rajshahi,ST18,Walk-in
C01514,"May 26, 2024",,ST10,Walk-in
C01515,"August 31, 2021",Barishal,ST11,Referral
C01516,2018-02-25,Khulna,ST02,Social Media
C01517,"September 28, 2018",Dhaka,ST06,Referral
C01518,2021-07-19,Khulna,ST15,Online
C01519,2022-06-30,,ST02,Referral
C01520,2018-03-30,Khulna,ST08,Online
C01521,"January 5, 2019",Dhaka,ST03,Walk-in
C01522,2023-08-19,Dhaka,ST18,Walk-in
C01523,"January 4, 2024",Barishal,ST12,Online
C01524,2018-03-29,Dhaka,ST13,Online
C01525,"January 22, 2022",Chattogram,ST14,Referral
C01526,25/08/2018,Chattogram,ST05,Walk-in
C01527,2023-10-14,Dhaka,ST01,Walk-in
C01528,"September 1, 2024",Dhaka,ST08,Walk-in
C01529,13/12/2024,Barishal,ST04,Referral
C01530,13/10/2022,khulna,ST07,Walk-in
C01531,11/01/2023,Khulna,ST07,Referral
C01532,29/05/2025, Dhaka ,ST16,Walk-in
C01533,24/11/2022,Dhaka,ST07,Walk-in
C01534,"July 27, 2021",Chattogram,ST04,Referral
C01535,2024-01-13,,ST20,Walk-in
C01536,22/09/2022,Dhaka,ST01,Referral
C01537,25/09/2024,Rajshahi,ST05,Walk-in
C01538,"March 13, 2022",,ST07,Online
C01539,2024-12-12,Chattogram,ST02,Online
C01540,"May 12, 2018",Chattogram,ST18,Referral
C01541,"April 17, 2018",Chattogram,ST08,Walk-in
C01542,"October 17, 2018",,ST16,Walk-in
C01543,13/06/2022,Dhaka,ST03,Online
C01544,2023-09-02,Chattogram,ST11,Social Media
C01545,2019-09-24,Chattogram,ST03,Referral
C01546,"March 31, 2019",Chattogram,ST05,Referral
C01547,17/11/2024,Khulna,ST09,Online
C01548,2024-01-01,Dhaka,ST18,Online
C01549,"March 9, 2023",Dhaka,ST07,Referral
C01550,2021-11-27,dhaka,ST16,Referral
C01551,"May 12, 2021",Dhaka,ST02,Referral
C01552,"March 1, 2018", Sylhet ,ST06,Referral
C01553,04/07/2019,Khulna,ST13,Referral
C01554,2025-03-04,Khulna,ST10,Walk-in
C01555,16/09/2020,Sylhet,ST11,Walk-in
C01556,20/08/2023,Chattogram,ST14,Social Media
C01557,"August 18, 2023",dhaka,ST02,Online
C01558,2020-06-22,,ST14,Walk-in
C01559,2019-08-20,Dhaka,ST18,Online
C01560,"July 13, 2023",Khulna,ST16,Online
C01561,"October 1, 2018",,ST06,Referral
C01562,2021-12-15,,ST08,Referral
C01563,06/02/2025,Dhaka,ST20,Walk-in
C01564,09/09/2023,Dhaka,ST16,Walk-in
C01565,2024-02-10,,ST19,Walk-in
C01566,2018-09-01,Dhaka,ST19,Referral
C01567,07/08/2019,Dhaka,ST09,Walk-in
C01568,"March 14, 2020",Dhaka,ST03,Online
C01569,03/05/2020,Khulna,ST05,Online
C01570,21/07/2019,Chattogram,ST06,Online
C01571,2025-10-09,Sylhet,ST17,Online
C01572,27/04/2019,Chattogram,ST06,Online
C01573,"August 30, 2023",Dhaka,ST08,Online
C01574,10/09/2022,Khulna,ST18,Walk-in
C01575,2022-11-18,Dhaka,ST04,Walk-in
C01576,19/09/2019,Dhaka,ST14,Online
C01577,"June 17, 2020",Sylhet,ST12,Walk-in
C01578,2022-11-06,Dhaka,ST20,Referral
C01579,2020-05-23,Dhaka,ST10,Walk-in
C01580,20/07/2023,Khulna,ST11,Referral
C01581,26/04/2018,Chattogram,ST18,Walk-in
C01582,2018-08-01,Dhaka,ST20,Referral
C01583,"October 29, 2023",Dhaka,ST15,Walk-in
C01584,"December 6, 2022",Rajshahi,ST14,Online
C01585,2018-05-07,Dhaka,ST18,Walk-in
C01586,"March 10, 2025",Dhaka,ST20,Online
C01587,"January 15, 2018",sylhet,ST15,Walk-in
C01588,"August 22, 2025",Sylhet,ST06,Referral
C01589,2023-11-01,Barishal,ST13,Online
C01590,"November 25, 2025",,ST05,Social Media
C01591,02/08/2025,Dhaka,ST11,Online
C01592,"July 3, 2020",Chattogram,ST09,Online
C01593,2024-01-18,Sylhet,ST20,Referral
C01594,"September 8, 2019",Dhaka,ST12,Walk-in
C01595,"October 9, 2021",Sylhet,ST20,Online
C01596,03/12/2019,Dhaka,ST17,Walk-in
C01597,"November 20, 2021",Khulna,ST17,Online
C01598,22/12/2024,Khulna,ST04,Walk-in
C01599,27/06/2021,Chattogram,ST16,Walk-in
C01600,"September 27, 2018",Barishal,ST06,Online
C01601,"August 5, 2020",Barishal,ST12,Walk-in
C01602,15/04/2024,Dhaka,ST10,Walk-in
C01603,04/03/2022,Chattogram,ST06,Walk-in
C01604,"June 24, 2022",Sylhet,ST20,Referral
C01605,2021-06-12,Dhaka,ST18,Walk-in
C01606,2020-05-04,Chattogram,ST12,Walk-in
C01607,"October 13, 2022",Dhaka,ST01,Social Media
C01608,"January 23, 2023",Barishal,ST04,Social Media
C01609,2025-03-07,Chattogram,ST05,Walk-in
C01610,2022-12-09,Rajshahi,ST20,Online
C01611,2025-12-15,Chattogram,ST09,Walk-in
C01612,10/08/2024,Dhaka,ST01,Social Media
C01613,18/08/2018, Khulna ,ST12,Walk-in
C01614,2021-02-19,Dhaka,ST20,Walk-in
C01615,"January 28, 2021",Dhaka,ST12,Walk-in
C01616,09/01/2018,Chattogram,ST09,Online
C01617,2019-06-12,Rajshahi,ST04,Walk-in
C01618,04/02/2024, Dhaka ,ST18,Referral
C01619,2020-10-25,Dhaka,ST03,Walk-in
C01620,2019-03-08, Dhaka ,ST19,Online
C01621,19/04/2020,,ST05,Referral
C01622,13/03/2020,Dhaka,ST03,Walk-in
C01623,"May 25, 2019",Chattogram,ST07,Walk-in
C01624,"October 23, 2018",Dhaka,ST01,Walk-in
C01625,"February 10, 2024",Dhaka,ST01,Referral
C01626,2024-08-04,sylhet,ST04,Walk-in
C01627,20/12/2021,rajshahi,ST14,Referral
C01628,2022-12-03,DHAKA,ST17,Online
C01629,"May 8, 2025",Dhaka,ST05,Online
C01630,"September 26, 2024",Dhaka,ST13,Online
C01631,06/04/2018,Barishal,ST08,Walk-in
C01632,14/08/2025,,ST09,Walk-in
C01633,15/07/2018,Dhaka,ST07,Referral
C01634,19/03/2018,Chattogram,ST18,Walk-in
C01635,2021-03-23,Dhaka,ST11,Online
C01636,2023-12-18,Dhaka,ST11,Social Media
C01637,23/08/2018,Dhaka,ST18,Walk-in
C01638,2020-05-05,Sylhet,ST14,Walk-in
C01639,2020-02-07,Sylhet,ST03,Walk-in
C01640,2021-03-06,SYLHET,ST04,Walk-in
C01641,"November 19, 2025", Rajshahi ,ST07,Social Media
C01642,"August 25, 2020",Dhaka,ST02,Social Media
C01643,"September 3, 2019",khulna,ST14,Walk-in
C01644,24/12/2018,rajshahi,ST10,Social Media
C01645,2019-08-02,Khulna,ST01,Walk-in
C01646,2019-01-24,Rajshahi,ST09,Social Media
C01647,2022-08-03,,ST17,Referral
C01648,2021-05-12,Dhaka,ST19,Walk-in
C01649,"December 25, 2021",chattogram,ST20,Online
C01650,26/08/2024,Dhaka,ST19,Referral
C01651,22/08/2022,Chattogram,ST13,Walk-in
C01652,"March 30, 2019",Dhaka,ST19,Walk-in
C01653,"January 5, 2021",Dhaka,ST20,Online
C01654,2020-07-01,Barishal,ST13,Walk-in
C01655,"August 11, 2024",,ST09,Walk-in
C01656,2020-06-15, Sylhet ,ST20,Walk-in
C01657,2019-02-09,Dhaka,ST09,Online
C01658,"November 20, 2023",Sylhet,ST04,Walk-in
C01659,04/06/2021,Khulna,ST03,Online
C01660,2018-10-07,Sylhet,ST12,Walk-in
C01661,"July 8, 2023",SYLHET,ST01,Walk-in
C01662,"September 7, 2019",Chattogram,ST03,Online
C01663,2024-12-10,Dhaka,ST05,Walk-in
C01664,"August 27, 2024",Rajshahi,ST11,Online
C01665,2020-12-15,Barishal,ST10,Walk-in
C01666,"June 11, 2022",,ST11,Online
C01667,2022-07-16,Chattogram,ST11,Walk-in
C01668,2023-03-24,Chattogram,ST20,Referral
C01669,21/07/2018,Chattogram,ST05,Walk-in
C01670,"August 6, 2020",barishal,ST10,Referral
C01671,2019-05-13,Rajshahi,ST13,Walk-in
C01672,"July 30, 2023",Chattogram,ST06,Walk-in
C01673,21/07/2018,,ST04,Online
C01674,"February 18, 2022",Chattogram,ST01,Walk-in
C01675,"October 27, 2023",dhaka,ST07,Walk-in
C01676,2025-08-01,Chattogram,ST06,Referral
C01677,"April 21, 2020",Khulna,ST04,Referral
C01678,2018-01-24,Sylhet,ST06,Online
C01679,"October 15, 2023",Dhaka,ST14,Social Media
C01680,"January 5, 2018",Rajshahi,ST17,Walk-in
C01681,13/07/2018,Rajshahi,ST11,Walk-in
C01682,2025-12-02,Dhaka,ST02,Referral
C01683,23/11/2024,Sylhet,ST15,Walk-in
C01684,2023-08-29,Sylhet,ST04,Walk-in
C01685,"September 5, 2024",Khulna,ST02,Walk-in
C01686,"August 9, 2018", Dhaka ,ST12,Walk-in
C01687,2018-09-17,Dhaka,ST09,Walk-in
C01688,"May 28, 2020",Chattogram,ST07,Walk-in
C01689,11/03/2018,Dhaka,ST20,Online
C01690,06/02/2025,Chattogram,ST02,Referral
C01691,2018-06-14,Rajshahi,ST02,Social Media
C01692,08/05/2022, Dhaka ,ST12,Walk-in
C01693,2024-10-28,Chattogram,ST09,Walk-in
C01694,17/11/2023,,ST17,Online
C01695,2019-11-17,Chattogram,ST01,Walk-in
C01696,2021-10-05,Chattogram,ST09,Walk-in
C01697,20/05/2022,Sylhet,ST03,Online
C01698,21/02/2024,Dhaka,ST01,Referral
C01699,29/05/2021,Dhaka,ST10,Walk-in
C01700,"April 12, 2020",Rajshahi,ST15,Online
C01701,11/05/2024,Chattogram,ST04,Online
C01702,01/02/2025,dhaka,ST17,Referral
C01703,2021-11-28,Dhaka,ST11,Walk-in
C01704,23/03/2018,KHULNA,ST10,Referral
C01705,01/01/2022,Dhaka,ST19,Referral
C01706,09/02/2025,rajshahi,ST07,Walk-in
C01707,2025-11-28,Chattogram,ST05,Online
C01708,"March 17, 2021",Sylhet,ST16,Online
C01709,15/03/2019,Dhaka,ST03,Walk-in
C01710,"July 29, 2022",Dhaka,ST18,Walk-in
C01711,22/08/2024, Chattogram ,ST17,Walk-in
C01712,"July 22, 2025",Rajshahi,ST20,Referral
C01713,01/06/2018,Dhaka,ST10,Walk-in
C01714,"April 28, 2020",Chattogram,ST13,Online
C01715,"October 26, 2021",Chattogram,ST18,Walk-in
C01716,"October 14, 2018",Dhaka,ST03,Online
C01717,"February 1, 2025",Sylhet,ST07,Online
C01718,"November 24, 2018",Dhaka,ST10,Online
C01719,27/04/2023,Chattogram,ST13,Online
C01720,06/05/2025,Dhaka,ST14,Walk-in
C01721,24/06/2023,Chattogram,ST19,Walk-in
C01722,07/02/2024,Dhaka,ST10,Online
C01723,"February 8, 2020",Chattogram,ST04,Walk-in
C01724,13/08/2024,Chattogram,ST04,Referral
C01725,07/05/2021,,ST17,Online
C01726,2018-06-29,Chattogram,ST10,Referral
C01727,2020-12-06,Khulna,ST13,Walk-in
C01728,2020-10-18,Dhaka,ST12,Online
C01729,2022-03-03,Chattogram,ST17,Walk-in
C01730,2020-02-13,Dhaka,ST05,Social Media
C01731,11/09/2021,Chattogram,ST04,Online
C01732,2021-06-03,Sylhet,ST15,Online
C01733,2020-08-12,,ST09,Online
C01734,"July 26, 2023",sylhet,ST17,Walk-in
C01735,"June 11, 2020",Sylhet,ST03,Online
C01736,2024-02-15,Dhaka,ST06,Referral
C01737,"January 3, 2020",Dhaka,ST20,Walk-in
C01738,2024-11-30,,ST17,Social Media
C01739,"December 1, 2020",Dhaka,ST02,Referral
C01740,2018-04-29,Dhaka,ST17,Social Media
C01741,"March 14, 2019",Barishal,ST02,Referral
C01742,12/06/2024,Barishal,ST03,Walk-in
C01743,2024-12-21,sylhet,ST18,Online
C01744,"September 11, 2019",Chattogram,ST03,Walk-in
C01745,2022-10-25,Khulna,ST07,Referral
C01746,05/08/2022,Dhaka,ST03,Walk-in
C01747,2019-01-26,Chattogram,ST12,Referral
C01748,2021-08-12, Chattogram ,ST02,Walk-in
C01749,2023-07-20,Khulna,ST06,Walk-in
C01750,"September 25, 2025",Khulna,ST07,Walk-in
C01751,11/10/2024,Sylhet,ST13,Online
C01752,2018-10-13,Dhaka,ST10,Walk-in
C01753,"November 25, 2019", Chattogram ,ST04,Walk-in
C01754,2021-06-29,Dhaka,ST10,Walk-in
C01755,16/03/2019, Khulna ,ST10,Walk-in
C01756,25/07/2022,Dhaka,ST08,Social Media
C01757,2018-01-26,Dhaka,ST11,Walk-in
C01758,2018-11-28,Rajshahi,ST07,Walk-in
C01759,2018-05-18,,ST07,Walk-in
C01760,12/05/2020,Khulna,ST16,Walk-in
C01761,2024-02-04,Dhaka,ST06,Walk-in
C01762,2019-06-02,Khulna,ST07,Walk-in
C01763,2025-11-22,Dhaka,ST03,Walk-in
C01764,2020-02-27,Dhaka,ST14,Walk-in
C01765,12/05/2018,chattogram,ST15,Walk-in
C01766,2020-09-06,Dhaka,ST14,Referral
C01767,25/12/2023,,ST04,Walk-in
C01768,08/11/2018,Dhaka,ST10,Online
C01769,2018-07-29,Dhaka,ST06,Online
C01770,16/10/2024,Rajshahi,ST16,Referral
C01771,26/09/2022,Dhaka,ST07,Walk-in
C01772,2020-09-29,Sylhet,ST09,Referral
C01773,"January 17, 2024",Rajshahi,ST10,Referral
C01774,2024-10-01,Dhaka,ST16,Social Media
C01775,"November 14, 2020",Rajshahi,ST15,Referral
C01776,27/06/2022,Dhaka,ST17,Walk-in
C01777,01/02/2018, Chattogram ,ST09,Social Media
C01778,2020-06-12,Dhaka,ST17,Referral
C01779,"October 4, 2022",Khulna,ST18,Walk-in
C01780,30/07/2019,Sylhet,ST11,Walk-in
C01781,04/12/2025,Chattogram,ST14,Social Media
C01782,"October 6, 2025",barishal,ST19,Walk-in
C01783,2020-01-23,DHAKA,ST17,Referral
C01784,03/03/2021,,ST06,Walk-in
C01785,2019-07-08,Rajshahi,ST15,Online
C01786,11/01/2022,,ST09,Walk-in
C01787,2018-12-28,Khulna,ST03,Online
C01788,2021-02-15,Barishal,ST08,Online
C01789,"June 10, 2022",Dhaka,ST20,Social Media
C01790,22/11/2022,,ST20,Walk-in
C01791,"October 8, 2022",Khulna,ST16,Walk-in
C01792,2019-10-09,Sylhet,ST20,Walk-in
C01793,"May 2, 2024",Dhaka,ST12,Walk-in
C01794,"July 13, 2023",Barishal,ST16,Social Media
C01795,2024-01-08,,ST04,Walk-in
C01796,"September 28, 2021",Chattogram,ST06,Walk-in
C01797,"February 19, 2025",Chattogram,ST04,Referral
C01798,"February 12, 2021",Dhaka,ST19,Walk-in
C01799,"June 10, 2024",Rajshahi,ST13,Walk-in
C01800,"August 18, 2019",Dhaka,ST19,Online
C01801,2019-12-24,Rajshahi,ST09,Walk-in
C01802,2022-03-19,Khulna,ST09,Referral
C01803,"June 12, 2022",Dhaka,ST14,Online
C01804,"December 19, 2023",Rajshahi,ST12,Walk-in
C01805,18/05/2020,,ST08,Online
C01806,23/12/2024,Khulna,ST07,Referral
C01807,2020-08-20,Barishal,ST11,Walk-in
C01808,"April 9, 2022",Dhaka,ST02,Online
C01809,2025-06-14,RAJSHAHI,ST04,Walk-in
C01810,"April 25, 2022",Chattogram,ST01,Online
C01811,15/06/2023,Chattogram,ST04,Online
C01812,2025-04-07,Rajshahi,ST04,Walk-in
C01813,16/10/2025,Chattogram,ST02,Walk-in
C01814,29/12/2021,Sylhet,ST02,Walk-in
C01815,2021-05-02,Dhaka,ST17,Online
C01816,30/07/2019,Chattogram,ST04,Online
C01817,"April 19, 2022",Khulna,ST12,Walk-in
C01818,"May 5, 2025",,ST02,Walk-in
C01819,2021-11-23,Sylhet,ST19,Social Media
C01820,"October 14, 2020",DHAKA,ST05,Walk-in
C01821,10/11/2018,Khulna,ST15,Walk-in
C01822,"February 12, 2021",Sylhet,ST13,Walk-in
C01823,23/11/2019, Chattogram ,ST16,Online
C01824,23/10/2025,Dhaka,ST13,Walk-in
C01825,"March 21, 2022",Chattogram,ST11,Referral
C01826,"February 5, 2019",Barishal,ST16,Online
C01827,2018-07-16,Chattogram,ST17,Walk-in
C01828,20/10/2024,Chattogram,ST08,Online
C01829,2025-06-12,Rajshahi,ST19,Walk-in
C01830,2024-02-06,Chattogram,ST20,Walk-in
C01831,"December 28, 2018",Chattogram,ST15,Online
C01832,"October 14, 2018",Dhaka,ST19,Walk-in
C01833,2019-08-02,Dhaka,ST03,Referral
C01834,2024-01-03,Rajshahi,ST11,Online
C01835,"February 13, 2024",khulna,ST14,Walk-in
C01836,12/09/2024,Khulna,ST19,Social Media
C01837,2018-10-11,Khulna,ST03,Online
C01838,"March 24, 2019",,ST17,Walk-in
C01839,13/03/2025, Dhaka ,ST02,Online
C01840,"June 4, 2025",Sylhet,ST08,Social Media
C01841,2023-10-21,,ST14,Walk-in
C01842,06/11/2018,Rajshahi,ST06,Walk-in
C01843,20/07/2018,Chattogram,ST17,Walk-in
C01844,"June 12, 2018",Rajshahi,ST19,Walk-in
C01845,2023-07-14,Rajshahi,ST04,Walk-in
C01846,2024-10-06,,ST06,Online
C01847,2023-01-19,Rajshahi,ST02,Referral
C01848,05/02/2020,Chattogram,ST15,Online
C01849,"January 21, 2024",Dhaka,ST18,Walk-in
C01850,2018-06-22,Chattogram,ST13,Walk-in
C01851,15/08/2024,Dhaka,ST03,Walk-in
C01852,17/02/2025,,ST04,Walk-in
C01853,29/09/2023,Chattogram,ST01,Online
C01854,"January 11, 2025",Chattogram,ST10,Walk-in
C01855,"September 8, 2022",Dhaka,ST15,Referral
C01856,29/09/2021,Sylhet,ST04,Walk-in
C01857,30/07/2020,,ST17,Online
C01858,"May 15, 2025", Dhaka ,ST06,Referral
C01859,"July 30, 2023",,ST11,Online
C01860,11/07/2019,Chattogram,ST14,Referral
C01861,2025-08-26,Chattogram,ST11,Referral
C01862,"June 22, 2018",Dhaka,ST10,Online
C01863,"September 12, 2022",,ST07,Walk-in
C01864,11/07/2019,RAJSHAHI,ST09,Walk-in
C01865,2023-04-24,Khulna,ST05,Referral
C01866,2021-04-19,Dhaka,ST06,Walk-in
C01867,"June 30, 2021",Barishal,ST16,Social Media
C01868,15/05/2023,Rajshahi,ST18,Walk-in
C01869,17/01/2024,Dhaka,ST17,Online
C01870,14/01/2021,Dhaka,ST07,Walk-in
C01871,2025-12-23,Dhaka,ST07,Social Media
C01872,"December 26, 2021",Khulna,ST02,Walk-in
C01873,14/04/2019, Dhaka ,ST06,Walk-in
C01874,19/01/2018, Chattogram ,ST12,Referral
C01875,15/08/2019,Rajshahi,ST06,Walk-in
C01876,11/07/2023,Khulna,ST15,Walk-in
C01877,25/04/2022,Sylhet,ST02,Referral
C01878,13/09/2020,Rajshahi,ST09,Referral
C01879,06/11/2021,Dhaka,ST06,Walk-in
C01880,13/09/2024,Khulna,ST10,Online
C01881,27/07/2022,Dhaka,ST01,Walk-in
C01882,19/06/2018,Dhaka,ST09,Walk-in
C01883,24/05/2018,Barishal,ST16,Online
C01884,08/11/2021,Dhaka,ST18,Walk-in
C01885,2021-03-26,Dhaka,ST06,Walk-in
C01886,19/10/2024,Sylhet,ST09,Walk-in
C01887,30/08/2022,Dhaka,ST14,Referral
C01888,2024-01-20,Dhaka,ST10,Online
C01889,05/09/2022,,ST11,Walk-in
C01890,"October 5, 2020",Rajshahi,ST07,Social Media
C01891,2023-04-04,Rajshahi,ST17,Referral
C01892,2022-12-20,Dhaka,ST13,Walk-in
C01893,"October 5, 2023",,ST20,Social Media
C01894,2019-07-07,Khulna,ST16,Walk-in
C01895,2023-02-17,Dhaka,ST08,Walk-in
C01896,2020-04-13,Dhaka,ST07,Walk-in
C01897,2024-04-26,Dhaka,ST02,Walk-in
C01898,20/05/2024, Chattogram ,ST13,Online
C01899,30/12/2022,Dhaka,ST15,Online
C01900,"July 27, 2025",Rajshahi,ST08,Referral
C01901,"April 19, 2022",Barishal,ST01,Walk-in
C01902,"March 15, 2018",Dhaka,ST17,Walk-in
C01903,"November 6, 2022",Sylhet,ST05,Walk-in
C01904,"March 20, 2024",Dhaka,ST12,Walk-in
C01905,23/10/2018,Dhaka,ST02,Social Media
C01906,02/11/2018,Rajshahi,ST02,Online
C01907,"March 8, 2020",Chattogram,ST18,Referral
C01908,2024-10-01,Barishal,ST14,Online
C01909,2022-03-21,Chattogram,ST01,Walk-in
C01910,"October 22, 2025",Dhaka,ST03,Walk-in
C01911,"December 24, 2024",Chattogram,ST10,Walk-in
C01912,2022-06-09,Dhaka,ST14,Referral
C01913,2023-06-06,Khulna,ST09,Walk-in
C01914,"August 24, 2020",Rajshahi,ST18,Walk-in
C01915,"September 21, 2018",Dhaka,ST14,Online
C01916,"March 10, 2021",Chattogram,ST13,Walk-in
C01917,2022-09-26,Sylhet,ST06,Online
C01918,17/06/2019,Rajshahi,ST14,Walk-in
C01919,2019-10-10,,ST18,Online
C01920,13/02/2018,,ST01,Walk-in
C01921,2023-11-14,Dhaka,ST15,Referral
C01922,2025-03-11,,ST18,Online
C01923,"August 13, 2024",,ST09,Walk-in
C01924,"January 14, 2021",DHAKA,ST16,Referral
C01925,2022-09-29,Chattogram,ST08,Referral
C01926,06/09/2025,Chattogram,ST04,Online
C01927,"September 23, 2022",Dhaka,ST17,Social Media
C01928,13/05/2020,Khulna,ST07,Referral
C01929,2020-09-15,Sylhet,ST16,Walk-in
C01930,2023-10-25,Chattogram,ST07,Walk-in
C01931,27/07/2021,Chattogram,ST08,Walk-in
C01932,10/09/2024,Dhaka,ST14,Online
C01933,28/11/2024,Khulna,ST07,Social Media
C01934,2018-04-15,Sylhet,ST17,Online
C01935,2023-10-14,Chattogram,ST01,Walk-in
C01936,2020-12-16,Khulna,ST01,Social Media
C01937,"February 26, 2022",Khulna,ST02,Online
C01938,2020-02-13,Khulna,ST06,Walk-in
C01939,2020-12-11,Dhaka,ST02,Social Media
C01940,2020-08-22,,ST08,Walk-in
C01941,28/05/2018,RAJSHAHI,ST01,Online
C01942,04/04/2024,Chattogram,ST16,Walk-in
C01943,22/02/2019,Rajshahi,ST04,Social Media
C01944,2021-01-02,Rajshahi,ST20,Walk-in
C01945,"July 18, 2019",Dhaka,ST18,Walk-in
C01946,14/04/2019,Dhaka,ST14,Online
C01947,2020-12-26,Chattogram,ST16,Referral
C01948,"May 6, 2025",Dhaka,ST16,Walk-in
C01949,"July 19, 2025",Sylhet,ST17,Walk-in
C01950,"January 19, 2021",Rajshahi,ST12,Social Media
C01951,"January 15, 2022",,ST13,Referral
C01952,"November 18, 2025",Rajshahi,ST10,Walk-in
C01953,17/11/2019,chattogram,ST13,Walk-in
C01954,21/07/2025,Rajshahi,ST08,Walk-in
C01955,2018-11-05,Dhaka,ST03,Online
C01956,2019-10-22,Rajshahi,ST19,Online
C01957,2020-09-14,Rajshahi,ST14,Referral
C01958,"April 19, 2018",Dhaka,ST15,Walk-in
C01959,2024-07-09,Sylhet,ST06,Referral
C01960,02/11/2024,Khulna,ST16,Walk-in
C01961,2021-01-24,Dhaka,ST11,Referral
C01962,2024-09-08,Rajshahi,ST02,Walk-in
C01963,05/03/2024,Barishal,ST20,Walk-in
C01964,2024-05-29,Khulna,ST20,Walk-in
C01965,2024-06-01,Chattogram,ST18,Walk-in
C01966,02/08/2022,sylhet,ST10,Walk-in
C01967,"November 20, 2018",Barishal,ST05,Online
C01968,2025-05-20,Sylhet,ST01,Referral
C01969,2022-11-13,,ST15,Online
C01970,16/03/2025,Dhaka,ST18,Online
C01971,2025-09-01,rajshahi,ST03,Walk-in
C01972,"July 1, 2019",CHATTOGRAM,ST14,Referral
C01973,"March 20, 2021",Dhaka,ST01,Walk-in
C01974,17/07/2019,DHAKA,ST16,Walk-in
C01975,2018-05-29,Rajshahi,ST01,Walk-in
C01976,2025-09-22,Chattogram,ST20,Walk-in
C01977,2025-05-20,khulna,ST04,Online
C01978,13/06/2025,Rajshahi,ST09,Walk-in
C01979,2025-01-24,Barishal,ST14,Walk-in
C01980,2023-03-10,Khulna,ST17,Referral
C01981,2022-03-05,Dhaka,ST08,Walk-in
C01982,"December 5, 2025",Sylhet,ST20,Online
C01983,"June 1, 2022",Dhaka,ST01,Walk-in
C01984,19/02/2023,Barishal,ST10,Referral
C01985,2019-09-11,dhaka,ST20,Online
C01986,21/12/2023,Sylhet,ST06,Walk-in
C01987,"July 20, 2024",Khulna,ST11,Referral
C01988,05/06/2023,Dhaka,ST09,Walk-in
C01989,2021-12-26,Khulna,ST08,Walk-in
C01990,01/08/2019,Dhaka,ST16,Online
C01991,"April 9, 2018",Chattogram,ST11,Online
C01992,2023-01-06,Chattogram,ST15,Walk-in
C01993,2023-06-18,Chattogram,ST11,Walk-in
C01994,"March 6, 2024",Sylhet,ST20,Walk-in
C01995,07/08/2025,Khulna,ST10,Online
C01996,2021-12-23,Dhaka,ST16,Social Media
C01997,2024-08-18,Sylhet,ST13,Walk-in
C01998,2023-09-23,Khulna,ST17,Social Media
C01999,20/03/2020,rajshahi,ST18,Walk-in
C02000,2024-10-03,DHAKA,ST05,Referral
C02001,2018-06-05,Barishal,ST07,Social Media
C02002,"October 15, 2022",Dhaka,ST07,Online
C02003,"July 8, 2025",Sylhet,ST10,Walk-in
C02004,09/04/2023,Sylhet,ST10,Walk-in
C02005,2025-06-29,Rajshahi,ST01,Walk-in
C02006,"June 13, 2018",,ST18,Online
C02007,2022-04-04,Dhaka,ST18,Social Media
C02008,"March 29, 2024",Rajshahi,ST13,Walk-in
C02009,19/02/2023, Dhaka ,ST07,Walk-in
C02010,15/01/2025,Chattogram,ST17,Walk-in
C02011,12/09/2021,Rajshahi,ST06,Online
C02012,17/06/2023,Sylhet,ST07,Online
C02013,2021-05-10,Dhaka,ST20,Walk-in
C02014,2024-12-21,Dhaka,ST19,Referral
C02015,15/12/2018,Barishal,ST12,Walk-in
C02016,13/01/2020,Chattogram,ST04,Online
C02017,10/10/2018,Dhaka,ST03,Walk-in
C02018,13/08/2023,Dhaka,ST20,Walk-in
C02019,2019-11-11,Dhaka,ST06,Online
C02020,2020-07-15,Barishal,ST14,Online
C02021,2024-09-08,Dhaka,ST08,Walk-in
C02022,2020-11-17,Dhaka,ST10,Referral
C02023,"March 2, 2019",Chattogram,ST20,Online
C02024,2018-03-03,Dhaka,ST12,Walk-in
C02025,24/10/2019,DHAKA,ST09,Social Media
C02026,2025-04-24,Barishal,ST09,Social Media
C02027,"May 21, 2022",Rajshahi,ST05,Walk-in
C02028,14/12/2025,Dhaka,ST12,Social Media
C02029,"September 21, 2019", Chattogram ,ST12,Referral
C02030,2020-10-23,Dhaka,ST02,Walk-in
C02031,"April 22, 2019",,ST09,Online
C02032,09/03/2021,Sylhet,ST13,Walk-in
C02033,2022-07-03,Chattogram,ST02,Online
C02034,2024-06-17,Rajshahi,ST20,Social Media
C02035,2020-12-10,Khulna,ST18,Walk-in
C02036,"March 2, 2024",Dhaka,ST13,Online
C02037,"January 3, 2023",Barishal,ST01,Walk-in
C02038,02/05/2020,Chattogram,ST11,Online
C02039,2025-04-17,Dhaka,ST18,Referral
C02040,"June 21, 2021",Khulna,ST01,Walk-in
C02041,2019-03-17,Dhaka,ST16,Online
C02042,"September 12, 2025",Sylhet,ST17,Walk-in
C02043,"April 21, 2025",Rajshahi,ST02,Online
C02044,25/05/2018,,ST05,Online
C02045,"March 20, 2025",KHULNA,ST15,Online
C02046,29/07/2025,Dhaka,ST19,Walk-in
C02047,"August 17, 2024",Khulna,ST16,Online
C02048,"January 15, 2020",Dhaka,ST11,Online
C02049,18/01/2023,Dhaka,ST13,Online
C02050,"April 21, 2022",Chattogram,ST11,Online
C02051,"December 16, 2022",Khulna,ST12,Referral
C02052,2022-12-06,dhaka,ST16,Walk-in
C02053,10/02/2023,Khulna,ST01,Walk-in
C02054,"February 9, 2022",Dhaka,ST05,Social Media
C02055,10/07/2023,Chattogram,ST02,Walk-in
C02056,2022-03-18,Chattogram,ST16,Social Media
C02057,2018-02-18,Dhaka,ST15,Online
C02058,2018-04-14,BARISHAL,ST02,Social Media
C02059,2025-08-29,chattogram,ST03,Online
C02060,"April 9, 2025",Rajshahi,ST06,Referral
C02061,06/09/2022,Sylhet,ST05,Online
C02062,2019-05-25,Chattogram,ST11,Online
C02063,"March 31, 2024",Sylhet,ST10,Walk-in
C02064,2019-02-23,Khulna,ST08,Walk-in
C02065,"January 6, 2021",Rajshahi,ST04,Walk-in
C02066,21/08/2020,Chattogram,ST13,Social Media
C02067,2018-02-06,Sylhet,ST16,Walk-in
C02068,14/06/2024,Sylhet,ST13,Referral
C02069,2022-01-28,Chattogram,ST17,Online
C02070,"July 12, 2020",Sylhet,ST19,Walk-in
C02071,20/01/2022, Chattogram ,ST17,Social Media
C02072,01/01/2018,Rajshahi,ST14,Walk-in
C02073,"June 30, 2021", Barishal ,ST01,Online
C02074,"February 26, 2022",Barishal,ST07,Walk-in
C02075,2020-09-18,,ST09,Walk-in
C02076,21/08/2024,Sylhet,ST15,Walk-in
C02077,"December 31, 2019",Rajshahi,ST17,Online
C02078,07/02/2019,Dhaka,ST13,Walk-in
C02079,2022-03-21,Chattogram,ST08,Referral
C02080,"February 3, 2025",,ST16,Online
C02081,2020-12-31,Dhaka,ST14,Walk-in
C02082,17/05/2018,Barishal,ST16,Walk-in
C02083,2025-10-03,Khulna,ST12,Walk-in
C02084,2021-07-21,Chattogram,ST13,Referral
C02085,"May 20, 2019",,ST07,Online
C02086,03/12/2022,Rajshahi,ST08,Walk-in
C02087,2020-07-22,Chattogram,ST06,Online
C02088,2025-07-01,Khulna,ST06,Walk-in
C02089,2020-05-08,Barishal,ST14,Online
C02090,2022-05-26,Dhaka,ST08,Walk-in
C02091,06/05/2022,Dhaka,ST03,Walk-in
C02092,"December 9, 2019",DHAKA,ST01,Walk-in
C02093,"December 28, 2021",Dhaka,ST18,Online
C02094,2018-11-15,Chattogram,ST09,Online
C02095,"February 23, 2023",,ST12,Walk-in
C02096,"January 24, 2024",,ST19,Walk-in
C02097,06/08/2025,DHAKA,ST03,Online
C02098,09/08/2020,Dhaka,ST19,Walk-in
C02099,12/04/2020,Rajshahi,ST15,Online
C02100,"May 22, 2022",Dhaka,ST13,Walk-in
C02101,"July 16, 2023",Khulna,ST09,Walk-in
C02102,2025-12-07,Dhaka,ST15,Online
C02103,"March 15, 2018",Dhaka,ST05,Walk-in
C02104,"November 27, 2019",Dhaka,ST07,Online
C02105,06/02/2020,Rajshahi,ST20,Walk-in
C02106,16/01/2020,Dhaka,ST06,Walk-in
C02107,"September 16, 2021", Chattogram ,ST15,Online
C02108,23/12/2024,Dhaka,ST19,Walk-in
C02109,01/04/2018,Barishal,ST12,Online
C02110,"July 10, 2024",Dhaka,ST06,Referral
C02111,"December 9, 2022",Chattogram,ST17,Social Media
C02112,02/12/2022,Khulna,ST17,Walk-in
C02113,2023-06-04,Dhaka,ST11,Walk-in
C02114,2018-12-03,DHAKA,ST03,Walk-in
C02115,"December 21, 2023",Khulna,ST09,Referral
C02116,26/12/2019,Dhaka,ST09,Walk-in
C02117,2022-02-17,Dhaka,ST04,Walk-in
C02118,2023-05-31,Chattogram,ST09,Online
C02119,"October 30, 2022",Dhaka,ST04,Walk-in
C02120,2020-08-01, Khulna ,ST14,Online
C02121,2021-03-02,,ST09,Walk-in
C02122,23/10/2021,Sylhet,ST15,Online
C02123,2018-05-01,Dhaka,ST10,Online
C02124,"October 22, 2023",Rajshahi,ST15,Walk-in
C02125,2018-10-19,Rajshahi,ST15,Online
C02126,2021-09-01,Dhaka,ST04,Online
C02127,28/03/2023,,ST09,Walk-in
C02128,"August 23, 2018",Sylhet,ST15,Referral
C02129,"December 17, 2025",Rajshahi,ST12,Referral
C02130,"January 6, 2021",Dhaka,ST05,Social Media
C02131,2018-02-16,Dhaka,ST17,Online
C02132,2023-04-08,,ST04,Walk-in
C02133,2022-06-17,Rajshahi,ST20,Walk-in
C02134,13/02/2023,Chattogram,ST15,Walk-in
C02135,02/01/2024,Dhaka,ST07,Walk-in
C02136,"October 20, 2021",,ST04,Walk-in
C02137,11/08/2024,Dhaka,ST19,Walk-in
C02138,"December 16, 2020",Dhaka,ST11,Walk-in
C02139,11/05/2022,Sylhet,ST17,Referral
C02140,"April 8, 2019",Dhaka,ST17,Walk-in
C02141,16/12/2022,Dhaka,ST02,Online
C02142,"February 3, 2020", Dhaka ,ST14,Referral
C02143,"July 28, 2023",Khulna,ST07,Online
C02144,2024-05-28,dhaka,ST19,Walk-in
C02145,2024-11-13,Sylhet,ST05,Online
C02146,2025-06-05,Barishal,ST01,Referral
C02147,"December 24, 2018",Sylhet,ST14,Referral
C02148,07/02/2019,Chattogram,ST12,Walk-in
C02149,28/05/2025, Chattogram ,ST12,Walk-in
C02150,17/01/2021,chattogram,ST06,Online
C02151,17/03/2018,Sylhet,ST10,Walk-in
C02152,18/04/2020,Barishal,ST20,Referral
C02153,07/09/2024,Rajshahi,ST16,Online
C02154,02/11/2020,Chattogram,ST20,Referral
C02155,13/08/2018,,ST07,Social Media
C02156,2023-10-10,Khulna,ST18,Online
C02157,"July 23, 2019", Dhaka ,ST08,Social Media
C02158,"October 27, 2020",Khulna,ST19,Online
C02159,"January 12, 2018",Dhaka,ST18,Walk-in
C02160,24/10/2022,Rajshahi,ST04,Referral
C02161,"July 24, 2021",Khulna,ST20,Online
C02162,"December 6, 2024",Chattogram,ST13,Social Media
C02163,2020-09-03,Dhaka,ST16,Walk-in
C02164,2019-08-21,khulna,ST12,Walk-in
C02165,30/04/2019,,ST05,Referral
C02166,2019-08-08,Dhaka,ST20,Walk-in
C02167,"August 10, 2021",Chattogram,ST03,Online
C02168,"September 12, 2018",Chattogram,ST17,Online
C02169,2021-03-20,Rajshahi,ST05,Walk-in
C02170,2024-10-31,Dhaka,ST16,Walk-in
C02171,"February 20, 2024",Chattogram,ST09,Referral
C02172,04/02/2023,Khulna,ST05,Walk-in
C02173,20/02/2025,Dhaka,ST05,Online
C02174,28/03/2024,CHATTOGRAM,ST07,Online
C02175,21/03/2023,Sylhet,ST19,Online
C02176,25/11/2024,Khulna,ST16,Walk-in
C02177,30/12/2018,SYLHET,ST14,Walk-in
C02178,"July 17, 2024",Khulna,ST13,Referral
C02179,2020-05-12,Dhaka,ST09,Walk-in
C02180,"November 11, 2023",Chattogram,ST19,Walk-in
C02181,2025-04-20,Barishal,ST06,Social Media
C02182,"December 19, 2021",Khulna,ST19,Walk-in
C02183,2018-09-17,SYLHET,ST08,Walk-in
C02184,"December 17, 2020",Chattogram,ST07,Social Media
C02185,2021-04-03,Chattogram,ST10,Walk-in
C02186,28/06/2025,Dhaka,ST15,Walk-in
C02187,2025-07-15,Khulna,ST15,Walk-in
C02188,"July 18, 2022",Khulna,ST16,Referral
C02189,07/08/2025,Chattogram,ST02,Referral
C02190,2021-06-27,Dhaka,ST04,Referral
C02191,"April 15, 2021",Dhaka,ST17,Social Media
C02192,08/09/2024,Dhaka,ST20,Walk-in
C02193,2023-05-03,Rajshahi,ST03,Online
C02194,06/03/2022,Sylhet,ST19,Walk-in
C02195,26/08/2021,dhaka,ST06,Social Media
C02196,2023-08-23,Sylhet,ST20,Social Media
C02197,"January 10, 2024",Barishal,ST20,Walk-in
C02198,03/12/2021,Dhaka,ST13,Referral
C02199,"April 3, 2018",Chattogram,ST04,Online
C02200,2018-10-25,Chattogram,ST16,Walk-in
C02201,25/02/2019,Dhaka,ST03,Online
C02202,11/09/2021,Chattogram,ST07,Social Media
C02203,29/11/2022,Sylhet,ST13,Walk-in
C02204,"June 5, 2024",Dhaka,ST02,Walk-in
C02205,2019-11-11,Dhaka,ST08,Social Media
C02206,2024-04-15,,ST16,Walk-in
C02207,29/04/2023,dhaka,ST02,Walk-in
C02208,31/05/2018,Sylhet,ST08,Online
C02209,2020-10-22, Sylhet ,ST01,Online
C02210,02/06/2020,Khulna,ST14,Walk-in
C02211,2025-02-02,Rajshahi,ST02,Walk-in
C02212,2025-05-13,Khulna,ST06,Referral
C02213,"July 20, 2024",Sylhet,ST11,Walk-in
C02214,2022-03-22,Chattogram,ST05,Online
C02215,2021-12-10,Chattogram,ST05,Referral
C02216,"June 28, 2020",Chattogram,ST17,Walk-in
C02217,2024-03-06,Chattogram,ST16,Referral
C02218,2018-09-09,Dhaka,ST02,Referral
C02219,2020-03-02,chattogram,ST18,Social Media
C02220,2019-01-30,Chattogram,ST10,Walk-in
C02221,"December 14, 2021",DHAKA,ST03,Walk-in
C02222,25/05/2020,,ST19,Online
C02223,"July 31, 2019",Rajshahi,ST07,Social Media
C02224,"January 4, 2021",Sylhet,ST07,Social Media
C02225,2024-11-18,Khulna,ST03,Walk-in
C02226,"June 18, 2022",Chattogram,ST18,Online
C02227,31/07/2024,Khulna,ST06,Walk-in
C02228,22/04/2025,Rajshahi,ST12,Online
C02229,19/03/2025,Dhaka,ST05,Referral
C02230,21/10/2020,Barishal,ST18,Referral
C02231,2025-01-06,,ST16,Walk-in
C02232,"April 9, 2025",Sylhet,ST11,Social Media
C02233,03/09/2025,Rajshahi,ST07,Walk-in
C02234,"October 21, 2020",Dhaka,ST14,Walk-in
C02235,2019-10-29,sylhet,ST10,Online
C02236,2022-09-03,Chattogram,ST19,Online
C02237,13/06/2025,Dhaka,ST14,Referral
C02238,2025-03-14,Dhaka,ST01,Online
C02239,2022-07-26,Dhaka,ST17,Walk-in
C02240,12/03/2019,Dhaka,ST04,Walk-in
C02241,2021-05-18,sylhet,ST07,Online
C02242,17/09/2023,Chattogram,ST09,Online
C02243,25/06/2022,Chattogram,ST05,Online
C02244,05/10/2020,rajshahi,ST19,Walk-in
C02245,2020-09-27,Dhaka,ST20,Walk-in
C02246,2018-06-24,Dhaka,ST04,Referral
C02247,22/04/2020,Rajshahi,ST07,Walk-in
C02248,2023-05-09,Khulna,ST08,Online
C02249,06/12/2019, Chattogram ,ST14,Walk-in
C02250,"December 10, 2025",Dhaka,ST12,Walk-in
C02251,29/08/2018,Rajshahi,ST14,Walk-in
C02252,2022-09-16,Khulna,ST01,Walk-in
C02253,2021-12-20,Chattogram,ST11,Online
C02254,"August 30, 2024",Dhaka,ST05,Walk-in
C02255,05/02/2025,Dhaka,ST05,Walk-in
C02256,06/05/2022,,ST16,Social Media
C02257,"January 15, 2023",Khulna,ST03,Walk-in
C02258,2023-08-03,Rajshahi,ST01,Online
C02259,"March 2, 2022",DHAKA,ST10,Walk-in
C02260,"June 24, 2019",Sylhet,ST15,Walk-in
C02261,"June 5, 2021",Khulna,ST11,Walk-in
C02262,07/12/2019,Chattogram,ST04,Referral
C02263,"September 18, 2021",Khulna,ST16,Walk-in
C02264,02/12/2022,Chattogram,ST08,Online
C02265,2019-09-04,Dhaka,ST15,Social Media
C02266,2019-12-30,Sylhet,ST05,Walk-in
C02267,"July 30, 2024",Chattogram,ST19,Online
C02268,"January 7, 2021", Barishal ,ST06,Walk-in
C02269,2019-08-03,,ST20,Walk-in
C02270,"September 14, 2023",Chattogram,ST08,Referral
C02271,"September 24, 2023",Chattogram,ST15,Walk-in
C02272,09/08/2024,CHATTOGRAM,ST11,Social Media
C02273,2024-01-29, Chattogram ,ST02,Online
C02274,"December 6, 2025",Rajshahi,ST02,Walk-in
C02275,2022-08-06, Chattogram ,ST09,Walk-in
C02276,17/04/2020,Chattogram,ST04,Online
C02277,24/11/2024,Sylhet,ST13,Walk-in
C02278,"February 13, 2020",Dhaka,ST03,Walk-in
C02279,2020-04-29,Sylhet,ST12,Walk-in
C02280,"August 16, 2024",Chattogram,ST05,Walk-in
C02281,"January 18, 2025",Chattogram,ST04,Social Media
C02282,17/09/2020,,ST08,Walk-in
C02283,31/10/2023, Rajshahi ,ST12,Walk-in
C02284,"May 17, 2025",Khulna,ST08,Referral
C02285,2024-05-21,,ST07,Online
C02286,2018-01-15,Dhaka,ST07,Referral
C02287,2023-04-25,RAJSHAHI,ST07,Social Media
C02288,12/05/2019,Sylhet,ST09,Walk-in
C02289,07/10/2024,Sylhet,ST17,Walk-in
C02290,"July 15, 2018",Sylhet,ST12,Online
C02291,09/12/2025,Rajshahi,ST09,Walk-in
C02292,2019-06-02,Dhaka,ST15,Online
C02293,11/05/2021,Sylhet,ST11,Walk-in
C02294,15/11/2019,Dhaka,ST19,Social Media
C02295,04/07/2024,Chattogram,ST12,Online
C02296,23/02/2021,Sylhet,ST05,Online
C02297,"December 15, 2023",,ST12,Walk-in
C02298,"July 16, 2018",Chattogram,ST16,Social Media
C02299,"August 15, 2021",Khulna,ST05,Online
C02300,2025-04-14,Rajshahi,ST05,Referral
C02301,"May 30, 2025",Chattogram,ST12,Referral
C02302,2019-09-02,Barishal,ST18,Walk-in
C02303,2021-02-25,CHATTOGRAM,ST07,Walk-in
C02304,09/04/2021,Rajshahi,ST11,Walk-in
C02305,"July 10, 2022",Dhaka,ST14,Online
C02306,2022-04-19, Dhaka ,ST14,Online
C02307,"November 6, 2018",Dhaka,ST03,Walk-in
C02308,2024-02-05,Dhaka,ST08,Social Media
C02309,22/10/2019,Chattogram,ST20,Walk-in
C02310,"July 8, 2020",Dhaka,ST18,Referral
C02311,2024-09-20,Sylhet,ST16,Walk-in
C02312,2023-07-07,Dhaka,ST01,Walk-in
C02313,"March 3, 2021",,ST09,Walk-in
C02314,18/04/2025,Barishal,ST02,Online
C02315,"February 24, 2021",Sylhet,ST07,Referral
C02316,"July 10, 2022",Barishal,ST18,Walk-in
C02317,"December 20, 2019",Chattogram,ST08,Online
C02318,2019-06-19,Dhaka,ST04,Online
C02319,2021-12-06,Sylhet,ST15,Walk-in
C02320,2022-07-03,Sylhet,ST16,Online
C02321,10/06/2024,dhaka,ST14,Walk-in
C02322,15/02/2021,Khulna,ST17,Referral
C02323,2025-02-26,Sylhet,ST15,Online
C02324,09/11/2022,Rajshahi,ST13,Walk-in
C02325,24/07/2018,,ST18,Referral
C02326,29/11/2023,Sylhet,ST07,Walk-in
C02327,"August 6, 2022",,ST10,Social Media
C02328,10/02/2021,Barishal,ST12,Online
C02329,"September 26, 2021",Chattogram,ST14,Walk-in
C02330,31/05/2020,Dhaka,ST10,Online
C02331,29/11/2022,Dhaka,ST09,Walk-in
C02332,"July 14, 2022",sylhet,ST04,Referral
C02333,30/07/2021,,ST13,Social Media
C02334,2020-04-12,Khulna,ST03,Online
C02335,10/03/2021,Rajshahi,ST10,Online
C02336,2021-12-24,,ST09,Online
C02337,2021-10-09,Rajshahi,ST16,Walk-in
C02338,"June 22, 2020",Dhaka,ST10,Walk-in
C02339,"August 27, 2022",sylhet,ST01,Social Media
C02340,24/10/2019,dhaka,ST11,Walk-in
C02341,2022-01-02,Dhaka,ST05,Walk-in
C02342,21/12/2018,Chattogram,ST08,Walk-in
C02343,10/10/2021,Dhaka,ST06,Social Media
C02344,08/04/2024,Barishal,ST04,Social Media
C02345,16/07/2024,Barishal,ST19,Walk-in
C02346,"July 22, 2023",Chattogram,ST06,Walk-in
C02347,"December 18, 2023",Rajshahi,ST11,Referral
C02348,12/07/2018,,ST17,Walk-in
C02349,23/09/2020,Dhaka,ST08,Social Media
C02350,"March 26, 2023",Dhaka,ST19,Social Media
C02351,26/05/2024,Dhaka,ST09,Referral
C02352,2022-08-29,Dhaka,ST19,Walk-in
C02353,"October 28, 2024",Dhaka,ST10,Online
C02354,"March 8, 2020",,ST01,Social Media
C02355,2019-03-25,Dhaka,ST18,Walk-in
C02356,2018-09-10,Khulna,ST18,Referral
C02357,2022-08-29,Dhaka,ST20,Walk-in
C02358,"April 27, 2023",,ST03,Social Media
C02359,2020-04-13,Chattogram,ST17,Online
C02360,07/04/2024,chattogram,ST07,Walk-in
C02361,2023-11-29,,ST17,Walk-in
C02362,"November 17, 2020",Dhaka,ST20,Walk-in
C02363,2019-11-29,SYLHET,ST04,Walk-in
C02364,"December 8, 2023",Sylhet,ST08,Social Media
C02365,2023-05-15,Rajshahi,ST06,Walk-in
C02366,14/05/2019,Sylhet,ST07,Social Media
C02367,"January 15, 2020",Chattogram,ST12,Walk-in
C02368,2021-11-20,Chattogram,ST09,Online
C02369,01/02/2022,,ST14,Social Media
C02370,2019-04-30,Chattogram,ST14,Online
C02371,"August 2, 2025",Dhaka,ST05,Referral
C02372,"February 8, 2021",Dhaka,ST01,Social Media
C02373,18/01/2021,RAJSHAHI,ST15,Online
C02374,26/06/2018,Dhaka,ST04,Referral
C02375,"January 1, 2025",Dhaka,ST04,Walk-in
C02376,2019-11-18,,ST13,Walk-in
C02377,21/11/2025,,ST06,Walk-in
C02378,2021-12-19,Khulna,ST04,Referral
C02379,29/12/2024,Barishal,ST07,Online
C02380,08/06/2019,Barishal,ST11,Online
C02381,2019-04-30,Chattogram,ST17,Social Media
C02382,"May 28, 2024",Dhaka,ST20,Walk-in
C02383,21/07/2024,Sylhet,ST15,Social Media
C02384,05/05/2022,Sylhet,ST18,Walk-in
C02385,"April 4, 2018",Sylhet,ST11,Walk-in
C02386,2025-07-18, Dhaka ,ST09,Online
C02387,22/02/2021,Dhaka,ST17,Walk-in
C02388,26/06/2025,Dhaka,ST07,Online
C02389,2024-12-17,Dhaka,ST17,Referral
C02390,22/10/2024,Dhaka,ST20,Referral
C02391,05/07/2023,Barishal,ST08,Walk-in
C02392,20/05/2023,Dhaka,ST13,Walk-in
C02393,05/04/2022,Sylhet,ST16,Walk-in
C02394,2018-03-14,Barishal,ST16,Walk-in
C02395,"February 6, 2021", Chattogram ,ST05,Walk-in
C02396,"November 4, 2023",Chattogram,ST20,Walk-in
C02397,2024-06-29,RAJSHAHI,ST11,Referral
C02398,22/06/2022,Dhaka,ST01,Social Media
C02399,03/09/2023,Chattogram,ST03,Referral
C02400,2018-03-05,Khulna,ST15,Walk-in
C02401,2021-09-29,Rajshahi,ST09,Online
C02402,2022-01-22,Khulna,ST03,Walk-in
C02403,19/02/2025,Barishal,ST11,Walk-in
C02404,27/06/2020,Chattogram,ST12,Walk-in
C02405,"November 3, 2019",Rajshahi,ST02,Social Media
C02406,2020-10-25,Sylhet,ST08,Online
C02407,"May 13, 2019",Sylhet,ST10,Walk-in
C02408,19/06/2022,RAJSHAHI,ST16,Online
C02409,2023-02-20,Rajshahi,ST14,Social Media
C02410,"May 28, 2024",Khulna,ST02,Walk-in
C02411,2025-10-09,DHAKA,ST13,Referral
C02412,2018-08-03,Sylhet,ST19,Walk-in
C02413,"December 23, 2019",Dhaka,ST02,Walk-in
C02414,2020-05-28, Sylhet ,ST20,Referral
C02415,2019-12-31,Rajshahi,ST02,Walk-in
C02416,"August 12, 2024",Rajshahi,ST13,Online
C02417,"February 12, 2019",CHATTOGRAM,ST08,Walk-in
C02418,"March 28, 2018",Chattogram,ST15,Online
C02419,17/11/2024,Dhaka,ST17,Online
C02420,2025-09-08,Dhaka,ST18,Referral
C02421,2019-10-24,Dhaka,ST18,Referral
C02422,"August 29, 2020",Khulna,ST17,Online
C02423,"January 9, 2022",Dhaka,ST07,Walk-in
C02424,2022-03-16,Barishal,ST10,Walk-in
C02425,2025-12-03,Dhaka,ST15,Online
C02426,2021-03-26,Rajshahi,ST04,Walk-in
C02427,05/02/2018,SYLHET,ST12,Walk-in
C02428,2021-05-19,Rajshahi,ST11,Social Media
C02429,2022-06-13,Sylhet,ST20,Walk-in
C02430,"February 18, 2022", Rajshahi ,ST01,Walk-in
C02431,2022-02-04,Khulna,ST02,Social Media
C02432,18/05/2025,Sylhet,ST01,Online
C02433,15/06/2024,Dhaka,ST11,Online
C02434,"January 5, 2020",,ST12,Walk-in
C02435,"November 3, 2020",Rajshahi,ST12,Walk-in
C02436,"May 4, 2023",Chattogram,ST05,Online
C02437,13/04/2021,,ST07,Walk-in
C02438,"June 4, 2021",Sylhet,ST09,Online
C02439,"May 6, 2019",Chattogram,ST01,Walk-in
C02440,2020-01-13,Rajshahi,ST16,Walk-in
C02441,"December 4, 2023",Rajshahi,ST02,Walk-in
C02442,2024-09-27,Rajshahi,ST14,Walk-in
C02443,2024-04-10,Rajshahi,ST10,Walk-in
C02444,17/06/2020,Khulna,ST20,Referral
C02445,"February 4, 2019",Sylhet,ST14,Online
C02446,"April 12, 2019",Barishal,ST10,Walk-in
C02447,"February 22, 2021",Dhaka,ST15,Online
C02448,"February 20, 2022",Sylhet,ST03,Walk-in
C02449,2025-02-20,Rajshahi,ST04,Walk-in
C02450,"March 9, 2025",Chattogram,ST10,Referral
C02451,"January 8, 2018",,ST18,Online
C02452,"August 29, 2023",,ST17,Online
C02453,2020-05-22,Chattogram,ST08,Walk-in
C02454,01/08/2019,Khulna,ST06,Walk-in
C02455,09/06/2022,Chattogram,ST20,Referral
C02456,10/04/2018,Dhaka,ST12,Online
C02457,02/09/2020,,ST03,Online
C02458,"June 1, 2022",Chattogram,ST05,Social Media
C02459,"March 5, 2020",Dhaka,ST17,Walk-in
C02460,2022-09-29,Sylhet,ST18,Referral
C02461,2021-09-05,Chattogram,ST19,Online
C02462,23/05/2024,Dhaka,ST01,Walk-in
C02463,2019-06-15,Sylhet,ST17,Walk-in
C02464,"June 16, 2018", Sylhet ,ST03,Online
C02465,27/03/2022,Rajshahi,ST17,Walk-in
C02466,"January 21, 2020",Chattogram,ST18,Online
C02467,2023-08-26,Dhaka,ST08,Online
C02468,"September 30, 2018",,ST04,Walk-in
C02469,"August 7, 2022",sylhet,ST15,Online
C02470,30/11/2025,Dhaka,ST02,Online
C02471,"September 29, 2018",Khulna,ST12,Walk-in
C02472,2020-05-31,Dhaka,ST07,Referral
C02473,01/10/2024,,ST09,Walk-in
C02474,08/04/2022,Rajshahi,ST17,Social Media
C02475,26/05/2019,Barishal,ST20,Walk-in
C02476,"September 15, 2019",Barishal,ST09,Walk-in
C02477,"February 12, 2024",Dhaka,ST06,Online
C02478,18/11/2024,Rajshahi,ST17,Walk-in
C02479,2020-11-18,,ST09,Walk-in
C02480,"October 15, 2021",Sylhet,ST04,Walk-in
C02481,04/04/2024,Sylhet,ST19,Online
C02482,01/06/2019,Dhaka,ST20,Online
C02483,26/08/2019,Dhaka,ST06,Walk-in
C02484,11/03/2024,Dhaka,ST04,Walk-in
C02485,2019-06-30,dhaka,ST04,Walk-in
C02486,"February 29, 2024",Dhaka,ST12,Social Media
C02487,22/12/2021,Khulna,ST07,Walk-in
C02488,30/11/2025,Chattogram,ST13,Online
C02489,"April 7, 2018",Rajshahi,ST16,Walk-in
C02490,25/07/2025,Khulna,ST01,Online
C02491,"October 20, 2019",Rajshahi,ST18,Social Media
C02492,13/04/2018,CHATTOGRAM,ST01,Walk-in
C02493,"October 16, 2023",Khulna,ST03,Online
C02494,2022-04-04,Rajshahi,ST15,Walk-in
C02495,11/09/2024,Rajshahi,ST13,Online
C02496,"November 13, 2018",Khulna,ST20,Walk-in
C02497,24/08/2018,sylhet,ST12,Walk-in
C02498,"July 15, 2022",Chattogram,ST09,Walk-in
C02499,"January 19, 2025",Khulna,ST14,Walk-in
C02500,30/03/2021,Chattogram,ST16,Social Media
C02501,17/05/2024,Khulna,ST14,Referral
C02502,31/03/2025,Dhaka,ST08,Walk-in
C02503,2024-12-14,Dhaka,ST20,Online
C02504,2022-01-25,Chattogram,ST07,Online
C02505,"August 2, 2023",Dhaka,ST07,Walk-in
C02506,"March 15, 2022",Barishal,ST06,Walk-in
C02507,"May 23, 2023",Dhaka,ST06,Online
C02508,2022-07-14,Rajshahi,ST05,Walk-in
C02509,"March 14, 2022",Dhaka,ST12,Online
C02510,2021-06-29,Barishal,ST15,Walk-in
C02511,22/03/2023,Chattogram,ST09,Walk-in
C02512,2024-01-03,Dhaka,ST19,Online
C02513,"May 7, 2025",Dhaka,ST10,Online
C02514,26/11/2022,Sylhet,ST10,Social Media
C02515,21/10/2018, Barishal ,ST02,Walk-in
C02516,"September 12, 2022",Barishal,ST19,Online
C02517,2020-07-11,dhaka,ST03,Social Media
C02518,20/03/2018,Chattogram,ST04,Online
C02519,2018-07-31,Dhaka,ST19,Social Media
C02520,"September 23, 2022",Chattogram,ST11,Social Media
C02521,"July 21, 2025",Sylhet,ST02,Referral
C02522,2022-01-16,DHAKA,ST09,Social Media
C02523,24/07/2021,Sylhet,ST12,Online
C02524,16/09/2018,Khulna,ST01,Walk-in
C02525,2023-05-27,Dhaka,ST16,Social Media
C02526,2018-06-11,Dhaka,ST14,Referral
C02527,"September 22, 2024", Dhaka ,ST01,Walk-in
C02528,"July 11, 2024",Dhaka,ST13,Walk-in
C02529,03/12/2025,Dhaka,ST05,Walk-in
C02530,2020-04-10,Sylhet,ST15,Referral
C02531,2019-04-18,Dhaka,ST08,Walk-in
C02532,"May 24, 2020",Rajshahi,ST05,Walk-in
C02533,23/05/2024,Khulna,ST11,Online
C02534,2019-10-01,Barishal,ST09,Walk-in
C02535,2025-02-04,Sylhet,ST07,Social Media
C02536,"March 27, 2019",Dhaka,ST18,Walk-in
C02537,2018-05-23,Dhaka,ST13,Walk-in
C02538,03/10/2019,Dhaka,ST10,Walk-in
C02539,2024-01-11,Barishal,ST05,Referral
C02540,25/10/2022,,ST12,Online
C02541,01/11/2020,Chattogram,ST01,Walk-in
C02542,2023-03-31,Dhaka,ST18,Walk-in
C02543,2023-03-09,Chattogram,ST01,Social Media
C02544,"June 8, 2022",,ST14,Referral
C02545,2022-02-10,Barishal,ST07,Online
C02546,"October 24, 2018",Dhaka,ST15,Walk-in
C02547,"January 29, 2020",,ST08,Social Media
C02548,2022-03-21,Chattogram,ST01,Online
C02549,30/01/2019,DHAKA,ST19,Walk-in
C02550,"October 21, 2021",,ST16,Social Media
C02551,"December 8, 2018",Khulna,ST01,Referral
C02552,2024-04-17,Dhaka,ST01,Online
C02553,2018-10-29,Sylhet,ST11,Referral
C02554,2018-09-28, Chattogram ,ST20,Walk-in
C02555,"February 6, 2023",Dhaka,ST12,Online
C02556,"October 6, 2019",dhaka,ST01,Walk-in
C02557,23/10/2020,dhaka,ST14,Online
C02558,06/07/2020,Dhaka,ST09,Walk-in
C02559,2019-09-25,,ST13,Walk-in
C02560,"February 3, 2024",Khulna,ST08,Social Media
C02561,"July 14, 2023",Rajshahi,ST01,Walk-in
C02562,2019-11-29,Barishal,ST01,Referral
C02563,29/06/2023,Chattogram,ST13,Walk-in
C02564,2023-09-15,Rajshahi,ST13,Walk-in
C02565,24/04/2022,Sylhet,ST07,Walk-in
C02566,16/08/2022, Dhaka ,ST02,Walk-in
C02567,2025-06-23,Dhaka,ST16,Walk-in
C02568,18/08/2021,Chattogram,ST04,Walk-in
C02569,"January 30, 2021",,ST04,Online
C02570,23/04/2022,Chattogram,ST10,Walk-in
C02571,"September 6, 2024",Dhaka,ST15,Walk-in
C02572,03/09/2023,Barishal,ST20,Walk-in
C02573,2018-08-08,Dhaka,ST13,Walk-in
C02574,03/09/2021,,ST20,Walk-in
C02575,01/12/2023,Khulna,ST14,Walk-in
C02576,2019-10-16,khulna,ST17,Online
C02577,26/11/2025,Rajshahi,ST04,Online
C02578,17/06/2024,DHAKA,ST02,Referral
C02579,08/10/2024,Sylhet,ST14,Referral
C02580,27/08/2018,Rajshahi,ST20,Online
C02581,20/08/2022,Rajshahi,ST15,Walk-in
C02582,"March 22, 2022",,ST07,Walk-in
C02583,"January 5, 2023",Dhaka,ST10,Online
C02584,2024-10-18,Dhaka,ST03,Walk-in
C02585,28/10/2020, Chattogram ,ST07,Walk-in
C02586,09/04/2022,Sylhet,ST14,Social Media
C02587,08/06/2023,Khulna,ST04,Walk-in
C02588,2024-01-09,Rajshahi,ST10,Walk-in
C02589,2024-02-28,,ST06,Social Media
C02590,2020-09-10,Dhaka,ST10,Walk-in
C02591,24/12/2025,Chattogram,ST16,Walk-in
C02592,29/01/2018,Dhaka,ST18,Walk-in
C02593,"December 8, 2021", Dhaka ,ST09,Walk-in
C02594,"November 13, 2022",Dhaka,ST17,Social Media
C02595,29/06/2018,Dhaka,ST15,Online
C02596,2021-08-10,Dhaka,ST19,Walk-in
C02597,2022-10-06,Sylhet,ST15,Walk-in
C02598,"November 10, 2022",Dhaka,ST12,Walk-in
C02599,14/12/2018,Dhaka,ST14,Online
C02600,2020-03-21,Dhaka,ST07,Walk-in
C02601,"December 16, 2019",Sylhet,ST14,Walk-in
C02602,2023-02-12,,ST15,Online
C02603,2020-08-18,Dhaka,ST13,Referral
C02604,27/07/2022,DHAKA,ST03,Social Media
C02605,05/11/2023,Barishal,ST11,Referral
C02606,17/05/2024,Sylhet,ST15,Online
C02607,21/06/2019, Rajshahi ,ST04,Referral
C02608,"March 23, 2025",Chattogram,ST16,Social Media
C02609,2019-04-29,Khulna,ST17,Walk-in
C02610,2018-03-05,Khulna,ST11,Walk-in
C02611,2018-05-12,Chattogram,ST20,Walk-in
C02612,"August 11, 2019",Rajshahi,ST18,Social Media
C02613,2024-12-24,dhaka,ST10,Social Media
C02614,2019-08-31,Sylhet,ST18,Referral
C02615,2023-07-19,,ST19,Walk-in
C02616,"May 7, 2021",Dhaka,ST03,Social Media
C02617,2018-04-27,Barishal,ST20,Walk-in
C02618,20/07/2021, Khulna ,ST01,Walk-in
C02619,2018-03-24,,ST10,Online
C02620,22/10/2021,Barishal,ST19,Referral
C02621,"June 20, 2022",Dhaka,ST15,Referral
C02622,2022-03-03,Chattogram,ST06,Walk-in
C02623,"April 5, 2020",Khulna,ST13,Walk-in
C02624,2024-02-17,DHAKA,ST05,Walk-in
C02625,"October 9, 2022",Chattogram,ST05,Walk-in
C02626,"January 14, 2020",Sylhet,ST19,Referral
C02627,"June 23, 2021",Dhaka,ST01,Walk-in
C02628,13/11/2018,Chattogram,ST20,Walk-in
C02629,"May 20, 2025",,ST10,Walk-in
C02630,"January 8, 2024",Rajshahi,ST02,Online
C02631,20/04/2020,Dhaka,ST16,Referral
C02632,2023-05-25,Dhaka,ST01,Walk-in
C02633,07/06/2023,Rajshahi,ST07,Walk-in
C02634,2022-11-16,Dhaka,ST05,Social Media
C02635,"June 7, 2018",Chattogram,ST16,Online
C02636,2025-01-09,Rajshahi,ST08,Walk-in
C02637,23/08/2025,Rajshahi,ST14,Walk-in
C02638,2025-10-15,Dhaka,ST02,Social Media
C02639,"November 3, 2025",Khulna,ST14,Online
C02640,"June 5, 2025",Rajshahi,ST15,Walk-in
C02641,29/11/2023,Dhaka,ST06,Walk-in
C02642,2018-06-16,Rajshahi,ST18,Walk-in
C02643,2021-09-20, Rajshahi ,ST10,Walk-in
C02644,"December 17, 2019",Sylhet,ST14,Walk-in
C02645,"October 5, 2019",,ST04,Walk-in
C02646,"August 22, 2024",Rajshahi,ST19,Walk-in
C02647,2024-06-30,Barishal,ST05,Walk-in
C02648,"March 5, 2022",Sylhet,ST13,Walk-in
C02649,21/11/2023,Khulna,ST02,Walk-in
C02650,13/01/2019,Rajshahi,ST01,Referral
C02651,2019-10-11, Khulna ,ST03,Walk-in
C02652,2024-11-17,Barishal,ST19,Referral
C02653,"August 10, 2021",DHAKA,ST05,Social Media
C02654,"May 16, 2022",Dhaka,ST18,Social Media
C02655,13/09/2021,SYLHET,ST12,Walk-in
C02656,14/08/2019,Chattogram,ST02,Walk-in
C02657,10/08/2024,Sylhet,ST09,Online
C02658,2024-01-24,Rajshahi,ST10,Walk-in
C02659,"June 20, 2023",Barishal,ST06,Walk-in
C02660,28/10/2020,Chattogram,ST13,Walk-in
C02661,22/02/2023,,ST18,Online
C02662,2025-08-15,Dhaka,ST18,Referral
C02663,"March 13, 2023",Chattogram,ST11,Walk-in
C02664,"December 14, 2021",Dhaka,ST18,Social Media
C02665,2020-02-29,Chattogram,ST19,Referral
C02666,"March 7, 2022",Chattogram,ST02,Walk-in
C02667,21/12/2020,Rajshahi,ST13,Walk-in
C02668,2022-11-20,SYLHET,ST16,Walk-in
C02669,2018-05-14,chattogram,ST01,Social Media
C02670,2019-07-10,Dhaka,ST13,Online
C02671,2024-04-16,Dhaka,ST19,Online
C02672,"January 16, 2021",Barishal,ST06,Online
C02673,18/06/2021,Barishal,ST18,Walk-in
C02674,"May 8, 2022",Dhaka,ST19,Social Media
C02675,2021-07-03,Dhaka,ST13,Social Media
C02676,2024-01-25,Chattogram,ST13,Online
C02677,18/12/2019,Rajshahi,ST11,Walk-in
C02678,2024-01-24,Chattogram,ST09,Walk-in
C02679,04/09/2019,Dhaka,ST10,Walk-in
C02680,18/12/2020,Chattogram,ST11,Walk-in
C02681,13/09/2022,Dhaka,ST10,Online
C02682,31/01/2025,Dhaka,ST17,Referral
C02683,11/11/2019,Dhaka,ST16,Social Media
C02684,12/09/2022,Sylhet,ST07,Walk-in
C02685,2018-07-07,,ST11,Walk-in
C02686,2018-08-09,Dhaka,ST05,Walk-in
C02687,20/02/2024,sylhet,ST04,Social Media
C02688,01/10/2023,Chattogram,ST08,Referral
C02689,"January 4, 2021",rajshahi,ST02,Walk-in
C02690,2022-12-25,Barishal,ST18,Online
C02691,2021-01-15,Dhaka,ST03,Online
C02692,"March 20, 2020",Khulna,ST07,Walk-in
C02693,"June 13, 2021",Rajshahi,ST06,Walk-in
C02694,"June 29, 2020",rajshahi,ST05,Walk-in
C02695,"July 7, 2024",Chattogram,ST08,Walk-in
C02696,17/04/2021,,ST15,Online
C02697,2020-07-25,Dhaka,ST18,Walk-in
C02698,"April 15, 2022",Barishal,ST04,Online
C02699,2024-01-23,Sylhet,ST05,Online
C02700,"March 10, 2020",Chattogram,ST10,Online
C02701,2025-07-06,chattogram,ST07,Social Media
C02702,2021-09-15,Dhaka,ST16,Walk-in
C02703,2023-04-14,Dhaka,ST05,Online
C02704,27/08/2025,Sylhet,ST09,Walk-in
C02705,14/06/2021,Chattogram,ST11,Online
C02706,2019-08-07,RAJSHAHI,ST08,Online
C02707,"December 24, 2023",SYLHET,ST13,Walk-in
C02708,2018-01-20,Sylhet,ST16,Walk-in
C02709,30/08/2021,KHULNA,ST11,Online
C02710,01/11/2025,Dhaka,ST10,Online
C02711,"April 25, 2021",Rajshahi,ST20,Online
C02712,"June 21, 2023",rajshahi,ST20,Walk-in
C02713,14/03/2022,Dhaka,ST20,Online
C02714,2019-09-19,Dhaka,ST01,Online
C02715,16/07/2020,Dhaka,ST17,Walk-in
C02716,2022-03-09,Dhaka,ST18,Online
C02717,01/11/2018,,ST17,Online
C02718,26/04/2021,DHAKA,ST15,Referral
C02719,2021-04-26,Sylhet,ST08,Walk-in
C02720,03/09/2024,Dhaka,ST15,Walk-in
C02721,28/12/2018,DHAKA,ST12,Social Media
C02722,2024-09-26,dhaka,ST17,Referral
C02723,2021-04-13,Dhaka,ST08,Walk-in
C02724,2023-03-17,Barishal,ST15,Social Media
C02725,15/06/2022,Dhaka,ST16,Walk-in
C02726,25/05/2020,Dhaka,ST17,Referral
C02727,"June 10, 2025",DHAKA,ST04,Walk-in
C02728,18/10/2019,Chattogram,ST18,Walk-in
C02729,16/04/2018,,ST05,Social Media
C02730,2023-12-31,Rajshahi,ST19,Walk-in
C02731,"December 20, 2022",Chattogram,ST01,Referral
C02732,2025-02-13,Sylhet,ST05,Walk-in
C02733,2021-08-29,Chattogram,ST13,Walk-in
C02734,19/02/2018,Khulna,ST11,Social Media
C02735,2018-03-01,Sylhet,ST14,Online
C02736,2021-06-19,dhaka,ST09,Referral
C02737,"December 30, 2019",Rajshahi,ST01,Referral
C02738,"May 16, 2025",Khulna,ST13,Walk-in
C02739,2018-12-12,Chattogram,ST11,Walk-in
C02740,2025-01-15,Barishal,ST11,Walk-in
C02741,2019-09-26,Khulna,ST08,Online
C02742,2018-12-15,Dhaka,ST18,Walk-in
C02743,12/03/2020,Rajshahi,ST16,Walk-in
C02744,"February 25, 2019",Sylhet,ST04,Referral
C02745,17/03/2021,Chattogram,ST01,Walk-in
C02746,2020-08-22,,ST04,Online
C02747,25/03/2022,khulna,ST01,Walk-in
C02748,"April 18, 2022",Sylhet,ST15,Walk-in
C02749,03/01/2018,,ST13,Walk-in
C02750,2018-12-31,Dhaka,ST10,Walk-in
C02751,2019-04-18,Chattogram,ST12,Online
C02752,23/07/2019,Khulna,ST17,Walk-in
C02753,"October 1, 2018",Rajshahi,ST17,Referral
C02754,07/07/2020,Dhaka,ST09,Referral
C02755,2022-05-25,Khulna,ST12,Walk-in
C02756,20/06/2020,Khulna,ST12,Referral
C02757,18/08/2020,,ST19,Social Media
C02758,"October 3, 2021",,ST16,Walk-in
C02759,2022-05-21,Sylhet,ST07,Social Media
C02760,24/08/2020,Dhaka,ST18,Walk-in
C02761,"October 10, 2019",Dhaka,ST08,Online
C02762,10/04/2021,Sylhet,ST16,Walk-in
C02763,2018-03-12,Khulna,ST20,Referral
C02764,"December 9, 2021",Chattogram,ST17,Referral
C02765,2025-07-11,Khulna,ST03,Social Media
C02766,"March 7, 2021",,ST05,Social Media
C02767,2018-11-13,DHAKA,ST16,Walk-in
C02768,2023-08-27,,ST03,Online
C02769,"January 6, 2019",Rajshahi,ST01,Walk-in
C02770,2019-07-20,Rajshahi,ST06,Walk-in
C02771,04/03/2019,Chattogram,ST10,Walk-in
C02772,"January 24, 2025",Sylhet,ST03,Social Media
C02773,05/11/2025,,ST04,Online
C02774,"July 22, 2022",Rajshahi,ST07,Walk-in
C02775,"December 9, 2022",Rajshahi,ST12,Social Media
C02776,28/02/2023, Dhaka ,ST11,Referral
C02777,"November 18, 2022",Dhaka,ST16,Walk-in
C02778,08/05/2022,Dhaka,ST20,Walk-in
C02779,21/11/2025,Barishal,ST01,Online
C02780,"November 11, 2023",Khulna,ST14,Online
C02781,"September 16, 2018",Rajshahi,ST04,Walk-in
C02782,2021-02-18,Dhaka,ST08,Online
C02783,2025-10-16,Sylhet,ST07,Walk-in
C02784,"March 24, 2021", Dhaka ,ST15,Online
C02785,2019-08-19,,ST06,Walk-in
C02786,"December 10, 2024",Dhaka,ST18,Walk-in
C02787,2022-12-25,,ST08,Walk-in
C02788,2022-07-01,Dhaka,ST17,Online
C02789,2021-05-11,Sylhet,ST20,Walk-in
C02790,30/12/2018,Barishal,ST11,Walk-in
C02791,2021-01-26,RAJSHAHI,ST03,Walk-in
C02792,01/07/2021, Dhaka ,ST15,Social Media
C02793,"June 12, 2025",Khulna,ST09,Walk-in
C02794,"June 16, 2020",Sylhet,ST07,Walk-in
C02795,2019-03-12,Chattogram,ST10,Walk-in
C02796,2021-06-02,Sylhet,ST06,Online
C02797,21/12/2025,Khulna,ST06,Walk-in
C02798,"November 9, 2021",,ST20,Walk-in
C02799,"January 12, 2021",Chattogram,ST06,Referral
C02800,"May 2, 2023",Chattogram,ST10,Referral
C02801,"March 10, 2023",DHAKA,ST15,Online
C02802,2020-05-23,Rajshahi,ST05,Walk-in
C02803,27/09/2025,Dhaka,ST13,Social Media
C02804,2022-09-28,CHATTOGRAM,ST18,Social Media
C02805,"June 18, 2018",Chattogram,ST17,Online
C02806,2021-04-05,Dhaka,ST01,Referral
C02807,18/05/2025,Chattogram,ST09,Referral
C02808,"February 22, 2021",Sylhet,ST01,Social Media
C02809,"July 17, 2022",Dhaka,ST13,Walk-in
C02810,24/11/2022,Dhaka,ST07,Social Media
C02811,19/08/2023,Khulna,ST18,Online
C02812,2024-12-22,Barishal,ST04,Online
C02813,12/03/2019,Chattogram,ST18,Walk-in
C02814,"February 17, 2022",,ST07,Walk-in
C02815,"April 7, 2022",Dhaka,ST19,Referral
C02816,2019-03-21,Dhaka,ST04,Online
C02817,21/05/2023,Chattogram,ST06,Walk-in
C02818,12/12/2018, Barishal ,ST08,Online
C02819,25/08/2021,Rajshahi,ST20,Walk-in
C02820,22/08/2020,Dhaka,ST15,Walk-in
C02821,2019-03-29,BARISHAL,ST17,Online
C02822,29/07/2024,Chattogram,ST12,Online
C02823,2019-12-14,Dhaka,ST16,Walk-in
C02824,"January 16, 2020",Chattogram,ST13,Walk-in
C02825,"October 30, 2024",Dhaka,ST14,Walk-in
C02826,05/01/2025,Khulna,ST17,Online
C02827,"April 11, 2018",Chattogram,ST20,Social Media
C02828,2020-03-22,sylhet,ST12,Referral
C02829,"September 1, 2023",Chattogram,ST09,Online
C02830,"March 22, 2024",Khulna,ST14,Walk-in
C02831,2025-12-28,Sylhet,ST15,Walk-in
C02832,"June 8, 2022",,ST20,Referral
C02833,"January 22, 2018",Dhaka,ST14,Online
C02834,"December 26, 2024",Khulna,ST20,Walk-in
C02835,"April 16, 2019",Chattogram,ST15,Online
C02836,19/12/2018,Dhaka,ST20,Online
C02837,"May 23, 2023",Khulna,ST16,Walk-in
C02838,"October 30, 2022",Dhaka,ST18,Walk-in
C02839,2018-06-25,Dhaka,ST04,Online
C02840,"May 10, 2019",Chattogram,ST20,Walk-in
C02841,"September 19, 2022",Dhaka,ST07,Walk-in
C02842,2020-01-16,Chattogram,ST16,Referral
C02843,21/06/2023,Dhaka,ST08,Social Media
C02844,2021-04-17,Dhaka,ST10,Walk-in
C02845,14/09/2022,Dhaka,ST15,Walk-in
C02846,18/10/2021,Dhaka,ST11,Walk-in
C02847,2020-12-02,Barishal,ST15,Walk-in
C02848,26/09/2020,Sylhet,ST02,Referral
C02849,2023-07-30,Chattogram,ST17,Online
C02850,"February 11, 2022",Chattogram,ST09,Walk-in
C02851,2022-10-02,Rajshahi,ST16,Referral
C02852,13/08/2022,Dhaka,ST06,Walk-in
C02853,"August 30, 2019",Dhaka,ST12,Online
C02854,"April 20, 2025",Sylhet,ST12,Social Media
C02855,2022-07-03,Chattogram,ST03,Walk-in
C02856,"September 28, 2023",Rajshahi,ST10,Walk-in
C02857,2025-01-19,Khulna,ST13,Referral
C02858,24/05/2025,Khulna,ST17,Walk-in
C02859,2023-05-02,Dhaka,ST18,Walk-in
C02860,"April 17, 2024",,ST08,Walk-in
C02861,2021-10-09,Dhaka,ST13,Walk-in
C02862,2023-11-25,Rajshahi,ST04,Online
C02863,28/07/2020,Khulna,ST18,Walk-in
C02864,"September 10, 2023", Barishal ,ST18,Walk-in
C02865,"September 8, 2018",Dhaka,ST20,Walk-in
C02866,23/04/2025,Khulna,ST10,Online
C02867,2019-12-16,Chattogram,ST08,Referral
C02868,"April 2, 2023",Khulna,ST16,Online
C02869,02/02/2018,Chattogram,ST15,Online
C02870,"March 31, 2019",Dhaka,ST05,Referral
C02871,"November 20, 2025",Dhaka,ST11,Walk-in
C02872,2024-08-30,Barishal,ST13,Walk-in
C02873,2019-10-12,Chattogram,ST10,Walk-in
C02874,2019-01-18,Chattogram,ST08,Walk-in
C02875,"July 7, 2024",Chattogram,ST05,Social Media
C02876,01/12/2025,Chattogram,ST09,Walk-in
C02877,"May 8, 2019",Barishal,ST05,Referral
C02878,23/04/2023,Dhaka,ST07,Walk-in
C02879,08/04/2020,Dhaka,ST04,Walk-in
C02880,"December 14, 2023",,ST08,Walk-in
C02881,2021-05-06,Chattogram,ST13,Walk-in
C02882,2019-01-02,Dhaka,ST08,Walk-in
C02883,"August 5, 2020",Dhaka,ST03,Online
C02884,2022-04-22,DHAKA,ST17,Walk-in
C02885,20/05/2024,Dhaka,ST09,Referral
C02886,"March 3, 2018",Dhaka,ST12,Social Media
C02887,2025-08-28,Dhaka,ST11,Walk-in
C02888,12/03/2023,Rajshahi,ST11,Social Media
C02889,30/12/2024,Khulna,ST09,Walk-in
C02890,2025-06-08,Khulna,ST16,Walk-in
C02891,25/03/2019,Chattogram,ST18,Walk-in
C02892,2018-10-01,Dhaka,ST19,Online
C02893,"March 17, 2024",Barishal,ST09,Online
C02894,"July 3, 2019", Rajshahi ,ST07,Online
C02895,"March 9, 2019",Chattogram,ST02,Referral
C02896,2021-09-30,Dhaka,ST09,Walk-in
C02897,"April 21, 2025",Dhaka,ST20,Referral
C02898,"May 12, 2024",Chattogram,ST06,Online
C02899,21/02/2022,Chattogram,ST17,Walk-in
C02900,28/07/2019,Dhaka,ST16,Walk-in
C02901,09/09/2020,Barishal,ST14,Walk-in
C02902,"July 4, 2023",Sylhet,ST12,Walk-in
C02903,2019-04-04,Sylhet,ST16,Referral
C02904,2022-03-12,dhaka,ST02,Walk-in
C02905,04/02/2018,Rajshahi,ST03,Walk-in
C02906,2020-08-07,Rajshahi,ST04,Referral
C02907,"December 26, 2019",Dhaka,ST16,Online
C02908,2023-06-12,Sylhet,ST09,Social Media
C02909,2025-04-22,Sylhet,ST05,Online
C02910,04/03/2019,Khulna,ST01,Online
C02911,"May 17, 2024",Dhaka,ST10,Walk-in
C02912,2023-03-31, Khulna ,ST08,Online
C02913,"October 2, 2025",Chattogram,ST04,Walk-in
C02914,15/04/2025,Dhaka,ST01,Walk-in
C02915,"October 22, 2018",Dhaka,ST16,Social Media
C02916,2023-12-11,Dhaka,ST16,Online
C02917,2022-09-26,Dhaka,ST05,Online
C02918,27/11/2018,Chattogram,ST10,Walk-in
C02919,21/01/2020,Rajshahi,ST06,Online
C02920,2025-05-30,Dhaka,ST09,Walk-in
C02921,2022-05-05,Barishal,ST03,Walk-in
C02922,15/09/2020,Dhaka,ST19,Walk-in
C02923,2020-07-24,,ST15,Walk-in
C02924,"September 12, 2024",Barishal,ST19,Walk-in
C02925,"April 7, 2020",Khulna,ST06,Referral
C02926,"April 9, 2019",Sylhet,ST18,Walk-in
C02927,03/08/2022,Rajshahi,ST11,Referral
C02928,2025-12-08,,ST04,Social Media
C02929,2019-06-20,Dhaka,ST07,Walk-in
C02930,"January 16, 2020",Chattogram,ST17,Online
C02931,"October 1, 2021",Dhaka,ST16,Walk-in
C02932,07/08/2019,Chattogram,ST15,Social Media
C02933,"March 16, 2023",Dhaka,ST05,Walk-in
C02934,"January 11, 2020",,ST13,Walk-in
C02935,2019-01-10,Khulna,ST19,Walk-in
C02936,2020-02-02,Khulna,ST01,Social Media
C02937,2025-06-10,Rajshahi,ST07,Walk-in
C02938,"June 22, 2025",Dhaka,ST02,Referral
C02939,"January 16, 2022",Dhaka,ST03,Walk-in
C02940,2021-03-15,Sylhet,ST20,Online
C02941,21/07/2024,,ST05,Walk-in
C02942,22/07/2019,Chattogram,ST04,Walk-in
C02943,2023-03-25,Chattogram,ST02,Walk-in
C02944,09/06/2023,CHATTOGRAM,ST20,Walk-in
C02945,"September 5, 2023",Dhaka,ST10,Referral
C02946,"September 29, 2019",Dhaka,ST16,Online
C02947,"September 23, 2023",Chattogram,ST06,Walk-in
C02948,23/11/2022, Sylhet ,ST13,Walk-in
C02949,30/12/2024,Barishal,ST18,Walk-in
C02950,2019-05-25,Chattogram,ST14,Online
C02951,27/11/2022,Rajshahi,ST11,Referral
C02952,2024-08-19,Khulna,ST05,Referral
C02953,2020-03-23,Dhaka,ST05,Referral
C02954,2023-12-12,Sylhet,ST12,Walk-in
C02955,18/10/2018,Chattogram,ST10,Walk-in
C02956,2023-09-28,Sylhet,ST01,Referral
C02957,06/11/2022,Dhaka,ST04,Walk-in
C02958,2019-07-17,Khulna,ST09,Walk-in
C02959,"July 13, 2018",Barishal,ST04,Walk-in
C02960,17/12/2023,Dhaka,ST12,Referral
C02961,"December 6, 2019",Dhaka,ST07,Online
C02962,"December 23, 2021",Dhaka,ST06,Social Media
C02963,2018-06-27,Rajshahi,ST03,Walk-in
C02964,2025-09-14,Sylhet,ST11,Walk-in
C02965,2022-05-22,Dhaka,ST04,Walk-in
C02966,13/06/2025,KHULNA,ST13,Referral
C02967,2019-04-14,Chattogram,ST19,Walk-in
C02968,24/08/2019,,ST19,Social Media
C02969,2022-11-18,Chattogram,ST14,Online
C02970,"November 1, 2022",Chattogram,ST17,Referral
C02971,"April 28, 2024",chattogram,ST19,Referral
C02972,02/06/2025,Dhaka,ST14,Walk-in
C02973,2024-07-27,Chattogram,ST06,Online
C02974,14/02/2019,Khulna,ST11,Walk-in
C02975,22/06/2020,Chattogram,ST18,Referral
C02976,22/04/2025,Khulna,ST14,Referral
C02977,"May 22, 2022",Sylhet,ST08,Online
C02978,2024-12-06,Rajshahi,ST04,Walk-in
C02979,02/07/2022,Dhaka,ST03,Social Media
C02980,"May 26, 2018",Rajshahi,ST08,Social Media
C02981,12/10/2021,Dhaka,ST17,Online
C02982,05/08/2024,Dhaka,ST12,Social Media
C02983,"March 28, 2023",Dhaka,ST02,Online
C02984,"January 23, 2019",Dhaka,ST19,Walk-in
C02985,2019-09-06,Barishal,ST09,Walk-in
C02986,2024-10-30,Barishal,ST08,Walk-in
C02987,2025-10-30,Rajshahi,ST17,Online
C02988,2024-01-08,Dhaka,ST08,Online
C02989,"October 14, 2018",Khulna,ST13,Walk-in
C02990,"December 14, 2022",Rajshahi,ST19,Walk-in
C02991,"August 18, 2024",Dhaka,ST11,Online
C02992,"February 13, 2023",Chattogram,ST13,Referral
C02993,2022-10-01,Sylhet,ST08,Social Media
C02994,2021-09-26,,ST18,Walk-in
C02995,16/12/2019,Chattogram,ST02,Referral
C02996,"March 30, 2020",Rajshahi,ST06,Walk-in
C02997,18/12/2023,Dhaka,ST20,Walk-in
C02998,"July 23, 2018",Chattogram,ST10,Online
C02999,"September 4, 2018",Chattogram,ST04,Walk-in
C03000,2021-03-04,Rajshahi,ST09,Referral
C03001,11/03/2024,Barishal,ST06,Walk-in
C03002,"April 3, 2023",Khulna,ST11,Walk-in
C03003,2022-09-19,Sylhet,ST05,Online
C03004,"April 9, 2022",Sylhet,ST08,Walk-in
C03005,2018-11-20,Sylhet,ST19,Walk-in
C03006,26/08/2020,Chattogram,ST02,Walk-in
C03007,21/08/2018,,ST16,Walk-in
C03008,"January 23, 2024",Rajshahi,ST02,Referral
C03009,"January 2, 2024",Rajshahi,ST10,Walk-in
C03010,2020-01-24,chattogram,ST14,Online
C03011,2020-05-05,Khulna,ST20,Online
C03012,15/07/2020, Rajshahi ,ST06,Online
C03013,09/02/2025,Chattogram,ST02,Walk-in
C03014,2021-11-27,Dhaka,ST16,Online
C03015,2024-02-04,Dhaka,ST18,Referral
C03016,2021-08-03,Chattogram,ST12,Walk-in
C03017,2023-08-01,Chattogram,ST02,Referral
C03018,2022-03-23,Dhaka,ST11,Walk-in
C03019,24/03/2020,DHAKA,ST08,Walk-in
C03020,"January 2, 2025",,ST10,Online
C03021,2023-09-02,,ST02,Walk-in
C03022,2024-02-25,Rajshahi,ST07,Walk-in
C03023,2025-07-31,,ST20,Walk-in
C03024,"December 28, 2019",Dhaka,ST01,Walk-in
C03025,25/09/2018,Dhaka,ST19,Online
C03026,"August 28, 2022",dhaka,ST11,Walk-in
C03027,"August 10, 2020",chattogram,ST12,Referral
C03028,"June 26, 2021",DHAKA,ST19,Referral
C03029,2019-11-17,Dhaka,ST05,Walk-in
C03030,"March 9, 2021",,ST20,Walk-in
C03031,22/02/2021,Chattogram,ST06,Walk-in
C03032,"October 20, 2020",Khulna,ST07,Referral
C03033,08/12/2023,Dhaka,ST09,Walk-in
C03034,27/09/2022,Dhaka,ST13,Walk-in
C03035,"October 16, 2021",Barishal,ST07,Social Media
C03036,26/11/2018, Chattogram ,ST16,Walk-in
C03037,2022-07-25,,ST01,Walk-in
C03038,2019-05-27,Barishal,ST14,Referral
C03039,2020-07-06,Sylhet,ST14,Social Media
C03040,2021-04-26,Dhaka,ST11,Walk-in
C03041,17/02/2019,Chattogram,ST13,Walk-in
C03042,11/02/2021,Dhaka,ST15,Walk-in
C03043,"February 19, 2020",DHAKA,ST19,Walk-in
C03044,"October 17, 2024",dhaka,ST05,Walk-in
C03045,2024-11-15,KHULNA,ST10,Walk-in
C03046,2018-01-14,Rajshahi,ST12,Online
C03047,"October 26, 2022",Dhaka,ST07,Referral
C03048,14/02/2023,Dhaka,ST20,Social Media
C03049,"January 8, 2021",Rajshahi,ST11,Referral
C03050,01/10/2021,Khulna,ST12,Walk-in
C03051,2024-04-25,Dhaka,ST04,Walk-in
C03052,"January 8, 2021",Dhaka,ST09,Online
C03053,08/07/2018,Khulna,ST13,Walk-in
C03054,2020-12-23,Khulna,ST09,Walk-in
C03055,"January 12, 2020",,ST16,Referral
C03056,22/01/2021,DHAKA,ST03,Walk-in
C03057,03/11/2019,,ST04,Walk-in
C03058,2019-03-14,Chattogram,ST07,Online
C03059,17/11/2025,Dhaka,ST07,Social Media
C03060,"January 12, 2019",Khulna,ST17,Online
C03061,2023-08-24,Dhaka,ST18,Walk-in
C03062,2023-09-27,Sylhet,ST10,Online
C03063,09/12/2022,khulna,ST11,Social Media
C03064,15/04/2025,Barishal,ST06,Walk-in
C03065,"January 15, 2018",Sylhet,ST11,Online
C03066,30/05/2020,barishal,ST15,Online
C03067,23/06/2019,Dhaka,ST15,Online
C03068,12/08/2022,,ST20,Walk-in
C03069,30/01/2023,Dhaka,ST12,Social Media
C03070,06/03/2025,,ST07,Walk-in
C03071,"January 13, 2021",Khulna,ST02,Walk-in
C03072,"November 20, 2019",Dhaka,ST14,Walk-in
C03073,"May 22, 2025",DHAKA,ST17,Walk-in
C03074,2023-05-20,Chattogram,ST12,Walk-in
C03075,11/02/2024,dhaka,ST19,Referral
C03076,"July 23, 2021", Khulna ,ST07,Referral
C03077,"July 30, 2021",Dhaka,ST02,Walk-in
C03078,"February 10, 2021",Rajshahi,ST13,Referral
C03079,29/12/2023,Sylhet,ST03,Social Media
C03080,07/09/2019,Chattogram,ST02,Walk-in
C03081,2025-10-19,Dhaka,ST15,Online
C03082,"May 29, 2019",Barishal,ST09,Social Media
C03083,"September 8, 2021",Sylhet,ST13,Referral
C03084,"July 7, 2020",Chattogram,ST15,Online
C03085,20/02/2023,Chattogram,ST08,Referral
C03086,11/06/2023,Khulna,ST13,Online
C03087,06/05/2025,Khulna,ST11,Walk-in
C03088,2024-04-23,Khulna,ST12,Walk-in
C03089,2019-12-28,Sylhet,ST15,Online
C03090,"August 27, 2019",Khulna,ST08,Walk-in
C03091,"February 1, 2025",Dhaka,ST11,Walk-in
C03092,25/11/2021,Rajshahi,ST12,Walk-in
C03093,2018-10-12, Chattogram ,ST03,Referral
C03094,05/08/2024,Sylhet,ST05,Online
C03095,09/03/2023,Barishal,ST02,Walk-in
C03096,"March 16, 2018",Barishal,ST04,Walk-in
C03097,"April 4, 2024",Chattogram,ST09,Walk-in
C03098,09/11/2022,Sylhet,ST19,Walk-in
C03099,2022-11-30,Khulna,ST19,Online
C03100,2024-11-30, Barishal ,ST16,Walk-in
C03101,2021-12-17,Rajshahi,ST12,Social Media
C03102,08/09/2021,Dhaka,ST05,Walk-in
C03103,2022-12-08,Dhaka,ST08,Walk-in
C03104,01/08/2019,Khulna,ST16,Referral
C03105,2019-03-19,Rajshahi,ST19,Walk-in
C03106,29/09/2024,Rajshahi,ST20,Walk-in
C03107,22/09/2019,Sylhet,ST08,Walk-in
C03108,12/01/2022,Chattogram,ST10,Online
C03109,"February 28, 2020",Chattogram,ST11,Walk-in
C03110,04/11/2019,Khulna,ST02,Referral
C03111,12/10/2022,Dhaka,ST03,Online
C03112,31/05/2024,,ST01,Referral
C03113,14/07/2021,Rajshahi,ST15,Online
C03114,10/02/2019,Khulna,ST05,Referral
C03115,15/12/2019,,ST15,Online
C03116,2019-04-26,Rajshahi,ST08,Walk-in
C03117,21/01/2025,Dhaka,ST16,Online
C03118,"July 22, 2020",Dhaka,ST03,Online
C03119,2020-12-27,Chattogram,ST07,Walk-in
C03120,2018-07-27,Dhaka,ST05,Online
C03121,"July 26, 2021",Barishal,ST09,Walk-in
C03122,"April 22, 2025",Khulna,ST12,Online
C03123,11/04/2021,Dhaka,ST04,Walk-in
C03124,2023-03-17,Khulna,ST14,Walk-in
C03125,16/06/2019,Chattogram,ST20,Walk-in
C03126,2019-02-22,rajshahi,ST01,Walk-in
C03127,07/11/2023,Khulna,ST02,Walk-in
C03128,11/07/2018,Sylhet,ST20,Walk-in
C03129,2021-08-02,Dhaka,ST13,Online
C03130,"July 13, 2020",Dhaka,ST19,Walk-in
C03131,17/02/2018,Chattogram,ST15,Social Media
C03132,"April 1, 2022",Barishal,ST15,Referral
C03133,2025-09-15,Sylhet,ST04,Walk-in
C03134,21/07/2018, Chattogram ,ST11,Walk-in
C03135,2024-07-10,Dhaka,ST08,Walk-in
C03136,24/04/2022,Khulna,ST17,Walk-in
C03137,14/10/2023,Dhaka,ST01,Walk-in
C03138,2018-10-09,Rajshahi,ST01,Online
C03139,12/12/2024,Rajshahi,ST12,Online
C03140,2018-02-03,Dhaka,ST20,Walk-in
C03141,01/04/2025,dhaka,ST20,Online
C03142,05/04/2023,Chattogram,ST12,Walk-in
C03143,12/09/2020,Dhaka,ST09,Referral
C03144,21/01/2018,rajshahi,ST06,Social Media
C03145,"November 19, 2022", Khulna ,ST20,Walk-in
C03146,13/09/2018,Dhaka,ST04,Referral
C03147,2022-11-13,Chattogram,ST03,Referral
C03148,07/03/2024,Dhaka,ST11,Walk-in
C03149,20/02/2020,Dhaka,ST08,Walk-in
C03150,"November 29, 2019", Rajshahi ,ST10,Referral
C03151,2019-10-11,Rajshahi,ST19,Walk-in
C03152,19/10/2019,Rajshahi,ST06,Walk-in
C03153,"November 29, 2018",Dhaka,ST18,Online
C03154,2019-12-31,Sylhet,ST05,Walk-in
C03155,"April 10, 2023",CHATTOGRAM,ST07,Walk-in
C03156,2020-06-02, Barishal ,ST01,Social Media
C03157,2024-03-30,Sylhet,ST14,Walk-in
C03158,20/07/2024,barishal,ST18,Online
C03159,"January 31, 2024",Dhaka,ST18,Online
C03160,2022-04-25,Chattogram,ST04,Walk-in
C03161,2020-07-12,Rajshahi,ST16,Online
C03162,"June 8, 2025",,ST03,Online
C03163,2019-08-23,sylhet,ST13,Walk-in
C03164,18/09/2021,Chattogram,ST15,Online
C03165,17/08/2021,Barishal,ST04,Social Media
C03166,"December 18, 2023",Dhaka,ST03,Social Media
C03167,2022-05-16,Barishal,ST02,Walk-in
C03168,"May 23, 2024",Chattogram,ST15,Walk-in
C03169,"May 7, 2025",Chattogram,ST13,Online
C03170,"February 14, 2021",CHATTOGRAM,ST03,Social Media
C03171,29/12/2024,Dhaka,ST11,Referral
C03172,2019-05-11,Barishal,ST16,Walk-in
C03173,28/04/2025,khulna,ST05,Referral
C03174,2019-06-04,Barishal,ST13,Walk-in
C03175,18/10/2024,Barishal,ST06,Walk-in
C03176,2021-02-13,Sylhet,ST06,Online
C03177,17/09/2025,Chattogram,ST08,Walk-in
C03178,13/01/2019,Khulna,ST08,Online
C03179,21/09/2021,Dhaka,ST10,Walk-in
C03180,2025-03-18,Khulna,ST05,Referral
C03181,19/05/2018,Chattogram,ST08,Social Media
C03182,"February 13, 2020",Rajshahi,ST13,Walk-in
C03183,02/09/2018,Chattogram,ST08,Online
C03184,2020-07-27,Chattogram,ST14,Online
C03185,13/02/2021,Dhaka,ST03,Walk-in
C03186,13/12/2022,Chattogram,ST03,Referral
C03187,"January 23, 2020",Chattogram,ST18,Online
C03188,"April 9, 2019",Dhaka,ST10,Walk-in
C03189,12/05/2019,Dhaka,ST13,Referral
C03190,2025-07-03,Sylhet,ST15,Walk-in
C03191,15/08/2025,Dhaka,ST03,Walk-in
C03192,09/10/2019,Khulna,ST20,Walk-in
C03193,25/07/2019,Dhaka,ST09,Referral
C03194,08/06/2018,sylhet,ST18,Social Media
C03195,2025-09-02,Dhaka,ST09,Walk-in
C03196,2023-08-24,Chattogram,ST09,Walk-in
C03197,"January 31, 2024",Sylhet,ST13,Walk-in
C03198,28/04/2020,Sylhet,ST04,Online
C03199,"February 15, 2023",Chattogram,ST13,Walk-in
C03200,24/06/2018,Chattogram,ST20,Walk-in
C03201,"May 28, 2023",Dhaka,ST13,Walk-in
C03202,2022-08-20,Chattogram,ST02,Walk-in
C03203,"August 25, 2020",Chattogram,ST14,Online
C03204,06/09/2023,Sylhet,ST01,Online
C03205,03/03/2023,Chattogram,ST03,Walk-in
C03206,05/07/2021,Rajshahi,ST06,Walk-in
C03207,"June 30, 2019",Chattogram,ST07,Walk-in
C03208,10/03/2018,Dhaka,ST01,Online
C03209,01/07/2025,dhaka,ST01,Walk-in
C03210,"April 1, 2020",Dhaka,ST16,Walk-in
C03211,31/05/2020,Chattogram,ST10,Online
C03212,2023-06-12,Khulna,ST04,Walk-in
C03213,"January 16, 2020",Rajshahi,ST09,Online
C03214,2021-01-02,Chattogram,ST14,Walk-in
C03215,2023-09-08,Dhaka,ST15,Walk-in
C03216,2022-10-05,Khulna,ST06,Online
C03217,"April 1, 2023",Dhaka,ST04,Walk-in
C03218,14/01/2018,Chattogram,ST20,Walk-in
C03219,"August 10, 2021",khulna,ST13,Referral
C03220,2021-10-19,Chattogram,ST20,Walk-in
C03221,"January 21, 2023",Dhaka,ST07,Social Media
C03222,"March 19, 2019",Dhaka,ST03,Walk-in
C03223,11/04/2019,Sylhet,ST08,Referral
C03224,2024-02-05,DHAKA,ST07,Referral
C03225,"May 21, 2023",Sylhet,ST15,Walk-in
C03226,2024-06-26,,ST15,Online
C03227,2020-03-01,Dhaka,ST02,Online
C03228,23/12/2025,Dhaka,ST12,Walk-in
C03229,2020-03-07,,ST07,Walk-in
C03230,16/03/2023,Chattogram,ST13,Social Media
C03231,2019-04-19,Rajshahi,ST08,Online
C03232,"May 6, 2025",Chattogram,ST11,Social Media
C03233,2020-08-28,Dhaka,ST15,Referral
C03234,"June 1, 2024",Chattogram,ST06,Referral
C03235,25/08/2020,Chattogram,ST04,Online
C03236,"April 28, 2024",Chattogram,ST15,Online
C03237,19/08/2021,Khulna,ST19,Referral
C03238,2018-07-02,Khulna,ST09,Online
C03239,2019-07-11,rajshahi,ST20,Walk-in
C03240,19/06/2023,Sylhet,ST04,Online
C03241,2019-07-18,Chattogram,ST17,Walk-in
C03242,2020-03-14,Sylhet,ST20,Social Media
C03243,2022-05-01,Dhaka,ST06,Online
C03244,"January 9, 2020",Khulna,ST03,Online
C03245,12/01/2019,Khulna,ST14,Walk-in
C03246,"December 28, 2022",Dhaka,ST18,Online
C03247,2023-07-05,Khulna,ST02,Walk-in
C03248,"November 11, 2023",Khulna,ST13,Online
C03249,"July 19, 2025",Chattogram,ST18,Online
C03250,"December 30, 2018",Khulna,ST01,Walk-in
C03251,"May 31, 2021",DHAKA,ST11,Walk-in
C03252,15/11/2019,Dhaka,ST02,Online
C03253,"March 16, 2025",Dhaka,ST04,Walk-in
C03254,"April 26, 2022",Sylhet,ST10,Referral
C03255,15/10/2018,Chattogram,ST07,Referral
C03256,"July 15, 2023",barishal,ST02,Referral
C03257,"May 6, 2018",,ST17,Walk-in
C03258,"March 11, 2020",Dhaka,ST05,Walk-in
C03259,2023-10-08, Sylhet ,ST18,Social Media
C03260,"January 17, 2022",Dhaka,ST04,Social Media
C03261,2024-02-01,RAJSHAHI,ST11,Walk-in
C03262,2022-07-26,Chattogram,ST15,Online
C03263,"September 27, 2024",barishal,ST10,Walk-in
C03264,01/07/2022, Rajshahi ,ST09,Walk-in
C03265,2018-06-15,dhaka,ST16,Social Media
C03266,2018-07-28,Dhaka,ST01,Social Media
C03267,"March 18, 2024",Dhaka,ST17,Social Media
C03268,"April 23, 2018",Barishal,ST14,Walk-in
C03269,2021-01-04,Rajshahi,ST16,Walk-in
C03270,17/02/2018, Chattogram ,ST09,Referral
C03271,"June 4, 2020",Dhaka,ST08,Online
C03272,"October 4, 2022",Khulna,ST12,Walk-in
C03273,21/05/2019,Dhaka,ST13,Online
C03274,23/09/2021,Rajshahi,ST19,Walk-in
C03275,"December 18, 2025",Rajshahi,ST18,Online
C03276,25/07/2018,Dhaka,ST02,Referral
C03277,"July 5, 2018",Chattogram,ST04,Walk-in
C03278,"March 3, 2020",Dhaka,ST19,Walk-in
C03279,11/08/2024,Chattogram,ST08,Online
C03280,2021-03-30,Barishal,ST12,Online
C03281,11/02/2023,Rajshahi,ST02,Walk-in
C03282,"April 9, 2018",Khulna,ST03,Walk-in
C03283,17/11/2023,Chattogram,ST09,Online
C03284,16/07/2018,Dhaka,ST15,Walk-in
C03285,"September 10, 2023",Rajshahi,ST16,Online
C03286,2019-03-08,Chattogram,ST18,Online
C03287,"November 11, 2024",Dhaka,ST04,Walk-in
C03288,2020-05-14,CHATTOGRAM,ST05,Online
C03289,"June 21, 2019",SYLHET,ST11,Online
C03290,"September 10, 2020",Rajshahi,ST11,Online
C03291,03/01/2018,dhaka,ST01,Online
C03292,28/04/2019,Khulna,ST09,Walk-in
C03293,14/10/2022,Chattogram,ST18,Walk-in
C03294,28/05/2020,Dhaka,ST04,Walk-in
C03295,2020-10-30,Dhaka,ST17,Walk-in
C03296,"June 15, 2024",Khulna,ST09,Walk-in
C03297,"December 28, 2018",Chattogram,ST11,Walk-in
C03298,02/03/2021,CHATTOGRAM,ST13,Online
C03299,"June 28, 2019",Dhaka,ST15,Walk-in
C03300,2021-11-10,RAJSHAHI,ST13,Social Media
C03301,"August 26, 2020",Rajshahi,ST03,Online
C03302,15/05/2018,Dhaka,ST06,Walk-in
C03303,2018-07-25,Barishal,ST17,Online
C03304,"October 24, 2024",Dhaka,ST01,Walk-in
C03305,"June 16, 2018",,ST15,Social Media
C03306,04/04/2024,Sylhet,ST11,Social Media
C03307,2025-04-28,RAJSHAHI,ST03,Referral
C03308,"September 22, 2021",Dhaka,ST03,Online
C03309,"June 30, 2020",Sylhet,ST20,Social Media
C03310,"March 16, 2024",Dhaka,ST01,Online
C03311,08/11/2025,Sylhet,ST01,Referral
C03312,"December 18, 2018",Sylhet,ST01,Walk-in
C03313,2025-09-16,Barishal,ST13,Social Media
C03314,"July 18, 2025",Chattogram,ST19,Online
C03315,2019-02-21,Sylhet,ST04,Walk-in
C03316,2018-06-09,Sylhet,ST16,Social Media
C03317,2023-09-19,Dhaka,ST15,Online
C03318,15/08/2018,Dhaka,ST05,Social Media
C03319,21/10/2022,Barishal,ST02,Walk-in
C03320,09/07/2018, Dhaka ,ST10,Online
C03321,"July 10, 2023",Rajshahi,ST02,Online
C03322,08/11/2019,Dhaka,ST03,Walk-in
C03323,08/10/2018,Khulna,ST10,Referral
C03324,14/07/2018,Dhaka,ST17,Online
C03325,2019-07-05,Barishal,ST20,Walk-in
C03326,"April 28, 2022",Rajshahi,ST13,Online
C03327,2018-08-12,Dhaka,ST06,Walk-in
C03328,"May 31, 2024",Rajshahi,ST07,Referral
C03329,31/10/2022,Sylhet,ST13,Referral
C03330,2020-05-18,Dhaka,ST04,Walk-in
C03331,"November 20, 2025",DHAKA,ST11,Online
C03332,2023-04-07,Rajshahi,ST16,Walk-in
C03333,2023-05-17,Rajshahi,ST17,Walk-in
C03334,2019-05-23,Dhaka,ST02,Referral
C03335,07/09/2023,khulna,ST06,Walk-in
C03336,"June 21, 2022",DHAKA,ST06,Walk-in
C03337,14/11/2025,Dhaka,ST12,Walk-in
C03338,2021-10-27,,ST04,Online
C03339,03/06/2023,Dhaka,ST20,Referral
C03340,2020-09-23,Dhaka,ST19,Walk-in
C03341,"April 28, 2018",Chattogram,ST07,Walk-in
C03342,2019-01-09,Dhaka,ST09,Walk-in
C03343,2024-12-06,Dhaka,ST09,Walk-in
C03344,26/11/2023,RAJSHAHI,ST01,Walk-in
C03345,2020-11-30,Chattogram,ST18,Referral
C03346,2023-07-31,Khulna,ST16,Online
C03347,"January 13, 2018",Sylhet,ST07,Walk-in
C03348,19/04/2018,Chattogram,ST11,Online
C03349,2022-01-21,Dhaka,ST08,Referral
C03350,30/12/2022,Rajshahi,ST05,Walk-in
C03351,"June 29, 2025",Dhaka,ST07,Walk-in
C03352,2024-01-28,Dhaka,ST03,Referral
C03353,2020-01-22,Khulna,ST17,Walk-in
C03354,"July 8, 2024",Rajshahi,ST14,Referral
C03355,2021-12-06,Sylhet,ST19,Referral
C03356,2024-08-09,Dhaka,ST01,Referral
C03357,2019-05-23,Dhaka,ST13,Walk-in
C03358,2018-03-18,Chattogram,ST12,Walk-in
C03359,2018-06-18,Rajshahi,ST13,Referral
C03360,"December 3, 2025", Chattogram ,ST20,Walk-in
C03361,2018-08-24,Dhaka,ST08,Walk-in
C03362,05/07/2025,DHAKA,ST03,Online
C03363,2023-10-24,Sylhet,ST01,Walk-in
C03364,03/03/2019,Rajshahi,ST10,Online
C03365,2024-11-28,dhaka,ST04,Social Media
C03366,"February 26, 2019",Dhaka,ST03,Online
C03367,2019-02-23,DHAKA,ST03,Walk-in
C03368,08/08/2022,dhaka,ST06,Social Media
C03369,21/04/2020,Chattogram,ST03,Online
C03370,29/04/2020,Dhaka,ST10,Walk-in
C03371,"July 24, 2019",Sylhet,ST14,Online
C03372,"November 10, 2022",Rajshahi,ST06,Walk-in
C03373,20/03/2018,Barishal,ST03,Walk-in
C03374,17/12/2019,Barishal,ST12,Online
C03375,"June 5, 2022",Dhaka,ST02,Walk-in
C03376,21/11/2021,Dhaka,ST15,Walk-in
C03377,2023-08-06,dhaka,ST08,Online
C03378,24/09/2019,Rajshahi,ST09,Walk-in
C03379,"March 7, 2023",Dhaka,ST05,Online
C03380,29/01/2024,Chattogram,ST06,Walk-in
C03381,"February 7, 2021",Dhaka,ST03,Online
C03382,20/01/2020,Dhaka,ST12,Referral
C03383,2022-06-09,rajshahi,ST03,Walk-in
C03384,18/08/2022,Sylhet,ST14,Referral
C03385,"October 2, 2018", Chattogram ,ST06,Walk-in
C03386,09/07/2022,Khulna,ST12,Walk-in
C03387,27/03/2019,Dhaka,ST11,Walk-in
C03388,"July 19, 2022",dhaka,ST13,Walk-in
C03389,2025-06-13,Chattogram,ST16,Walk-in
C03390,2022-04-18,Sylhet,ST12,Referral
C03391,"February 2, 2024",Sylhet,ST18,Referral
C03392,2020-06-23,Dhaka,ST06,Social Media
C03393,2025-05-18,Barishal,ST16,Social Media
C03394,2024-07-01,Dhaka,ST07,Walk-in
C03395,30/04/2025,chattogram,ST13,Walk-in
C03396,2023-12-06,Sylhet,ST10,Walk-in
C03397,"March 12, 2023",Barishal,ST19,Online
C03398,"March 14, 2022",,ST06,Referral
C03399,"June 3, 2025",Barishal,ST11,Walk-in
C03400,2024-10-12,Dhaka,ST04,Walk-in
C03401,2021-05-01,Sylhet,ST13,Walk-in
C03402,"September 8, 2018",Khulna,ST01,Referral
C03403,2018-01-11,Chattogram,ST09,Walk-in
C03404,13/11/2019,Chattogram,ST01,Online
C03405,2018-07-02,Barishal,ST07,Walk-in
C03406,"September 10, 2019",Dhaka,ST10,Walk-in
C03407,2018-11-16,Chattogram,ST07,Walk-in
C03408,04/11/2025,Khulna,ST08,Referral
C03409,06/10/2018,khulna,ST03,Referral
C03410,2023-01-05,Barishal,ST15,Walk-in
C03411,23/10/2020,khulna,ST16,Walk-in
C03412,2019-05-24,Dhaka,ST10,Walk-in
C03413,2023-08-10,Barishal,ST02,Walk-in
C03414,2025-10-05,Chattogram,ST02,Walk-in
C03415,27/04/2024,SYLHET,ST14,Walk-in
C03416,2025-10-18,Chattogram,ST19,Online
C03417,"September 20, 2022",Khulna,ST18,Referral
C03418,21/05/2023, Sylhet ,ST09,Online
C03419,04/03/2019,Khulna,ST10,Online
C03420,2024-10-25,Dhaka,ST04,Social Media
C03421,"December 24, 2023",Dhaka,ST02,Social Media
C03422,2020-01-12,Chattogram,ST16,Walk-in
C03423,2020-11-02,Dhaka,ST09,Walk-in
C03424,19/11/2022,Rajshahi,ST10,Walk-in
C03425,"February 7, 2018",,ST07,Referral
C03426,"July 16, 2024",Sylhet,ST07,Walk-in
C03427,"March 30, 2020",Dhaka,ST20,Walk-in
C03428,2018-08-07,Dhaka,ST17,Online
C03429,2020-08-23,Sylhet,ST14,Online
C03430,06/09/2024,Dhaka,ST08,Online
C03431,11/03/2020,Dhaka,ST15,Referral
C03432,"April 24, 2022",Dhaka,ST07,Online
C03433,28/06/2024,Dhaka,ST11,Referral
C03434,2018-04-09,Sylhet,ST03,Walk-in
C03435,2024-01-28,Dhaka,ST15,Referral
C03436,22/04/2020,Chattogram,ST02,Online
C03437,"July 25, 2023",Rajshahi,ST15,Walk-in
C03438,04/07/2019,Chattogram,ST13,Social Media
C03439,"February 10, 2019",SYLHET,ST02,Social Media
C03440,2024-04-20,Dhaka,ST11,Referral
C03441,16/06/2024,Barishal,ST05,Social Media
C03442,05/11/2025,CHATTOGRAM,ST10,Walk-in
C03443,01/06/2023,Dhaka,ST01,Walk-in
C03444,2021-09-22,,ST15,Walk-in
C03445,"July 23, 2019",Sylhet,ST11,Referral
C03446,12/05/2020,Sylhet,ST08,Referral
C03447,2023-03-08,,ST18,Social Media
C03448,07/10/2020,Dhaka,ST13,Referral
C03449,"November 12, 2021",Khulna,ST13,Online
C03450,"May 6, 2019",Rajshahi,ST03,Walk-in
C03451,2021-07-06,Chattogram,ST11,Walk-in
C03452,26/11/2019,Dhaka,ST15,Walk-in
C03453,"November 24, 2018",Dhaka,ST19,Referral
C03454,"January 21, 2019",Barishal,ST13,Walk-in
C03455,"February 22, 2022",Dhaka,ST04,Social Media
C03456,2020-12-05,Dhaka,ST14,Online
C03457,2018-10-19,Rajshahi,ST02,Walk-in
C03458,10/02/2022,Rajshahi,ST07,Referral
C03459,"April 25, 2019",Dhaka,ST19,Online
C03460,15/02/2018,khulna,ST17,Online
C03461,23/01/2019,Chattogram,ST19,Walk-in
C03462,02/08/2021,Khulna,ST08,Walk-in
C03463,17/08/2025,Dhaka,ST14,Walk-in
C03464,2019-12-07,Dhaka,ST15,Online
C03465,11/04/2020,,ST05,Referral
C03466,2019-12-10,Dhaka,ST19,Social Media
C03467,03/11/2020,Chattogram,ST20,Referral
C03468,"September 26, 2023",Dhaka,ST03,Walk-in
C03469,29/07/2020,Rajshahi,ST16,Social Media
C03470,"April 5, 2023",Khulna,ST09,Walk-in
C03471,"March 7, 2025",KHULNA,ST14,Walk-in
C03472,25/07/2025,,ST12,Online
C03473,02/07/2022,khulna,ST05,Social Media
C03474,14/09/2023,Chattogram,ST02,Social Media
C03475,"May 7, 2025",Chattogram,ST11,Referral
C03476,16/04/2024,,ST17,Walk-in
C03477,2020-05-25,Barishal,ST17,Walk-in
C03478,"January 21, 2019",Barishal,ST06,Walk-in
C03479,"December 2, 2018",Rajshahi,ST18,Online
C03480,2025-01-19,Dhaka,ST08,Walk-in
C03481,13/06/2022,BARISHAL,ST12,Walk-in
C03482,"May 15, 2020",Barishal,ST07,Walk-in
C03483,"October 5, 2020",Sylhet,ST11,Online
C03484,2020-04-02,Khulna,ST11,Online
C03485,30/05/2024,Sylhet,ST14,Walk-in
C03486,24/11/2022,Barishal,ST10,Walk-in
C03487,"January 11, 2025",Dhaka,ST11,Online
C03488,"May 31, 2020",,ST14,Online
C03489,"October 11, 2021",Dhaka,ST09,Walk-in
C03490,"December 22, 2018",Dhaka,ST11,Walk-in
C03491,2025-10-07,dhaka,ST02,Social Media
C03492,"February 3, 2022",Chattogram,ST18,Referral
C03493,2022-06-03, Dhaka ,ST03,Walk-in
C03494,"April 22, 2021",Barishal,ST18,Online
C03495,"March 2, 2020", Sylhet ,ST16,Online
C03496,01/08/2025,khulna,ST19,Walk-in
C03497,28/11/2021,Dhaka,ST01,Walk-in
C03498,"May 25, 2023",Dhaka,ST05,Social Media
C03499,19/04/2018,Rajshahi,ST02,Online
C03500,2020-03-16,Rajshahi,ST09,Walk-in
C03501,05/06/2024,Chattogram,ST19,Referral
C03502,"September 14, 2018",Khulna,ST16,Walk-in
C03503,24/10/2018,Khulna,ST15,Online
C03504,2024-06-22,Sylhet,ST17,Walk-in
C03505,20/06/2020,,ST01,Walk-in
C03506,"March 10, 2020",Rajshahi,ST16,Walk-in
C03507,"July 9, 2022",Rajshahi,ST07,Social Media
C03508,24/07/2019,Chattogram,ST14,Online
C03509,06/05/2018,Dhaka,ST16,Referral
C03510,2018-01-13,,ST14,Walk-in
C03511,2018-08-20,RAJSHAHI,ST09,Referral
C03512,"April 8, 2019",Rajshahi,ST13,Walk-in
C03513,"July 26, 2023",Dhaka,ST10,Online
C03514,"May 20, 2020",Sylhet,ST13,Walk-in
C03515,2018-07-29,Dhaka,ST10,Online
C03516,12/02/2018,Dhaka,ST08,Walk-in
C03517,"October 25, 2021",BARISHAL,ST05,Walk-in
C03518,19/09/2024,Chattogram,ST08,Referral
C03519,15/09/2020,Dhaka,ST15,Walk-in
C03520,2018-07-06,Chattogram,ST18,Walk-in
C03521,2019-10-28,Chattogram,ST03,Social Media
C03522,2021-12-29,Rajshahi,ST04,Walk-in
C03523,"July 6, 2019",,ST11,Online
C03524,"October 28, 2025",Sylhet,ST15,Referral
C03525,2024-02-08,Sylhet,ST04,Online
C03526,"October 3, 2020", Chattogram ,ST07,Walk-in
C03527,2025-08-10,Sylhet,ST01,Online
C03528,"August 7, 2020",Dhaka,ST02,Online
C03529,2019-02-14,Dhaka,ST03,Walk-in
C03530,"July 2, 2025",KHULNA,ST15,Referral
C03531,03/09/2025,Chattogram,ST18,Social Media
C03532,01/07/2020,Chattogram,ST10,Walk-in
C03533,"October 3, 2022",Dhaka,ST04,Walk-in
C03534,22/05/2019,Khulna,ST19,Online
C03535,2023-02-17,Dhaka,ST06,Walk-in
C03536,09/07/2023,Chattogram,ST04,Referral
C03537,04/09/2023,Khulna,ST03,Walk-in
C03538,19/07/2022,Chattogram,ST08,Walk-in
C03539,"August 19, 2023",Barishal,ST15,Online
C03540,"June 9, 2022",Dhaka,ST08,Social Media
C03541,2024-07-21,,ST09,Walk-in
C03542,09/06/2019,BARISHAL,ST07,Referral
C03543,"November 12, 2021",Chattogram,ST19,Walk-in
C03544,"April 30, 2021",Rajshahi,ST14,Walk-in
C03545,"April 7, 2022",Chattogram,ST14,Online
C03546,2019-02-19,Rajshahi,ST09,Walk-in
C03547,2020-08-03,Khulna,ST11,Online
C03548,18/08/2025,,ST18,Walk-in
C03549,2018-11-04,Barishal,ST14,Walk-in
C03550,30/01/2023,Sylhet,ST17,Walk-in
C03551,2023-04-25,Sylhet,ST01,Referral
C03552,17/10/2021,Dhaka,ST18,Social Media
C03553,09/04/2018,Rajshahi,ST20,Walk-in
C03554,11/04/2018, Khulna ,ST14,Walk-in
C03555,"March 15, 2020",Sylhet,ST20,Social Media
C03556,"October 27, 2018",Dhaka,ST12,Walk-in
C03557,"October 3, 2018",Chattogram,ST06,Referral
C03558,"April 13, 2019",Rajshahi,ST13,Online
C03559,11/07/2019,Barishal,ST13,Referral
C03560,"September 14, 2024",Dhaka,ST03,Walk-in
C03561,09/02/2023,Dhaka,ST05,Walk-in
C03562,"March 30, 2018",Chattogram,ST06,Walk-in
C03563,2023-01-10,Dhaka,ST11,Walk-in
C03564,"February 4, 2019",Barishal,ST03,Walk-in
C03565,14/05/2021,,ST16,Social Media
C03566,"April 22, 2018",Chattogram,ST03,Walk-in
C03567,21/09/2018,Dhaka,ST19,Walk-in
C03568,2019-01-23, Chattogram ,ST14,Walk-in
C03569,"June 19, 2021",Barishal,ST07,Walk-in
C03570,14/09/2021,Chattogram,ST08,Online
C03571,"October 27, 2020",Dhaka,ST14,Walk-in
C03572,16/12/2022,Dhaka,ST02,Referral
C03573,05/10/2023,Barishal,ST15,Referral
C03574,29/10/2023,Barishal,ST12,Walk-in
C03575,"August 18, 2022",DHAKA,ST05,Referral
C03576,2022-05-13,Sylhet,ST18,Walk-in
C03577,2021-12-06,Dhaka,ST13,Walk-in
C03578,"November 26, 2019",SYLHET,ST04,Social Media
C03579,"November 22, 2021",dhaka,ST14,Referral
C03580,30/01/2018,KHULNA,ST09,Walk-in
C03581,2025-09-22,Barishal,ST16,Walk-in
C03582,"December 16, 2020",Dhaka,ST10,Walk-in
C03583,2024-01-18,Chattogram,ST20,Online
C03584,25/08/2025,Dhaka,ST19,Online
C03585,2021-12-22,,ST01,Walk-in
C03586,"November 21, 2024",Dhaka,ST09,Social Media
C03587,31/10/2021,Dhaka,ST05,Online
C03588,2019-01-22,Barishal,ST10,Walk-in
C03589,2018-03-19,Dhaka,ST03,Referral
C03590,"February 1, 2019",Khulna,ST11,Online
C03591,"July 15, 2025",Dhaka,ST04,Walk-in
C03592,2021-10-19,Chattogram,ST13,Online
C03593,20/07/2020,Chattogram,ST10,Referral
C03594,26/07/2021,Barishal,ST20,Social Media
C03595,"January 18, 2020",dhaka,ST18,Walk-in
C03596,"December 17, 2024",Dhaka,ST13,Online
C03597,2025-12-28,Rajshahi,ST09,Referral
C03598,05/09/2018,Rajshahi,ST15,Social Media
C03599,30/09/2023,Rajshahi,ST14,Walk-in
C03600,06/09/2020,Dhaka,ST03,Online
C03601,2018-05-19,Dhaka,ST08,Referral
C03602,2025-05-16, Khulna ,ST20,Walk-in
C03603,2018-06-30,Sylhet,ST07,Walk-in
C03604,"August 25, 2019",Sylhet,ST01,Online
C03605,16/03/2018,Dhaka,ST17,Online
C03606,2021-10-08,Dhaka,ST19,Online
C03607,"October 17, 2022",Barishal,ST14,Walk-in
C03608,25/07/2020,,ST13,Referral
C03609,28/07/2018,Dhaka,ST08,Walk-in
C03610,06/12/2018,,ST08,Referral
C03611,18/06/2025,Sylhet,ST19,Walk-in
C03612,11/06/2024,dhaka,ST18,Walk-in
C03613,2025-06-28,Chattogram,ST10,Social Media
C03614,30/03/2022,Rajshahi,ST07,Referral
C03615,"May 14, 2022",Chattogram,ST04,Walk-in
C03616,2024-04-14,Sylhet,ST01,Walk-in
C03617,2022-12-06,rajshahi,ST10,Online
C03618,2021-06-28,Dhaka,ST12,Social Media
C03619,"May 2, 2020",barishal,ST14,Walk-in
C03620,"November 18, 2021",Chattogram,ST17,Social Media
C03621,"July 6, 2018",Chattogram,ST08,Walk-in
C03622,16/07/2019,Rajshahi,ST04,Online
C03623,"November 24, 2023",Sylhet,ST17,Walk-in
C03624,2024-12-09,Chattogram,ST16,Walk-in
C03625,"October 25, 2018",Sylhet,ST11,Social Media
C03626,"October 10, 2018",Khulna,ST01,Walk-in
C03627,"September 7, 2018",Khulna,ST10,Social Media
C03628,30/04/2024,Khulna,ST13,Walk-in
C03629,27/06/2020,Dhaka,ST18,Walk-in
C03630,"August 12, 2020",Chattogram,ST11,Social Media
C03631,"February 6, 2018",Sylhet,ST10,Online
C03632,2025-10-10,Dhaka,ST08,Walk-in
C03633,"June 21, 2021",Rajshahi,ST09,Online
C03634,17/05/2024,Dhaka,ST01,Walk-in
C03635,29/08/2023,Dhaka,ST03,Referral
C03636,2019-02-18,Dhaka,ST16,Walk-in
C03637,2024-05-28,Dhaka,ST08,Online
C03638,26/05/2022,Dhaka,ST18,Walk-in
C03639,2022-10-31,Sylhet,ST08,Online
C03640,08/08/2019,Sylhet,ST20,Social Media
C03641,2024-10-08,Dhaka,ST04,Referral
C03642,13/06/2025,Dhaka,ST04,Walk-in
C03643,"April 1, 2021",Khulna,ST12,Walk-in
C03644,2018-09-28,Dhaka,ST17,Walk-in
C03645,14/10/2024,Chattogram,ST03,Referral
C03646,04/02/2025,Chattogram,ST11,Walk-in
C03647,"January 18, 2022",Sylhet,ST05,Online
C03648,19/08/2022,Khulna,ST15,Walk-in
C03649,14/10/2019,Sylhet,ST12,Social Media
C03650,17/07/2018,Barishal,ST14,Online
C03651,2025-07-19,Khulna,ST06,Online
C03652,11/11/2021,Dhaka,ST06,Social Media
C03653,2020-03-13,Dhaka,ST13,Social Media
C03654,2023-07-18, Dhaka ,ST08,Online
C03655,18/03/2018,Chattogram,ST14,Referral
C03656,2018-08-22,Sylhet,ST04,Online
C03657,10/12/2019,Dhaka,ST07,Walk-in
C03658,08/08/2021,Dhaka,ST03,Walk-in
C03659,"December 6, 2020",Chattogram,ST02,Online
C03660,2019-07-02,,ST06,Online
C03661,"October 22, 2020",Rajshahi,ST10,Walk-in
C03662,"September 2, 2020",Barishal,ST03,Walk-in
C03663,"March 13, 2022",Dhaka,ST02,Online
C03664,02/07/2022,CHATTOGRAM,ST18,Walk-in
C03665,"January 22, 2025",Barishal,ST11,Online
C03666,13/06/2024,rajshahi,ST15,Online
C03667,03/05/2020,Sylhet,ST15,Walk-in
C03668,"March 20, 2025",Chattogram,ST03,Walk-in
C03669,01/03/2022,Dhaka,ST13,Walk-in
C03670,03/07/2019,Khulna,ST18,Walk-in
C03671,20/09/2020,Sylhet,ST09,Online
C03672,2023-12-06,Sylhet,ST18,Online
C03673,27/07/2024,Chattogram,ST19,Referral
C03674,28/12/2020,,ST11,Walk-in
C03675,06/04/2019,Dhaka,ST03,Online
C03676,"July 15, 2019",Rajshahi,ST13,Walk-in
C03677,"October 30, 2018",Chattogram,ST18,Referral
C03678,03/08/2023,Dhaka,ST12,Walk-in
C03679,08/01/2022,Chattogram,ST17,Online
C03680,"August 10, 2021",Barishal,ST11,Online
C03681,"May 16, 2023",Chattogram,ST09,Walk-in
C03682,"August 16, 2024",Chattogram,ST19,Social Media
C03683,2024-05-11,Sylhet,ST04,Walk-in
C03684,"February 5, 2019",Khulna,ST09,Walk-in
C03685,18/09/2022,Sylhet,ST04,Online
C03686,"January 20, 2025", Khulna ,ST14,Online
C03687,"March 9, 2024",Dhaka,ST19,Walk-in
C03688,19/08/2020,barishal,ST20,Walk-in
C03689,20/02/2021,KHULNA,ST05,Walk-in
C03690,2025-02-12,Chattogram,ST15,Referral
C03691,"April 6, 2018",Sylhet,ST18,Online
C03692,2022-03-15,Dhaka,ST17,Walk-in
C03693,2018-12-06,,ST11,Walk-in
C03694,2025-02-25,Dhaka,ST04,Social Media
C03695,"April 24, 2018",Dhaka,ST10,Referral
C03696,10/03/2018,Barishal,ST16,Walk-in
C03697,18/08/2020,Dhaka,ST13,Online
C03698,2019-08-08,Sylhet,ST08,Walk-in
C03699,2021-12-17,DHAKA,ST05,Walk-in
C03700,2020-05-24,Chattogram,ST14,Referral
C03701,2020-11-06,Chattogram,ST09,Referral
C03702,08/07/2022,Dhaka,ST10,Walk-in
C03703,"June 25, 2022",Sylhet,ST19,Referral
C03704,22/06/2025,Barishal,ST01,Online
C03705,2021-11-04,Chattogram,ST05,Referral
C03706,"July 6, 2022",Barishal,ST19,Referral
C03707,2023-06-03,Sylhet,ST19,Online
C03708,"May 24, 2019",sylhet,ST07,Social Media
C03709,02/05/2023,Dhaka,ST20,Walk-in
C03710,21/11/2024,Dhaka,ST05,Online
C03711,2020-07-17,Khulna,ST02,Walk-in
C03712,2019-06-05,Sylhet,ST07,Referral
C03713,2020-10-07,Chattogram,ST11,Walk-in
C03714,"March 14, 2020",Khulna,ST01,Walk-in
C03715,2022-09-05,DHAKA,ST04,Referral
C03716,27/11/2024,,ST16,Walk-in
C03717,"October 8, 2022",Dhaka,ST13,Walk-in
C03718,2019-01-02,Barishal,ST13,Walk-in
C03719,"July 7, 2020", Dhaka ,ST20,Online
C03720,06/07/2023, Dhaka ,ST05,Walk-in
C03721,"August 22, 2020",Rajshahi,ST18,Walk-in
C03722,2022-09-09,Dhaka,ST08,Online
C03723,"July 20, 2023",Barishal,ST19,Social Media
C03724,19/08/2020,sylhet,ST16,Referral
C03725,2023-03-06,Dhaka,ST05,Walk-in
C03726,2021-03-08,,ST05,Referral
C03727,"January 30, 2019",barishal,ST11,Referral
C03728,2020-12-22,Sylhet,ST11,Online
C03729,"July 11, 2021",Khulna,ST05,Online
C03730,07/01/2018,Dhaka,ST06,Walk-in
C03731,"February 19, 2025",Barishal,ST18,Online
C03732,"March 22, 2022",CHATTOGRAM,ST16,Online
C03733,17/04/2018,sylhet,ST04,Walk-in
C03734,09/12/2024,Chattogram,ST15,Walk-in
C03735,2024-11-02,Dhaka,ST04,Walk-in
C03736,05/02/2018,Barishal,ST09,Online
C03737,2019-04-22,Barishal,ST01,Walk-in
C03738,28/11/2020,Chattogram,ST13,Online
C03739,21/01/2022,Barishal,ST04,Referral
C03740,2023-10-21,Dhaka,ST05,Walk-in
C03741,2021-05-24,Dhaka,ST04,Walk-in
C03742,22/11/2022,Dhaka,ST04,Walk-in
C03743,2018-01-30,Chattogram,ST02,Walk-in
C03744,07/04/2023,Dhaka,ST12,Referral
C03745,2025-04-26,Chattogram,ST18,Online
C03746,2022-03-17,Dhaka,ST07,Referral
C03747,"August 21, 2021",Rajshahi,ST16,Social Media
C03748,17/05/2020,khulna,ST11,Walk-in
C03749,18/08/2025,,ST06,Online
C03750,2018-04-07,Dhaka,ST02,Walk-in
C03751,17/04/2020,Rajshahi,ST16,Walk-in
C03752,10/02/2019,DHAKA,ST01,Walk-in
C03753,2024-12-04,Rajshahi,ST09,Walk-in
C03754,"November 10, 2021",,ST01,Online
C03755,2025-05-17,Chattogram,ST16,Online
C03756,2023-04-27,DHAKA,ST20,Walk-in
C03757,14/06/2022,Khulna,ST07,Walk-in
C03758,2022-02-20,Barishal,ST07,Online
C03759,"August 15, 2019",Sylhet,ST12,Online
C03760,2022-06-30,Barishal,ST11,Online
C03761,"June 24, 2023",Barishal,ST08,Walk-in
C03762,"September 19, 2025",Dhaka,ST08,Walk-in
C03763,2022-05-23,Rajshahi,ST04,Referral
C03764,04/07/2025,Dhaka,ST06,Online
C03765,21/07/2025,Chattogram,ST12,Walk-in
C03766,2022-03-06,Dhaka,ST15,Walk-in
C03767,06/07/2021,Barishal,ST16,Walk-in
C03768,21/02/2019,Rajshahi,ST11,Online
C03769,"February 24, 2020",Dhaka,ST16,Walk-in
C03770,2025-01-10,Chattogram,ST12,Online
C03771,"February 8, 2019",,ST08,Social Media
C03772,2021-03-05,Rajshahi,ST08,Walk-in
C03773,"August 3, 2023",Barishal,ST11,Walk-in
C03774,2019-12-04, Dhaka ,ST07,Walk-in
C03775,2025-10-15,Chattogram,ST16,Walk-in
C03776,12/03/2023,Sylhet,ST04,Social Media
C03777,"March 24, 2018",Chattogram,ST02,Social Media
C03778,"December 23, 2019",CHATTOGRAM,ST10,Walk-in
C03779,03/12/2023, Dhaka ,ST02,Social Media
C03780,25/11/2024,Dhaka,ST04,Walk-in
C03781,30/05/2025,chattogram,ST08,Online
C03782,21/10/2024,Khulna,ST01,Online
C03783,2018-08-07,Dhaka,ST05,Walk-in
C03784,"November 1, 2023",,ST11,Online
C03785,2018-11-18,Rajshahi,ST08,Online
C03786,"August 12, 2018",Barishal,ST18,Walk-in
C03787,"July 14, 2023",Chattogram,ST02,Social Media
C03788,2021-10-28,Dhaka,ST15,Walk-in
C03789,2023-03-08,Rajshahi,ST12,Walk-in
C03790,2024-10-22,Chattogram,ST13,Social Media
C03791,"July 20, 2018",Rajshahi,ST14,Walk-in
C03792,2022-03-21,DHAKA,ST02,Walk-in
C03793,2024-09-02,Dhaka,ST16,Walk-in
C03794,"July 9, 2021",Dhaka,ST07,Walk-in
C03795,2022-03-09,rajshahi,ST14,Walk-in
C03796,"December 24, 2021", Chattogram ,ST06,Walk-in
C03797,"April 3, 2025",Dhaka,ST08,Online
C03798,26/05/2018,Chattogram,ST15,Walk-in
C03799,2025-01-07,Rajshahi,ST19,Referral
C03800,"July 11, 2024",Dhaka,ST18,Social Media
C03801,30/06/2024,Rajshahi,ST15,Walk-in
C03802,"April 18, 2021",,ST11,Social Media
C03803,2022-02-15,Chattogram,ST11,Referral
C03804,13/12/2020,Barishal,ST20,Social Media
C03805,"January 5, 2020",,ST05,Online
C03806,"December 31, 2024",Dhaka,ST20,Walk-in
C03807,"January 17, 2022",Dhaka,ST13,Walk-in
C03808,"October 14, 2023",Dhaka,ST13,Social Media
C03809,2018-10-22,,ST12,Online
C03810,"April 22, 2024",Chattogram,ST17,Referral
C03811,2023-04-08,Khulna,ST14,Online
C03812,"December 23, 2025",Khulna,ST02,Walk-in
C03813,"January 27, 2019",Dhaka,ST16,Walk-in
C03814,2022-04-26,Chattogram,ST15,Social Media
C03815,01/02/2022,Dhaka,ST19,Walk-in
C03816,2022-04-22,,ST19,Online
C03817,"June 8, 2018",Dhaka,ST19,Social Media
C03818,2021-10-13,Barishal,ST01,Walk-in
C03819,"May 24, 2020",Khulna,ST13,Walk-in
C03820,"December 8, 2022",Dhaka,ST19,Online
C03821,"November 9, 2019",Rajshahi,ST20,Referral
C03822,"June 24, 2021",Sylhet,ST11,Online
C03823,2022-12-16,khulna,ST19,Walk-in
C03824,"July 7, 2018",Chattogram,ST18,Walk-in
C03825,16/04/2024,,ST01,Walk-in
C03826,2023-09-21,Sylhet,ST18,Walk-in
C03827,17/06/2018,Dhaka,ST13,Walk-in
C03828,"July 9, 2018",Sylhet,ST12,Referral
C03829,2024-10-18,dhaka,ST04,Walk-in
C03830,"April 7, 2020",Rajshahi,ST19,Referral
C03831,18/11/2024,KHULNA,ST06,Social Media
C03832,28/12/2021,Dhaka,ST09,Online
C03833,26/09/2020,Chattogram,ST06,Online
C03834,2020-03-09,Rajshahi,ST20,Walk-in
C03835,2023-04-09,dhaka,ST10,Online
C03836,2018-11-17, Sylhet ,ST03,Walk-in
C03837,21/03/2021,RAJSHAHI,ST01,Walk-in
C03838,06/10/2020,Chattogram,ST20,Online
C03839,27/03/2019,Khulna,ST05,Walk-in
C03840,"October 27, 2020",Chattogram,ST16,Walk-in
C03841,2022-03-24,Sylhet,ST01,Online
C03842,"June 2, 2023",,ST18,Walk-in
C03843,10/09/2018,Dhaka,ST14,Walk-in
C03844,"December 22, 2024",dhaka,ST05,Walk-in
C03845,09/01/2025,Khulna,ST18,Walk-in
C03846,"July 14, 2023",Khulna,ST06,Online
C03847,"May 22, 2025",Khulna,ST20,Online
C03848,"June 3, 2021",Dhaka,ST12,Walk-in
C03849,27/07/2024,Chattogram,ST09,Online
C03850,25/10/2023,Rajshahi,ST02,Social Media
C03851,"July 1, 2022",RAJSHAHI,ST06,Online
C03852,09/06/2019,Dhaka,ST02,Online
C03853,2022-06-17,Khulna,ST18,Online
C03854,16/03/2025,Dhaka,ST03,Referral
C03855,"November 15, 2025",Dhaka,ST03,Social Media
C03856,2021-08-01,Khulna,ST03,Walk-in
C03857,25/12/2019,Chattogram,ST20,Walk-in
C03858,23/12/2023,Chattogram,ST20,Walk-in
C03859,10/08/2018,Sylhet,ST15,Referral
C03860,2019-03-18,Barishal,ST02,Walk-in
C03861,29/06/2022,Dhaka,ST11,Social Media
C03862,"December 1, 2025",Rajshahi,ST19,Walk-in
C03863,18/08/2020,Dhaka,ST02,Online
C03864,"July 18, 2021",Dhaka,ST16,Walk-in
C03865,30/07/2020,Chattogram,ST01,Walk-in
C03866,2021-07-10,Chattogram,ST17,Walk-in
C03867,"January 21, 2018",Dhaka,ST11,Online
C03868,2022-10-03,Chattogram,ST18,Walk-in
C03869,2022-10-08,Sylhet,ST09,Walk-in
C03870,"July 10, 2020",Sylhet,ST16,Online
C03871,10/02/2020,Rajshahi,ST17,Social Media
C03872,02/02/2024,Khulna,ST07,Referral
C03873,03/07/2019,Chattogram,ST13,Online
C03874,2018-05-18,Chattogram,ST10,Walk-in
C03875,"April 29, 2018", Chattogram ,ST09,Social Media
C03876,18/01/2025,Sylhet,ST16,Walk-in
C03877,29/11/2020,Dhaka,ST05,Social Media
C03878,2018-10-25,Dhaka,ST03,Referral
C03879,10/01/2025,,ST10,Walk-in
C03880,2019-03-10,chattogram,ST17,Walk-in
C03881,"September 10, 2020",Barishal,ST04,Online
C03882,"March 2, 2018",Sylhet,ST07,Online
C03883,06/06/2023,Chattogram,ST14,Online
C03884,"August 4, 2023",Sylhet,ST10,Social Media
C03885,19/01/2024,Sylhet,ST13,Online
C03886,08/02/2020,Chattogram,ST11,Walk-in
C03887,"August 16, 2020",Chattogram,ST17,Online
C03888,02/07/2025,Rajshahi,ST18,Walk-in
C03889,27/07/2024,Dhaka,ST09,Online
C03890,19/04/2018,,ST09,Social Media
C03891,"July 14, 2023", Chattogram ,ST06,Walk-in
C03892,01/07/2024,Rajshahi,ST09,Referral
C03893,2022-06-21,Barishal,ST17,Referral
C03894,2023-02-12,Rajshahi,ST11,Walk-in
C03895,2018-01-03,,ST14,Referral
C03896,29/03/2018,,ST09,Referral
C03897,"April 13, 2018",Sylhet,ST15,Walk-in
C03898,2019-04-10,Khulna,ST15,Walk-in
C03899,"December 3, 2025",Barishal,ST11,Walk-in
C03900,27/01/2023,Khulna,ST19,Online
C03901,"April 3, 2024",,ST18,Walk-in
C03902,"May 13, 2020",Rajshahi,ST04,Walk-in
C03903,"June 30, 2025",Khulna,ST05,Social Media
C03904,2019-08-04,Rajshahi,ST20,Online
C03905,2025-03-19,Rajshahi,ST09,Online
C03906,2018-03-31,Chattogram,ST07,Social Media
C03907,"March 1, 2018",SYLHET,ST16,Walk-in
C03908,19/08/2018,Dhaka,ST13,Walk-in
C03909,01/05/2024,Dhaka,ST03,Online
C03910,"January 22, 2020",Khulna,ST02,Walk-in
C03911,10/08/2021,,ST17,Walk-in
C03912,"October 8, 2021",Khulna,ST16,Referral
C03913,2024-04-24,Dhaka,ST08,Walk-in
C03914,"October 15, 2020",Dhaka,ST18,Online
C03915,2018-01-20,Dhaka,ST03,Online
C03916,"February 2, 2021",Khulna,ST18,Online
C03917,21/04/2020,,ST02,Walk-in
C03918,05/11/2023,Barishal,ST13,Walk-in
C03919,03/01/2024,Dhaka,ST17,Referral
C03920,"September 26, 2018",Sylhet,ST13,Social Media
C03921,2024-05-04,Rajshahi,ST16,Walk-in
C03922,25/07/2018,Dhaka,ST07,Walk-in
C03923,2022-12-15,Barishal,ST06,Online
C03924,10/02/2021,Sylhet,ST06,Walk-in
C03925,29/05/2020,Dhaka,ST03,Walk-in
C03926,2021-11-11,Dhaka,ST06,Walk-in
C03927,25/06/2020,Khulna,ST05,Walk-in
C03928,"May 7, 2024",Sylhet,ST16,Walk-in
C03929,"September 23, 2025",Rajshahi,ST05,Walk-in
C03930,10/07/2024,Rajshahi,ST04,Referral
C03931,06/07/2021,Chattogram,ST15,Walk-in
C03932,09/01/2022,Rajshahi,ST11,Walk-in
C03933,"July 29, 2021",Barishal,ST05,Walk-in
C03934,"May 6, 2024",DHAKA,ST15,Referral
C03935,"June 1, 2022",,ST05,Walk-in
C03936,"September 28, 2021",Dhaka,ST16,Walk-in
C03937,10/04/2021,Dhaka,ST01,Online
C03938,31/12/2020,Chattogram,ST12,Online
C03939,02/06/2022,Khulna,ST12,Referral
C03940,"July 5, 2023",dhaka,ST08,Walk-in
C03941,16/06/2021,,ST14,Walk-in
C03942,"June 13, 2024",,ST08,Walk-in
C03943,2024-08-11,Dhaka,ST14,Online
C03944,06/06/2021,Rajshahi,ST05,Walk-in
C03945,2025-04-08,Barishal,ST12,Walk-in
C03946,2019-05-21,Dhaka,ST16,Walk-in
C03947,"June 14, 2025",Dhaka,ST20,Social Media
C03948,2020-05-08,Barishal,ST08,Walk-in
C03949,2022-07-06,,ST10,Walk-in
C03950,08/04/2020,,ST10,Social Media
C03951,15/07/2021,Barishal,ST18,Online
C03952,"September 19, 2020",,ST20,Online
C03953,"August 22, 2023",Sylhet,ST13,Online
C03954,2018-08-26,Sylhet,ST17,Walk-in
C03955,13/09/2024,Khulna,ST02,Referral
C03956,2025-03-24,Sylhet,ST16,Walk-in
C03957,2022-07-02, Sylhet ,ST17,Social Media
C03958,"May 18, 2022",Khulna,ST15,Walk-in
C03959,2023-08-06,SYLHET,ST12,Online
C03960,2019-08-05, Chattogram ,ST18,Online
C03961,"December 30, 2023",Chattogram,ST14,Walk-in
C03962,"October 1, 2019",Chattogram,ST17,Walk-in
C03963,2023-05-30,,ST04,Referral
C03964,"June 11, 2020",Chattogram,ST14,Walk-in
C03965,2023-12-19,CHATTOGRAM,ST09,Social Media
C03966,28/04/2024,Khulna,ST18,Walk-in
C03967,2019-09-02,Chattogram,ST18,Online
C03968,2022-12-08,Dhaka,ST17,Online
C03969,"December 26, 2021",Dhaka,ST05,Walk-in
C03970,2020-05-08,Dhaka,ST10,Online
C03971,14/09/2022,,ST01,Online
C03972,"December 8, 2025",Chattogram,ST20,Online
C03973,"January 8, 2018",DHAKA,ST06,Online
C03974,"August 26, 2025",KHULNA,ST13,Online
C03975,"November 4, 2024",DHAKA,ST10,Walk-in
C03976,"March 26, 2022",Dhaka,ST19,Walk-in
C03977,17/11/2022,Khulna,ST17,Walk-in
C03978,14/12/2020,Sylhet,ST16,Online
C03979,"January 13, 2019",Rajshahi,ST13,Social Media
C03980,2022-07-27,Khulna,ST03,Walk-in
C03981,"July 11, 2024",,ST19,Online
C03982,06/11/2019,Dhaka,ST02,Walk-in
C03983,25/09/2023,Rajshahi,ST10,Online
C03984,25/12/2023,Rajshahi,ST08,Online
C03985,"January 24, 2024",Dhaka,ST08,Online
C03986,2020-09-19,Barishal,ST20,Online
C03987,18/02/2021,Chattogram,ST05,Referral
C03988,2021-04-30,Khulna,ST12,Walk-in
C03989,2024-10-30,Sylhet,ST05,Online
C03990,2025-03-14,Chattogram,ST19,Walk-in
C03991,"April 23, 2021",Dhaka,ST15,Social Media
C03992,03/10/2025,Khulna,ST09,Referral
C03993,2022-07-24,Sylhet,ST02,Walk-in
C03994,29/01/2021, Dhaka ,ST04,Walk-in
C03995,"January 2, 2018",Dhaka,ST05,Walk-in
C03996,2022-11-20,Rajshahi,ST09,Social Media
C03997,"February 27, 2023",Dhaka,ST18,Walk-in
C03998,28/09/2025, Sylhet ,ST03,Online
C03999,"September 29, 2023",Rajshahi,ST12,Walk-in
C04000,"March 28, 2018",Dhaka,ST07,Online
C04001,"July 14, 2022",Sylhet,ST01,Online
C04002,2023-12-09,Dhaka,ST13,Walk-in
C04003,2021-12-20,,ST15,Referral
C04004,2021-06-07,,ST20,Walk-in
C04005,2024-06-23,Dhaka,ST11,Referral
C04006,2022-11-21,Chattogram,ST07,Walk-in
C04007,13/06/2023,Chattogram,ST18,Online
C04008,"September 17, 2021",Barishal,ST05,Walk-in
C04009,"March 22, 2020",Chattogram,ST14,Online
C04010,2022-02-24, Sylhet ,ST19,Walk-in
C04011,"September 1, 2025",,ST01,Online
C04012,"October 26, 2022",Dhaka,ST19,Walk-in
C04013,28/08/2023,Sylhet,ST05,Walk-in
C04014,"December 29, 2018",,ST10,Referral
C04015,"November 24, 2025",Sylhet,ST06,Walk-in
C04016,"December 16, 2019",Chattogram,ST03,Walk-in
C04017,"October 7, 2025",Barishal,ST15,Online
C04018,"July 25, 2021",Chattogram,ST10,Walk-in
C04019,"May 7, 2025",Dhaka,ST11,Referral
C04020,"February 17, 2025",Khulna,ST10,Walk-in
C04021,"January 15, 2024",Khulna,ST15,Social Media
C04022,29/04/2025,,ST20,Referral
C04023,2022-11-15,RAJSHAHI,ST11,Walk-in
C04024,"October 14, 2024",Dhaka,ST04,Walk-in
C04025,2019-05-18,Sylhet,ST07,Online
C04026,2018-07-25,Dhaka,ST10,Referral
C04027,06/05/2022,DHAKA,ST03,Walk-in
C04028,22/06/2024, Barishal ,ST05,Walk-in
C04029,13/02/2024,Rajshahi,ST05,Walk-in
C04030,"March 22, 2022",Dhaka,ST20,Referral
C04031,01/03/2022,Dhaka,ST09,Online
C04032,2022-11-16,Barishal,ST18,Walk-in
C04033,10/12/2024,dhaka,ST12,Online
C04034,2024-09-24,Dhaka,ST11,Referral
C04035,17/11/2018,Dhaka,ST19,Social Media
C04036,06/10/2022,Dhaka,ST14,Walk-in
C04037,2021-01-17,,ST05,Walk-in
C04038,"May 23, 2024",Barishal,ST06,Walk-in
C04039,2022-01-17,Dhaka,ST14,Online
C04040,"December 4, 2025",Chattogram,ST01,Walk-in
C04041,16/06/2021,rajshahi,ST04,Walk-in
C04042,07/06/2023,Sylhet,ST02,Referral
C04043,"November 14, 2018",Rajshahi,ST15,Online
C04044,15/06/2025,Sylhet,ST09,Walk-in
C04045,2019-03-25,Sylhet,ST01,Walk-in
C04046,09/01/2021,Sylhet,ST15,Walk-in
C04047,"September 11, 2024",Rajshahi,ST14,Walk-in
C04048,25/09/2025,Rajshahi,ST15,Walk-in
C04049,"November 15, 2021",Rajshahi,ST04,Walk-in
C04050,"November 16, 2021",Dhaka,ST18,Walk-in
C04051,2018-05-23,Rajshahi,ST04,Referral
C04052,"October 29, 2025",Rajshahi,ST12,Referral
C04053,"February 18, 2018",Dhaka,ST12,Walk-in
C04054,18/03/2018,Khulna,ST05,Online
C04055,14/10/2021,Dhaka,ST08,Walk-in
C04056,11/01/2018,Dhaka,ST02,Referral
C04057,2019-04-25,Khulna,ST10,Referral
C04058,"January 7, 2023", Dhaka ,ST14,Online
C04059,21/08/2023,Chattogram,ST07,Online
C04060,"May 20, 2020",,ST11,Walk-in
C04061,11/05/2024,Khulna,ST20,Walk-in
C04062,2022-11-10,chattogram,ST05,Walk-in
C04063,"October 29, 2019",Rajshahi,ST06,Walk-in
C04064,"September 12, 2023",Rajshahi,ST03,Online
C04065,"September 26, 2022",Sylhet,ST11,Walk-in
C04066,"June 29, 2024",,ST05,Walk-in
C04067,27/03/2019,Khulna,ST18,Online
C04068,"November 6, 2019",Chattogram,ST06,Referral
C04069,05/06/2020,Barishal,ST14,Online
C04070,2020-09-23,Chattogram,ST04,Online
C04071,2025-02-08,Dhaka,ST07,Referral
C04072,10/11/2023,Dhaka,ST04,Walk-in
C04073,2022-05-08,Sylhet,ST12,Online
C04074,28/04/2022,Dhaka,ST01,Walk-in
C04075,30/01/2025,Sylhet,ST02,Walk-in
C04076,2021-07-28,Chattogram,ST11,Social Media
C04077,"October 20, 2019",Chattogram,ST11,Walk-in
C04078,"February 4, 2019",Dhaka,ST07,Walk-in
C04079,"August 21, 2020",Khulna,ST09,Walk-in
C04080,23/03/2023,Chattogram,ST09,Social Media
C04081,07/10/2021, Dhaka ,ST16,Referral
C04082,"May 16, 2021",Chattogram,ST09,Walk-in
C04083,"November 2, 2021",CHATTOGRAM,ST17,Online
C04084,2025-10-17,Sylhet,ST05,Walk-in
C04085,"December 23, 2025",Chattogram,ST04,Online
C04086,"April 16, 2019",Dhaka,ST09,Walk-in
C04087,2018-12-01,Khulna,ST02,Walk-in
C04088,"December 15, 2019",Chattogram,ST14,Online
C04089,2024-10-23,Dhaka,ST08,Social Media
C04090,03/09/2021,,ST08,Walk-in
C04091,2024-11-26,Sylhet,ST11,Walk-in
C04092,"March 4, 2023",SYLHET,ST02,Social Media
C04093,2022-06-04,Chattogram,ST08,Walk-in
C04094,"April 2, 2020",,ST20,Walk-in
C04095,2020-10-01,Chattogram,ST13,Online
C04096,"March 8, 2019",dhaka,ST12,Walk-in
C04097,"February 25, 2022",Dhaka,ST11,Walk-in
C04098,"March 29, 2020",BARISHAL,ST10,Walk-in
C04099,04/05/2020,Sylhet,ST19,Walk-in
C04100,"April 26, 2018",Chattogram,ST19,Online
C04101,"May 22, 2024",,ST09,Referral
C04102,2025-07-05,Rajshahi,ST19,Walk-in
C04103,25/12/2021,Dhaka,ST02,Online
C04104,15/04/2022, Dhaka ,ST07,Walk-in
C04105,2025-05-27,Dhaka,ST07,Walk-in
C04106,2022-02-02,Rajshahi,ST14,Online
C04107,2022-12-24,Sylhet,ST13,Walk-in
C04108,04/06/2021,Dhaka,ST10,Online
C04109,10/02/2022,Dhaka,ST06,Walk-in
C04110,"March 4, 2022",Sylhet,ST11,Online
C04111,"September 8, 2023",Sylhet,ST06,Social Media
C04112,"October 31, 2022",Rajshahi,ST10,Walk-in
C04113,11/01/2022,Dhaka,ST07,Social Media
C04114,10/08/2018,Rajshahi,ST18,Walk-in
C04115,"March 26, 2025",Barishal,ST15,Walk-in
C04116,2025-02-06,Sylhet,ST04,Walk-in
C04117,"June 23, 2019",Dhaka,ST19,Referral
C04118,"May 6, 2020",Rajshahi,ST14,Online
C04119,13/10/2025,,ST08,Social Media
C04120,26/07/2020,Dhaka,ST11,Online
C04121,"June 29, 2024",,ST04,Walk-in
C04122,2024-04-13,Khulna,ST01,Referral
C04123,"November 18, 2024",CHATTOGRAM,ST09,Social Media
C04124,"February 16, 2018",Khulna,ST16,Referral
C04125,11/11/2021,chattogram,ST08,Online
C04126,2022-07-10,Chattogram,ST08,Referral
C04127,10/09/2024,Dhaka,ST20,Walk-in
C04128,"October 18, 2019",Sylhet,ST20,Social Media
C04129,2020-06-14,Dhaka,ST10,Social Media
C04130,"June 10, 2019",Chattogram,ST01,Online
C04131,03/02/2024,Dhaka,ST14,Walk-in
C04132,"December 26, 2025",Chattogram,ST15,Walk-in
C04133,15/02/2019,Chattogram,ST19,Social Media
C04134,"November 12, 2019",Dhaka,ST19,Referral
C04135,"June 15, 2020",DHAKA,ST13,Online
C04136,2025-02-08,Barishal,ST03,Social Media
C04137,"July 25, 2021", Dhaka ,ST05,Online
C04138,"April 3, 2020",Dhaka,ST15,Referral
C04139,"July 30, 2020",Dhaka,ST13,Walk-in
C04140,"October 13, 2022",Chattogram,ST09,Walk-in
C04141,04/02/2021,Rajshahi,ST09,Online
C04142,"February 14, 2019",Dhaka,ST15,Walk-in
C04143,22/07/2024,Chattogram,ST09,Walk-in
C04144,2021-05-17,Sylhet,ST04,Referral
C04145,2020-01-20,Dhaka,ST20,Walk-in
C04146,"October 29, 2023",Barishal,ST07,Online
C04147,17/12/2023,Barishal,ST06,Walk-in
C04148,29/03/2019,Dhaka,ST02,Referral
C04149,"August 4, 2018",,ST10,Walk-in
C04150,"May 13, 2018",Dhaka,ST20,Online
C04151,"February 14, 2024",Dhaka,ST04,Online
C04152,"January 2, 2023",Chattogram,ST05,Walk-in
C04153,"May 1, 2024",Sylhet,ST04,Walk-in
C04154,04/01/2023,Chattogram,ST02,Walk-in
C04155,18/03/2021,Dhaka,ST13,Walk-in
C04156,18/09/2022,Dhaka,ST06,Walk-in
C04157,2023-10-11,Barishal,ST16,Walk-in
C04158,10/03/2021,Barishal,ST09,Online
C04159,26/04/2025,Dhaka,ST13,Walk-in
C04160,"March 11, 2025",Sylhet,ST02,Walk-in
C04161,2024-05-27,Chattogram,ST07,Walk-in
C04162,"December 7, 2025",rajshahi,ST09,Walk-in
C04163,"February 14, 2021",Sylhet,ST02,Online
C04164,"November 30, 2018",Khulna,ST09,Online
C04165,2021-11-14,DHAKA,ST10,Online
C04166,"December 18, 2023",Dhaka,ST09,Walk-in
C04167,25/03/2024,Barishal,ST11,Walk-in
C04168,"February 8, 2021", Dhaka ,ST16,Walk-in
C04169,2020-05-04,DHAKA,ST16,Online
C04170,24/07/2021,Rajshahi,ST01,Walk-in
C04171,"June 5, 2024",Rajshahi,ST13,Referral
C04172,"June 26, 2018",Rajshahi,ST19,Online
C04173,"August 15, 2020",Rajshahi,ST18,Online
C04174,2019-11-03,rajshahi,ST07,Online
C04175,"June 11, 2024",Dhaka,ST16,Social Media
C04176,03/10/2021,Sylhet,ST17,Walk-in
C04177,11/09/2018,Rajshahi,ST08,Walk-in
C04178,"February 4, 2020",Khulna,ST18,Referral
C04179,"May 10, 2018",Dhaka,ST13,Online
C04180,"October 20, 2021",,ST16,Walk-in
C04181,23/12/2025,Rajshahi,ST15,Walk-in
C04182,2022-07-15,Dhaka,ST16,Walk-in
C04183,"December 13, 2024",Dhaka,ST20,Referral
C04184,09/12/2023,Khulna,ST18,Walk-in
C04185,21/01/2025, Chattogram ,ST09,Walk-in
C04186,2020-06-27,dhaka,ST12,Walk-in
C04187,09/08/2025,Dhaka,ST13,Social Media
C04188,2019-11-28, Dhaka ,ST18,Online
C04189,"July 3, 2021",Rajshahi,ST08,Walk-in
C04190,2023-06-13, Chattogram ,ST07,Social Media
C04191,2020-04-17,dhaka,ST15,Walk-in
C04192,12/02/2020,Chattogram,ST20,Referral
C04193,"January 15, 2019",DHAKA,ST19,Online
C04194,13/01/2018,Dhaka,ST03,Walk-in
C04195,03/01/2022,Dhaka,ST19,Referral
C04196,2025-11-21,Chattogram,ST16,Social Media
C04197,"October 5, 2019",,ST04,Walk-in
C04198,09/07/2021,Dhaka,ST01,Walk-in
C04199,24/06/2025,Chattogram,ST05,Referral
C04200,05/03/2024,chattogram,ST19,Walk-in
C04201,2018-01-12,,ST16,Online
C04202,01/01/2022,Dhaka,ST12,Walk-in
C04203,2019-02-23,Dhaka,ST13,Referral
C04204,"December 23, 2019",Chattogram,ST09,Online
C04205,"December 21, 2019",Rajshahi,ST19,Social Media
C04206,2022-11-24,Dhaka,ST04,Walk-in
C04207,04/08/2019,Rajshahi,ST07,Social Media
C04208,"January 6, 2020",Rajshahi,ST05,Online
C04209,2019-10-22,DHAKA,ST17,Online
C04210,"November 8, 2020",Dhaka,ST11,Online
C04211,"March 31, 2023",Dhaka,ST14,Walk-in
C04212,2021-03-13,Dhaka,ST19,Online
C04213,"August 14, 2020",Chattogram,ST04,Walk-in
C04214,20/02/2022,Dhaka,ST20,Walk-in
C04215,01/12/2022,,ST03,Online
C04216,14/02/2018,CHATTOGRAM,ST16,Walk-in
C04217,"February 12, 2025",Rajshahi,ST15,Online
C04218,2025-04-29,Rajshahi,ST17,Walk-in
C04219,"October 26, 2022",Chattogram,ST04,Walk-in
C04220,05/08/2022,Barishal,ST20,Online
C04221,22/07/2023,Barishal,ST16,Walk-in
C04222,11/07/2021,chattogram,ST03,Social Media
C04223,03/12/2020,,ST12,Social Media
C04224,"October 26, 2020",Chattogram,ST17,Walk-in
C04225,12/04/2019,,ST10,Walk-in
C04226,22/09/2024,Chattogram,ST08,Walk-in
C04227,"July 25, 2020", Chattogram ,ST06,Referral
C04228,"April 10, 2020",chattogram,ST11,Walk-in
C04229,"September 16, 2025",Rajshahi,ST20,Social Media
C04230,19/01/2022,Dhaka,ST13,Social Media
C04231,2022-12-21,chattogram,ST15,Walk-in
C04232,2019-12-18,Dhaka,ST16,Online
C04233,21/03/2020,RAJSHAHI,ST16,Walk-in
C04234,28/10/2023,Sylhet,ST09,Online
C04235,2021-08-09,Dhaka,ST16,Walk-in
C04236,08/03/2019,SYLHET,ST07,Online
C04237,"September 5, 2024",Dhaka,ST12,Walk-in
C04238,22/03/2021,Rajshahi,ST07,Referral
C04239,2023-05-06,Sylhet,ST19,Walk-in
C04240,"September 23, 2020",Chattogram,ST15,Online
C04241,"June 26, 2022",Rajshahi,ST12,Social Media
C04242,"March 14, 2024",Khulna,ST10,Online
C04243,2025-01-28,RAJSHAHI,ST11,Online
C04244,29/08/2019,Chattogram,ST16,Walk-in
C04245,2023-05-18,Rajshahi,ST06,Walk-in
C04246,24/04/2025,Chattogram,ST17,Walk-in
C04247,20/02/2023,Rajshahi,ST06,Social Media
C04248,"February 22, 2019",Khulna,ST03,Walk-in
C04249,2019-07-09,Dhaka,ST15,Walk-in
C04250,2019-08-16,Dhaka,ST15,Referral
C04251,"November 7, 2018",Dhaka,ST07,Walk-in
C04252,10/01/2024,Dhaka,ST13,Referral
C04253,19/09/2025,Chattogram,ST15,Walk-in
C04254,18/02/2022,Dhaka,ST16,Walk-in
C04255,2022-10-15,Sylhet,ST20,Online
C04256,"March 9, 2024",Dhaka,ST18,Online
C04257,2021-04-28,Dhaka,ST09,Social Media
C04258,"October 11, 2021",sylhet,ST05,Walk-in
C04259,16/09/2022,Chattogram,ST02,Walk-in
C04260,2020-06-08,Chattogram,ST12,Walk-in
C04261,30/06/2018,Rajshahi,ST14,Walk-in
C04262,"July 16, 2022",Barishal,ST14,Online
C04263,28/07/2024,Sylhet,ST01,Walk-in
C04264,2018-08-02,Dhaka,ST15,Online
C04265,"September 25, 2019",Dhaka,ST16,Social Media
C04266,"February 7, 2020",Barishal,ST15,Walk-in
C04267,"June 7, 2024",Rajshahi,ST11,Online
C04268,13/01/2022,Rajshahi,ST01,Walk-in
C04269,10/04/2022,Rajshahi,ST10,Referral
C04270,"February 28, 2023",Dhaka,ST13,Walk-in
C04271,2020-03-18,Chattogram,ST12,Online
C04272,"September 15, 2023",Rajshahi,ST12,Walk-in
C04273,30/03/2018,khulna,ST11,Walk-in
C04274,2018-11-29,Dhaka,ST12,Walk-in
C04275,"July 10, 2024",Sylhet,ST07,Walk-in
C04276,"April 6, 2023",dhaka,ST13,Referral
C04277,31/05/2019,Barishal,ST06,Walk-in
C04278,"July 5, 2021",Dhaka,ST10,Social Media
C04279,"June 1, 2018",Rajshahi,ST09,Walk-in
C04280,"May 16, 2023",Dhaka,ST15,Walk-in
C04281,17/01/2024,Sylhet,ST18,Walk-in
C04282,"March 23, 2020",Sylhet,ST13,Walk-in
C04283,2020-10-19,Dhaka,ST03,Referral
C04284,2019-11-23,,ST14,Walk-in
C04285,10/02/2021,Khulna,ST07,Referral
C04286,2020-03-06,Khulna,ST01,Walk-in
C04287,23/12/2019,Dhaka,ST04,Walk-in
C04288,2021-06-10,Rajshahi,ST20,Walk-in
C04289,2024-11-13,Sylhet,ST09,Online
C04290,06/02/2024,Sylhet,ST05,Online
C04291,"May 18, 2020", Chattogram ,ST03,Social Media
C04292,"July 16, 2025",Sylhet,ST14,Walk-in
C04293,"September 6, 2019",Dhaka,ST16,Walk-in
C04294,"April 13, 2025",chattogram,ST08,Referral
C04295,22/06/2020,Dhaka,ST03,Online
C04296,27/04/2022,,ST08,Referral
C04297,2019-08-17,Dhaka,ST14,Walk-in
C04298,2024-02-04,Dhaka,ST03,Online
C04299,2020-07-16,Rajshahi,ST06,Walk-in
C04300,22/12/2024,Chattogram,ST01,Social Media
C04301,31/08/2018,Dhaka,ST10,Walk-in
C04302,2022-01-05,Rajshahi,ST04,Referral
C04303,08/04/2019,,ST04,Walk-in
C04304,"February 8, 2025",Khulna,ST03,Referral
C04305,"May 2, 2021",Khulna,ST15,Referral
C04306,"May 24, 2023",barishal,ST10,Referral
C04307,"January 12, 2025",Sylhet,ST19,Walk-in
C04308,2022-04-14,Barishal,ST08,Walk-in
C04309,"June 17, 2018",barishal,ST05,Referral
C04310,"October 7, 2019",,ST05,Online
C04311,2019-09-14,Khulna,ST20,Online
C04312,23/04/2025,Rajshahi,ST12,Walk-in
C04313,2025-04-06,Rajshahi,ST07,Walk-in
C04314,2021-10-24,Khulna,ST14,Walk-in
C04315,2025-02-11,,ST12,Online
C04316,20/12/2019,Chattogram,ST03,Walk-in
C04317,"June 7, 2023",Sylhet,ST15,Walk-in
C04318,18/02/2021,Rajshahi,ST03,Referral
C04319,2019-12-04,,ST04,Online
C04320,"January 1, 2020",Khulna,ST15,Referral
C04321,10/05/2021,Rajshahi,ST09,Walk-in
C04322,18/09/2020,barishal,ST05,Walk-in
C04323,2019-09-09,Dhaka,ST02,Online
C04324,"September 2, 2020",barishal,ST12,Walk-in
C04325,2019-01-11,Dhaka,ST14,Online
C04326,2025-10-02,Sylhet,ST05,Walk-in
C04327,2021-01-14,Dhaka,ST09,Online
C04328,10/11/2018,Sylhet,ST07,Walk-in
C04329,2022-08-09,Chattogram,ST18,Online
C04330,2025-01-22,DHAKA,ST16,Referral
C04331,"November 17, 2020",sylhet,ST06,Walk-in
C04332,"October 4, 2024",Rajshahi,ST11,Walk-in
C04333,2022-11-19,Dhaka,ST19,Walk-in
C04334,"November 29, 2023",Rajshahi,ST07,Online
C04335,"May 15, 2020",Dhaka,ST03,Walk-in
C04336,2018-04-18,dhaka,ST06,Walk-in
C04337,06/10/2020,,ST13,Referral
C04338,"May 23, 2025",Sylhet,ST20,Online
C04339,27/04/2024,,ST07,Online
C04340,2024-04-08,Sylhet,ST02,Walk-in
C04341,08/01/2025,Khulna,ST04,Social Media
C04342,2020-12-25,Sylhet,ST09,Walk-in
C04343,29/07/2020,Rajshahi,ST02,Walk-in
C04344,"May 25, 2025",barishal,ST01,Online
C04345,2022-07-27,Chattogram,ST14,Walk-in
C04346,2020-05-20,Dhaka,ST17,Online
C04347,23/03/2020,Dhaka,ST05,Walk-in
C04348,05/01/2025,Sylhet,ST11,Walk-in
C04349,05/06/2018,Chattogram,ST12,Online
C04350,2018-06-30,Dhaka,ST14,Walk-in
C04351,25/11/2023,Khulna,ST20,Online
C04352,2018-01-04,Barishal,ST18,Online
C04353,15/05/2019, Dhaka ,ST07,Walk-in
C04354,2025-12-02,Dhaka,ST20,Online
C04355,2021-05-28,DHAKA,ST01,Referral
C04356,2023-10-26,Chattogram,ST20,Referral
C04357,"November 23, 2021",Khulna,ST03,Walk-in
C04358,2018-09-22,SYLHET,ST03,Online
C04359,23/06/2019,Dhaka,ST03,Social Media
C04360,2024-02-01,Chattogram,ST03,Online
C04361,04/10/2018,Dhaka,ST10,Walk-in
C04362,2022-10-03,Chattogram,ST13,Walk-in
C04363,2020-10-13,Chattogram,ST15,Online
C04364,"December 17, 2020",Sylhet,ST01,Referral
C04365,"August 12, 2025", Chattogram ,ST06,Social Media
C04366,05/11/2022,Khulna,ST03,Social Media
C04367,"December 2, 2022",Dhaka,ST03,Walk-in
C04368,2020-10-20,Rajshahi,ST15,Online
C04369,2021-01-18,Dhaka,ST13,Walk-in
C04370,26/06/2023,Dhaka,ST05,Walk-in
C04371,2018-04-24,Khulna,ST07,Walk-in
C04372,2019-11-24,Rajshahi,ST19,Social Media
C04373,"October 19, 2022",Dhaka,ST12,Walk-in
C04374,"December 26, 2022",Chattogram,ST05,Walk-in
C04375,2018-09-27,Rajshahi,ST19,Walk-in
C04376,2024-04-19,Barishal,ST04,Walk-in
C04377,04/05/2022,Sylhet,ST06,Online
C04378,26/11/2019,Dhaka,ST14,Walk-in
C04379,05/01/2024,,ST11,Walk-in
C04380,"December 3, 2025",Dhaka,ST02,Walk-in
C04381,2021-05-21,Dhaka,ST17,Referral
C04382,2020-04-07,Sylhet,ST05,Online
C04383,"May 24, 2020",Rajshahi,ST14,Referral
C04384,"September 27, 2022",Dhaka,ST07,Walk-in
C04385,"May 19, 2018",Rajshahi,ST16,Walk-in
C04386,"November 12, 2021",Rajshahi,ST18,Walk-in
C04387,14/03/2018,Rajshahi,ST16,Social Media
C04388,"April 23, 2018",,ST19,Walk-in
C04389,"June 9, 2021",Chattogram,ST11,Walk-in
C04390,"December 17, 2023",Dhaka,ST02,Social Media
C04391,23/01/2025,,ST11,Social Media
C04392,2018-09-13,,ST10,Walk-in
C04393,14/12/2019,Dhaka,ST15,Referral
C04394,"May 16, 2021", Dhaka ,ST05,Walk-in
C04395,"August 4, 2022",Dhaka,ST14,Walk-in
C04396,2025-11-22,Khulna,ST09,Walk-in
C04397,"June 22, 2023",Rajshahi,ST14,Social Media
C04398,"April 22, 2022",Dhaka,ST09,Walk-in
C04399,27/06/2018,Barishal,ST08,Referral
C04400,"August 24, 2018",DHAKA,ST05,Walk-in
C04401,"March 24, 2019",Chattogram,ST17,Online
C04402,14/04/2023,Khulna,ST02,Online
C04403,"August 25, 2020",Chattogram,ST05,Referral
C04404,2019-12-05,Dhaka,ST09,Social Media
C04405,"May 11, 2023",,ST04,Referral
C04406,08/07/2024,Chattogram,ST19,Online
C04407,"July 5, 2021",,ST07,Walk-in
C04408,"January 19, 2025",Chattogram,ST05,Social Media
C04409,14/11/2023,Chattogram,ST06,Walk-in
C04410,23/09/2023,Dhaka,ST04,Walk-in
C04411,"December 8, 2024",Chattogram,ST14,Online
C04412,"June 21, 2019",Dhaka,ST10,Walk-in
C04413,24/01/2024,Khulna,ST05,Online
C04414,2025-08-28,Rajshahi,ST18,Walk-in
C04415,07/12/2025,Chattogram,ST14,Walk-in
C04416,2022-08-15,Rajshahi,ST09,Social Media
C04417,2024-01-12,Dhaka,ST11,Social Media
C04418,2025-02-07,Dhaka,ST14,Walk-in
C04419,24/10/2024,Chattogram,ST04,Social Media
C04420,2025-03-06,chattogram,ST17,Walk-in
C04421,"August 27, 2024", Rajshahi ,ST06,Walk-in
C04422,18/01/2021,,ST01,Social Media
C04423,"November 3, 2023",Chattogram,ST11,Online
C04424,2021-04-13,chattogram,ST18,Referral
C04425,"May 30, 2024",Sylhet,ST15,Walk-in
C04426,23/06/2024,Dhaka,ST07,Walk-in
C04427,2025-06-22,,ST08,Walk-in
C04428,2022-09-14, Barishal ,ST12,Social Media
C04429,2021-10-19,Khulna,ST05,Walk-in
C04430,"April 29, 2019",,ST17,Walk-in
C04431,"February 7, 2023",Dhaka,ST06,Walk-in
C04432,12/07/2022,Dhaka,ST05,Online
C04433,2022-02-12,CHATTOGRAM,ST02,Walk-in
C04434,"May 29, 2023",Barishal,ST14,Referral
C04435,2024-10-21,Dhaka,ST01,Online
C04436,"March 11, 2019",Dhaka,ST17,Walk-in
C04437,"June 13, 2021",Dhaka,ST20,Walk-in
C04438,"October 11, 2023",Rajshahi,ST03,Walk-in
C04439,"July 21, 2024",Rajshahi,ST02,Online
C04440,"March 22, 2024",rajshahi,ST19,Referral
C04441,"May 23, 2024",Dhaka,ST03,Walk-in
C04442,01/11/2024,rajshahi,ST09,Online
C04443,"September 9, 2025",Chattogram,ST18,Walk-in
C04444,"November 11, 2022",Dhaka,ST03,Referral
C04445,"December 28, 2019",Dhaka,ST14,Social Media
C04446,"July 4, 2022",Chattogram,ST08,Referral
C04447,"September 4, 2023",Dhaka,ST09,Walk-in
C04448,2018-10-22,Barishal,ST19,Walk-in
C04449,20/01/2024,Chattogram,ST13,Social Media
C04450,2022-05-09,Chattogram,ST07,Walk-in
C04451,26/06/2025,Rajshahi,ST19,Online
C04452,"September 11, 2019",Sylhet,ST12,Social Media
C04453,2025-04-02,,ST02,Referral
C04454,01/08/2021, Sylhet ,ST08,Online
C04455,"August 2, 2022",Dhaka,ST05,Online
C04456,"April 12, 2023",,ST13,Social Media
C04457,"August 19, 2022",Rajshahi,ST18,Walk-in
C04458,2025-03-24,Sylhet,ST01,Social Media
C04459,"May 4, 2019",Chattogram,ST16,Walk-in
C04460,2023-11-02, Dhaka ,ST19,Referral
C04461,"October 17, 2025",Chattogram,ST20,Social Media
C04462,2019-10-05,Dhaka,ST14,Online
C04463,15/01/2020,,ST07,Walk-in
C04464,19/10/2021,CHATTOGRAM,ST03,Walk-in
C04465,2023-10-18,Khulna,ST19,Referral
C04466,01/09/2025,Chattogram,ST09,Online
C04467,12/05/2024,Khulna,ST07,Walk-in
C04468,"May 7, 2024",Dhaka,ST15,Referral
C04469,2021-07-12,Dhaka,ST15,Social Media
C04470,28/02/2023,Dhaka,ST17,Referral
C04471,"September 9, 2019",DHAKA,ST18,Online
C04472,"September 14, 2021",Khulna,ST18,Social Media
C04473,2019-07-06,RAJSHAHI,ST04,Referral
C04474,2018-03-21,Sylhet,ST04,Walk-in
C04475,2024-11-05,Chattogram,ST05,Social Media
C04476,"June 7, 2024",Sylhet,ST13,Online
C04477,2022-01-31,Sylhet,ST12,Social Media
C04478,"February 12, 2018",khulna,ST18,Referral
C04479,2018-09-21,Sylhet,ST17,Online
C04480,2018-11-23,Rajshahi,ST17,Walk-in
C04481,25/09/2023,Dhaka,ST02,Walk-in
C04482,"August 18, 2019",Barishal,ST14,Walk-in
C04483,"January 1, 2020", Dhaka ,ST18,Online
C04484,"November 19, 2024",Chattogram,ST20,Referral
C04485,"January 3, 2025",,ST07,Walk-in
C04486,"February 7, 2024",Dhaka,ST16,Walk-in
C04487,22/06/2020,Dhaka,ST09,Online
C04488,"August 21, 2022",Chattogram,ST04,Walk-in
C04489,08/08/2019,chattogram,ST07,Walk-in
C04490,"November 10, 2024",,ST06,Walk-in
C04491,05/09/2018,Khulna,ST19,Online
C04492,2023-12-14,chattogram,ST04,Online
C04493,2022-02-02,,ST03,Referral
C04494,2024-01-21,Sylhet,ST12,Walk-in
C04495,"August 9, 2021",Khulna,ST12,Walk-in
C04496,07/04/2019,dhaka,ST12,Referral
C04497,2024-01-03, Chattogram ,ST03,Social Media
C04498,17/01/2023,Dhaka,ST10,Walk-in
C04499,18/09/2021,Dhaka,ST19,Referral
C04500,2020-12-24,Rajshahi,ST02,Referral
C04501,30/09/2020,Dhaka,ST16,Social Media
C04502,2021-11-05,Chattogram,ST03,Walk-in
C04503,04/02/2020,RAJSHAHI,ST05,Walk-in
C04504,2020-04-04,Dhaka,ST18,Walk-in
C04505,"March 23, 2020",Chattogram,ST06,Referral
C04506,2018-02-07,Rajshahi,ST11,Referral
C04507,"June 2, 2025",Khulna,ST08,Walk-in
C04508,22/11/2019,Dhaka,ST13,Walk-in
C04509,2019-04-28,Barishal,ST09,Walk-in
C04510,2019-03-18,Khulna,ST09,Online
C04511,2025-11-25,Sylhet,ST17,Social Media
C04512,2021-10-24,Chattogram,ST12,Walk-in
C04513,2020-08-12,Rajshahi,ST12,Online
C04514,25/03/2021,Khulna,ST17,Online
C04515,2018-09-16, Dhaka ,ST09,Referral
C04516,2020-07-04,,ST17,Referral
C04517,28/12/2019,KHULNA,ST15,Walk-in
C04518,03/06/2024,Chattogram,ST18,Online
C04519,"June 20, 2018",Rajshahi,ST10,Referral
C04520,2021-05-27,Chattogram,ST12,Social Media
C04521,25/04/2024,Rajshahi,ST03,Online
C04522,31/08/2024,Khulna,ST03,Walk-in
C04523,05/02/2022,Dhaka,ST03,Online
C04524,2019-10-12,Dhaka,ST13,Online
C04525,2020-09-11,Dhaka,ST07,Walk-in
C04526,2019-10-12,Khulna,ST06,Social Media
C04527,2023-04-18,chattogram,ST13,Walk-in
C04528,"May 4, 2020",Khulna,ST08,Social Media
C04529,16/01/2023,Chattogram,ST03,Walk-in
C04530,2023-03-30,Dhaka,ST12,Walk-in
C04531,07/07/2025,Khulna,ST12,Online
C04532,"December 17, 2020",Sylhet,ST03,Online
C04533,2025-09-07,Chattogram,ST06,Referral
C04534,16/03/2021,Dhaka,ST05,Online
C04535,"June 11, 2023", Dhaka ,ST14,Walk-in
C04536,16/04/2023,Dhaka,ST05,Social Media
C04537,2024-07-16,,ST01,Online
C04538,01/10/2021,,ST06,Walk-in
C04539,02/05/2024,Dhaka,ST10,Referral
C04540,"November 3, 2020",Dhaka,ST16,Walk-in
C04541,"December 5, 2021",Dhaka,ST02,Walk-in
C04542,"December 30, 2021",Chattogram,ST18,Online
C04543,2023-08-20,Barishal,ST07,Online
C04544,2022-12-11,Chattogram,ST07,Online
C04545,"August 17, 2018",Dhaka,ST01,Social Media
C04546,2024-06-20,SYLHET,ST06,Walk-in
C04547,2024-01-23,Khulna,ST10,Social Media
C04548,2018-11-02,Rajshahi,ST13,Walk-in
C04549,2025-09-09,Khulna,ST16,Walk-in
C04550,2023-04-14, Barishal ,ST11,Walk-in
C04551,06/09/2018, Sylhet ,ST03,Walk-in
C04552,2021-12-05,Barishal,ST08,Walk-in
C04553,2024-09-07,,ST15,Referral
C04554,28/03/2020,Khulna,ST13,Referral
C04555,17/06/2025,Khulna,ST12,Online
C04556,06/05/2021,Khulna,ST11,Walk-in
C04557,"October 23, 2019",Chattogram,ST11,Referral
C04558,06/11/2020,Rajshahi,ST20,Walk-in
C04559,13/03/2022, Dhaka ,ST12,Online
C04560,"July 3, 2023",Sylhet,ST12,Online
C04561,2025-06-02,Chattogram,ST07,Walk-in
C04562,24/07/2019,Sylhet,ST10,Online
C04563,"September 4, 2025",Rajshahi,ST15,Social Media
C04564,"March 21, 2022",Dhaka,ST18,Walk-in
C04565,"January 9, 2019",dhaka,ST16,Online
C04566,29/05/2025,,ST14,Social Media
C04567,16/10/2020,Sylhet,ST16,Walk-in
C04568,18/12/2022,Rajshahi,ST01,Walk-in
C04569,2023-08-01, Rajshahi ,ST06,Walk-in
C04570,"February 9, 2018",Dhaka,ST05,Referral
C04571,09/10/2019,Khulna,ST14,Walk-in
C04572,"June 28, 2023", Rajshahi ,ST16,Walk-in
C04573,2020-08-06,Dhaka,ST03,Walk-in
C04574,"January 28, 2018",Dhaka,ST04,Social Media
C04575,2018-03-10,CHATTOGRAM,ST10,Referral
C04576,"August 10, 2024",CHATTOGRAM,ST20,Online
C04577,2019-03-25,,ST01,Social Media
C04578,21/10/2018,Dhaka,ST18,Online
C04579,2022-07-01,Dhaka,ST04,Social Media
C04580,"December 14, 2018",Dhaka,ST06,Walk-in
C04581,2023-03-23,Dhaka,ST13,Walk-in
C04582,"May 8, 2022",Khulna,ST15,Referral
C04583,2023-03-10,Chattogram,ST18,Walk-in
C04584,"December 6, 2021",Chattogram,ST01,Walk-in
C04585,22/03/2024,Sylhet,ST01,Referral
C04586,26/02/2023,Chattogram,ST10,Online
C04587,27/04/2021,Dhaka,ST12,Walk-in
C04588,14/02/2018,dhaka,ST06,Walk-in
C04589,09/03/2020,Dhaka,ST13,Walk-in
C04590,"January 19, 2019",Sylhet,ST06,Walk-in
C04591,15/02/2018,Chattogram,ST19,Walk-in
C04592,2020-03-08, Chattogram ,ST04,Online
C04593,"August 27, 2019",Sylhet,ST14,Referral
C04594,13/08/2018,Barishal,ST11,Walk-in
C04595,01/07/2020,Dhaka,ST03,Walk-in
C04596,19/01/2022,Chattogram,ST13,Online
C04597,2019-06-05,Chattogram,ST03,Walk-in
C04598,"March 8, 2020",Rajshahi,ST11,Walk-in
C04599,"February 28, 2018",Rajshahi,ST13,Walk-in
C04600,28/05/2018,Rajshahi,ST02,Online
C04601,2019-04-05,Dhaka,ST05,Walk-in
C04602,2021-08-15,Chattogram,ST06,Walk-in
C04603,"April 30, 2023",Khulna,ST19,Online
C04604,2024-04-20,Chattogram,ST05,Referral
C04605,"January 13, 2023",Barishal,ST19,Online
C04606,2022-12-07,CHATTOGRAM,ST11,Social Media
C04607,"June 25, 2025",CHATTOGRAM,ST19,Online
C04608,17/01/2020,Chattogram,ST17,Walk-in
C04609,"May 19, 2024",Chattogram,ST06,Walk-in
C04610,"June 28, 2025",Khulna,ST12,Walk-in
C04611,"July 16, 2022",DHAKA,ST15,Walk-in
C04612,2024-09-20,Sylhet,ST02,Walk-in
C04613,06/02/2019,Sylhet,ST14,Walk-in
C04614,2025-01-10,Khulna,ST10,Online
C04615,2022-07-06,Sylhet,ST01,Online
C04616,2019-10-09,Barishal,ST18,Walk-in
C04617,"June 29, 2018",Khulna,ST06,Online
C04618,2023-10-04, Dhaka ,ST18,Walk-in
C04619,2021-06-12,KHULNA,ST05,Online
C04620,24/06/2020,Barishal,ST11,Online
C04621,13/02/2021,Dhaka,ST08,Walk-in
C04622,2025-12-03, Sylhet ,ST18,Walk-in
C04623,"June 3, 2021",Dhaka,ST20,Social Media
C04624,"August 19, 2018",Sylhet,ST16,Online
C04625,"March 28, 2020",Dhaka,ST17,Online
C04626,"March 1, 2019",,ST16,Walk-in
C04627,2023-06-26,Chattogram,ST06,Walk-in
C04628,26/05/2024,Sylhet,ST19,Walk-in
C04629,2024-09-21,DHAKA,ST11,Social Media
C04630,23/01/2023,Rajshahi,ST07,Walk-in
C04631,2024-02-23, Chattogram ,ST04,Walk-in
C04632,"May 3, 2021",,ST15,Social Media
C04633,08/01/2023,Dhaka,ST06,Walk-in
C04634,09/11/2018,Dhaka,ST14,Walk-in
C04635,21/04/2022,Chattogram,ST02,Online
C04636,16/06/2022,Barishal,ST13,Walk-in
C04637,01/04/2018,DHAKA,ST13,Social Media
C04638,2022-05-21,Rajshahi,ST11,Walk-in
C04639,2023-10-12,Dhaka,ST14,Referral
C04640,"December 9, 2020",RAJSHAHI,ST20,Walk-in
C04641,11/05/2022,Dhaka,ST17,Referral
C04642,2020-04-15, Chattogram ,ST09,Referral
C04643,"March 1, 2020",Chattogram,ST18,Referral
C04644,2019-01-14,Dhaka,ST20,Referral
C04645,15/08/2020,Dhaka,ST04,Online
C04646,"June 3, 2024",Chattogram,ST08,Walk-in
C04647,24/06/2025,,ST15,Walk-in
C04648,2023-01-31,Barishal,ST11,Walk-in
C04649,29/12/2022,Chattogram,ST03,Walk-in
C04650,2022-11-28,Khulna,ST10,Walk-in
C04651,21/10/2021,Chattogram,ST08,Online
C04652,20/05/2021,Dhaka,ST15,Online
C04653,2022-12-19,Dhaka,ST11,Social Media
C04654,"April 9, 2024",Chattogram,ST03,Walk-in
C04655,2021-04-23,,ST01,Referral
C04656,"July 11, 2022",Khulna,ST06,Online
C04657,"October 4, 2021",Rajshahi,ST04,Social Media
C04658,2020-04-13,Sylhet,ST18,Referral
C04659,"April 27, 2020",Chattogram,ST06,Walk-in
C04660,2018-08-19,,ST13,Walk-in
C04661,2021-07-08,,ST03,Social Media
C04662,2023-09-12,Dhaka,ST09,Online
C04663,2023-06-25,dhaka,ST19,Referral
C04664,18/11/2025,Dhaka,ST13,Referral
C04665,27/04/2018,dhaka,ST06,Online
C04666,31/01/2024,,ST15,Referral
C04667,"May 10, 2024",Dhaka,ST11,Social Media
C04668,2021-06-28,Dhaka,ST05,Social Media
C04669,2020-04-06,Khulna,ST20,Walk-in
C04670,2020-11-08,Barishal,ST19,Walk-in
C04671,2023-06-17,Chattogram,ST12,Walk-in
C04672,22/11/2024,Chattogram,ST01,Walk-in
C04673,20/02/2023,Rajshahi,ST09,Referral
C04674,2022-02-10,,ST11,Referral
C04675,"March 21, 2023",,ST19,Walk-in
C04676,"July 26, 2018",Dhaka,ST15,Walk-in
C04677,"November 11, 2022",Chattogram,ST05,Online
C04678,04/05/2018,Barishal,ST11,Referral
C04679,01/09/2025,Rajshahi,ST04,Online
C04680,09/02/2025, Barishal ,ST10,Walk-in
C04681,24/01/2022,Rajshahi,ST11,Walk-in
C04682,"December 28, 2020",Sylhet,ST11,Online
C04683,"November 9, 2023",Rajshahi,ST09,Online
C04684,05/02/2023,sylhet,ST09,Referral
C04685,22/08/2023,,ST16,Social Media
C04686,14/02/2022,Dhaka,ST11,Walk-in
C04687,"November 21, 2019",Chattogram,ST01,Walk-in
C04688,02/08/2018,Dhaka,ST15,Walk-in
C04689,2020-04-07,Chattogram,ST13,Walk-in
C04690,"March 25, 2022",dhaka,ST14,Walk-in
C04691,2021-05-23,sylhet,ST15,Walk-in
C04692,18/01/2022,Dhaka,ST04,Walk-in
C04693,21/03/2020,Dhaka,ST20,Referral
C04694,01/07/2025,Chattogram,ST20,Walk-in
C04695,06/12/2020,Dhaka,ST03,Referral
C04696,2024-10-06,Barishal,ST05,Walk-in
C04697,2021-02-15,Chattogram,ST05,Walk-in
C04698,2021-07-19,Chattogram,ST20,Walk-in
C04699,2022-10-30,Dhaka,ST19,Walk-in
C04700,2020-02-08,Khulna,ST06,Walk-in
C04701,05/10/2019,Sylhet,ST13,Referral
C04702,2021-01-12,Chattogram,ST05,Social Media
C04703,"June 6, 2024",Dhaka,ST01,Walk-in
C04704,"February 27, 2019",Rajshahi,ST05,Walk-in
C04705,2021-07-01,BARISHAL,ST02,Walk-in
C04706,"May 17, 2023", Chattogram ,ST17,Referral
C04707,2023-08-25,Dhaka,ST16,Walk-in
C04708,22/06/2021,Dhaka,ST04,Walk-in
C04709,"August 26, 2018",dhaka,ST12,Referral
C04710,"February 16, 2018",Rajshahi,ST05,Referral
C04711,"October 4, 2021",Barishal,ST12,Online
C04712,"June 23, 2024",Barishal,ST18,Walk-in
C04713,24/03/2018,Rajshahi,ST18,Walk-in
C04714,04/02/2025, Dhaka ,ST17,Walk-in
C04715,"May 28, 2023",Barishal,ST05,Online
C04716,2018-01-24,Dhaka,ST04,Referral
C04717,30/09/2020,Dhaka,ST04,Walk-in
C04718,2019-10-06,,ST03,Referral
C04719,03/08/2025,Dhaka,ST13,Walk-in
C04720,"June 8, 2022",Khulna,ST14,Referral
C04721,2020-08-04,Barishal,ST18,Walk-in
C04722,2020-03-22,Rajshahi,ST02,Walk-in
C04723,05/07/2022,Rajshahi,ST06,Walk-in
C04724,15/01/2018,chattogram,ST15,Online
C04725,22/01/2020,Dhaka,ST14,Walk-in
C04726,2019-04-28,Rajshahi,ST09,Walk-in
C04727,"December 16, 2022",Sylhet,ST04,Referral
C04728,"May 9, 2023",Khulna,ST10,Online
C04729,25/09/2021,Dhaka,ST04,Online
C04730,2019-02-13,Dhaka,ST11,Online
C04731,"December 18, 2020",Chattogram,ST19,Online
C04732,2024-09-27,Rajshahi,ST04,Online
C04733,2019-08-18,Rajshahi,ST03,Walk-in
C04734,2019-04-23, Barishal ,ST15,Walk-in
C04735,"November 22, 2018",Dhaka,ST01,Walk-in
C04736,"July 12, 2024",Chattogram,ST20,Walk-in
C04737,2018-12-17,Dhaka,ST16,Walk-in
C04738,2022-08-26,,ST09,Walk-in
C04739,2025-12-27,Chattogram,ST08,Walk-in
C04740,18/02/2023,Sylhet,ST08,Referral
C04741,18/04/2021,Chattogram,ST08,Online
C04742,2019-08-27,Chattogram,ST17,Online
C04743,2018-01-06,Sylhet,ST16,Social Media
C04744,"March 31, 2019",Khulna,ST05,Walk-in
C04745,14/08/2025,Dhaka,ST04,Walk-in
C04746,2019-02-24,Dhaka,ST11,Walk-in
C04747,28/02/2018,RAJSHAHI,ST14,Online
C04748,2024-07-10,Rajshahi,ST15,Walk-in
C04749,2021-05-07,Khulna,ST07,Referral
C04750,2020-11-08,Dhaka,ST10,Walk-in
C04751,27/09/2023,Chattogram,ST03,Walk-in
C04752,2022-03-08,Khulna,ST10,Online
C04753,"April 24, 2025",Chattogram,ST14,Walk-in
C04754,2021-09-27,CHATTOGRAM,ST07,Online
C04755,13/09/2023,Barishal,ST07,Online
C04756,2025-01-10,Dhaka,ST10,Referral
C04757,"September 15, 2021",Rajshahi,ST18,Online
C04758,10/04/2020,KHULNA,ST13,Walk-in
C04759,"October 16, 2025",Dhaka,ST19,Walk-in
C04760,"October 25, 2019",RAJSHAHI,ST02,Online
C04761,"April 25, 2018",Chattogram,ST17,Walk-in
C04762,16/08/2022,Khulna,ST01,Walk-in
C04763,2025-11-21,Khulna,ST07,Walk-in
C04764,"September 10, 2018",Khulna,ST09,Online
C04765,"October 16, 2024",dhaka,ST05,Walk-in
C04766,21/08/2024,Rajshahi,ST20,Social Media
C04767,"June 5, 2025",Barishal,ST18,Walk-in
C04768,15/05/2021,SYLHET,ST12,Walk-in
C04769,"January 14, 2020",Sylhet,ST10,Walk-in
C04770,"February 4, 2022",Dhaka,ST16,Walk-in
C04771,2019-02-20,Khulna,ST15,Walk-in
C04772,27/09/2024,DHAKA,ST10,Online
C04773,"April 21, 2023",Dhaka,ST17,Walk-in
C04774,2021-11-12,barishal,ST04,Walk-in
C04775,15/02/2022,Barishal,ST06,Walk-in
C04776,2023-09-11,Barishal,ST01,Walk-in
C04777,"March 8, 2022",Chattogram,ST03,Social Media
C04778,"September 18, 2024",Dhaka,ST04,Walk-in
C04779,2025-05-23,CHATTOGRAM,ST13,Referral
C04780,2025-08-05,Dhaka,ST18,Walk-in
C04781,2022-12-16,Khulna,ST12,Walk-in
C04782,"December 9, 2023",Sylhet,ST09,Referral
C04783,27/06/2020,chattogram,ST06,Walk-in
C04784,22/04/2018,Dhaka,ST03,Referral
C04785,2021-03-14,,ST12,Walk-in
C04786,"December 20, 2024",Khulna,ST03,Walk-in
C04787,25/01/2019,Rajshahi,ST16,Social Media
C04788,13/05/2022,Dhaka,ST09,Walk-in
C04789,16/07/2019,Dhaka,ST08,Social Media
C04790,07/06/2021,Chattogram,ST01,Social Media
C04791,"February 23, 2019",Dhaka,ST05,Walk-in
C04792,2023-11-16,Barishal,ST01,Walk-in
C04793,"June 24, 2024", Sylhet ,ST15,Referral
C04794,"January 24, 2024",Dhaka,ST10,Walk-in
C04795,21/08/2023,Rajshahi,ST16,Online
C04796,2019-11-18,Chattogram,ST12,Walk-in
C04797,"March 29, 2022",Dhaka,ST20,Walk-in
C04798,2018-11-02,Sylhet,ST16,Online
C04799,29/12/2020,,ST03,Online
C04800,16/01/2022, Chattogram ,ST03,Online
C04801,07/05/2023,Khulna,ST18,Online
C04802,2018-10-10,Barishal,ST06,Walk-in
C04803,2024-07-01,Dhaka,ST16,Walk-in
C04804,02/09/2021,Sylhet,ST13,Walk-in
C04805,"January 17, 2025",Dhaka,ST15,Walk-in
C04806,2022-03-21,Sylhet,ST06,Walk-in
C04807,"May 17, 2022",,ST07,Online
C04808,16/07/2023,Sylhet,ST12,Walk-in
C04809,22/07/2024,,ST01,Walk-in
C04810,06/04/2019,Barishal,ST07,Online
C04811,"February 2, 2022",Khulna,ST11,Walk-in
C04812,"March 29, 2018",,ST05,Social Media
C04813,"October 17, 2021",,ST06,Walk-in
C04814,2024-07-03,Dhaka,ST20,Walk-in
C04815,02/12/2024,Rajshahi,ST06,Referral
C04816,"April 7, 2020",DHAKA,ST19,Online
C04817,02/02/2021,Dhaka,ST19,Referral
C04818,30/05/2022,Rajshahi,ST14,Walk-in
C04819,"March 2, 2021",Chattogram,ST04,Walk-in
C04820,04/06/2019,Chattogram,ST05,Online
C04821,2020-06-09,Chattogram,ST19,Walk-in
C04822,"March 25, 2021",Dhaka,ST01,Online
C04823,"February 23, 2022",Dhaka,ST11,Walk-in
C04824,2025-05-12,,ST12,Walk-in
C04825,"May 10, 2022", Sylhet ,ST17,Walk-in
C04826,04/02/2021, Dhaka ,ST18,Referral
C04827,"April 13, 2023",Chattogram,ST06,Walk-in
C04828,"March 7, 2024",,ST11,Social Media
C04829,11/06/2021,Sylhet,ST13,Walk-in
C04830,"November 29, 2021",Khulna,ST20,Walk-in
C04831,2019-09-29,Chattogram,ST12,Walk-in
C04832,"November 30, 2024",Chattogram,ST03,Online
C04833,"December 6, 2024",Sylhet,ST19,Referral
C04834,"May 26, 2019",Dhaka,ST11,Walk-in
C04835,2020-10-07,Dhaka,ST04,Walk-in
C04836,2020-03-05,Dhaka,ST04,Online
C04837,2025-05-18,Khulna,ST05,Walk-in
C04838,"July 10, 2018",Dhaka,ST15,Online
C04839,"August 29, 2019",Sylhet,ST19,Online
C04840,08/07/2020,Sylhet,ST09,Walk-in
C04841,24/06/2022,Chattogram,ST02,Online
C04842,2019-12-29,Khulna,ST18,Online
C04843,16/04/2022,Rajshahi,ST13,Walk-in
C04844,22/12/2023,Dhaka,ST12,Walk-in
C04845,"August 16, 2024",Rajshahi,ST02,Walk-in
C04846,"October 17, 2018",Chattogram,ST20,Referral
C04847,"February 10, 2019",Dhaka,ST02,Online
C04848,"October 5, 2018",Rajshahi,ST13,Walk-in
C04849,2025-04-11,RAJSHAHI,ST12,Walk-in
C04850,20/03/2023,Dhaka,ST11,Walk-in
C04851,2022-04-01,,ST12,Walk-in
C04852,28/04/2024,Sylhet,ST08,Walk-in
C04853,08/09/2022,Sylhet,ST12,Walk-in
C04854,19/11/2019,Dhaka,ST08,Walk-in
C04855,2022-01-29,Dhaka,ST10,Online
C04856,2023-08-16,Chattogram,ST14,Online
C04857,16/04/2018,Sylhet,ST15,Walk-in
C04858,2022-11-06,chattogram,ST04,Online
C04859,2021-12-22,Rajshahi,ST20,Walk-in
C04860,2018-07-22,Dhaka,ST02,Walk-in
C04861,2020-02-09,Rajshahi,ST06,Social Media
C04862,02/08/2021,Khulna,ST07,Online
C04863,2020-09-27,Rajshahi,ST07,Walk-in
C04864,"April 26, 2020",Rajshahi,ST08,Walk-in
C04865,11/03/2023,khulna,ST07,Online
C04866,26/03/2021,DHAKA,ST09,Walk-in
C04867,24/12/2021,Rajshahi,ST16,Social Media
C04868,"May 20, 2024",Barishal,ST17,Walk-in
C04869,"September 30, 2018",Sylhet,ST07,Walk-in
C04870,"November 16, 2020",Dhaka,ST06,Online
C04871,02/08/2018,Barishal,ST14,Online
C04872,2025-05-31,Dhaka,ST02,Walk-in
C04873,2019-06-27,dhaka,ST09,Social Media
C04874,22/07/2024,Dhaka,ST05,Social Media
C04875,12/07/2019,Chattogram,ST13,Walk-in
C04876,2020-08-04,chattogram,ST02,Walk-in
C04877,2022-11-12,Chattogram,ST17,Walk-in
C04878,"August 24, 2024",Barishal,ST06,Online
C04879,04/06/2019,Chattogram,ST11,Online
C04880,15/09/2019,Chattogram,ST12,Walk-in
C04881,"January 18, 2025",Khulna,ST10,Social Media
C04882,"July 29, 2020",KHULNA,ST09,Walk-in
C04883,2019-09-05,Dhaka,ST06,Referral
C04884,12/12/2023,Dhaka,ST16,Referral
C04885,2018-09-24,Sylhet,ST11,Walk-in
C04886,2024-12-06,Khulna,ST05,Walk-in
C04887,"January 1, 2025",Sylhet,ST06,Walk-in
C04888,"November 6, 2024",Dhaka,ST09,Social Media
C04889,2020-05-12,Rajshahi,ST17,Walk-in
C04890,30/11/2018, Sylhet ,ST20,Referral
C04891,27/05/2021,Sylhet,ST08,Walk-in
C04892,03/09/2020,khulna,ST08,Walk-in
C04893,"September 1, 2025",Rajshahi,ST03,Social Media
C04894,2023-01-19,Sylhet,ST11,Walk-in
C04895,20/07/2025,Sylhet,ST05,Online
C04896,02/01/2024,Sylhet,ST17,Walk-in
C04897,19/09/2023, Chattogram ,ST11,Walk-in
C04898,23/11/2018,,ST05,Walk-in
C04899,2018-07-21,Rajshahi,ST19,Walk-in
C04900,16/05/2018,Sylhet,ST17,Online
C04901,"September 29, 2022",Chattogram,ST07,Walk-in
C04902,2019-08-12,Dhaka,ST03,Walk-in
C04903,28/11/2025,Rajshahi,ST06,Walk-in
C04904,2019-01-23,Sylhet,ST08,Online
C04905,27/07/2025,Dhaka,ST09,Referral
C04906,2023-05-04,Chattogram,ST17,Online
C04907,"November 6, 2018",Dhaka,ST20,Social Media
C04908,"June 20, 2018",Barishal,ST15,Walk-in
C04909,2021-03-02, Khulna ,ST17,Walk-in
C04910,"September 16, 2020",Sylhet,ST03,Online
C04911,10/07/2020,Chattogram,ST03,Walk-in
C04912,"March 24, 2022",Rajshahi,ST19,Online
C04913,14/01/2019,Chattogram,ST13,Referral
C04914,2019-01-14,Barishal,ST05,Walk-in
C04915,2023-07-22,Dhaka,ST16,Social Media
C04916,2025-12-01,Dhaka,ST04,Walk-in
C04917,2020-03-10,sylhet,ST16,Online
C04918,"June 14, 2025",Dhaka,ST18,Walk-in
C04919,04/10/2020,Sylhet,ST10,Online
C04920,07/09/2020,Rajshahi,ST14,Walk-in
C04921,"September 21, 2018",Dhaka,ST15,Social Media
C04922,"May 21, 2021",Chattogram,ST18,Social Media
C04923,2021-12-25,,ST12,Online
C04924,"April 23, 2023",Khulna,ST06,Online
C04925,2019-04-07,Chattogram,ST05,Online
C04926,2019-07-05,Dhaka,ST08,Online
C04927,15/06/2021,Sylhet,ST02,Online
C04928,23/07/2018,Chattogram,ST14,Online
C04929,2019-02-23,Rajshahi,ST08,Referral
C04930,11/01/2023,Sylhet,ST15,Online
C04931,17/08/2025,Dhaka,ST02,Walk-in
C04932,01/08/2022,Rajshahi,ST07,Social Media
C04933,28/02/2019,Chattogram,ST08,Walk-in
C04934,03/12/2025,Dhaka,ST02,Walk-in
C04935,04/03/2022,Sylhet,ST17,Social Media
C04936,"September 25, 2023",Barishal,ST12,Walk-in
C04937,"July 30, 2019",Rajshahi,ST17,Walk-in
C04938,"August 17, 2022",Dhaka,ST17,Online
C04939,2018-08-11,Rajshahi,ST01,Referral
C04940,2023-01-02,Dhaka,ST18,Walk-in
C04941,2019-08-14,,ST02,Walk-in
C04942,"April 9, 2025",Chattogram,ST18,Walk-in
C04943,09/06/2018,Dhaka,ST14,Walk-in
C04944,"March 21, 2023",Dhaka,ST17,Walk-in
C04945,"February 12, 2019",Barishal,ST10,Walk-in
C04946,"June 30, 2023",Dhaka,ST04,Social Media
C04947,2021-12-11,khulna,ST03,Online
C04948,26/09/2025,Sylhet,ST03,Referral
C04949,19/03/2023,Chattogram,ST17,Social Media
C04950,2020-12-22,Dhaka,ST11,Social Media
C04951,13/09/2018,Dhaka,ST05,Online
C04952,"October 6, 2022",Dhaka,ST03,Walk-in
C04953,2021-07-11,Sylhet,ST02,Referral
C04954,2018-06-03,Barishal,ST06,Online
C04955,25/08/2022,Khulna,ST15,Walk-in
C04956,"September 6, 2019",Dhaka,ST18,Walk-in
C04957,15/11/2019,Dhaka,ST13,Walk-in
C04958,2018-01-27,Dhaka,ST20,Walk-in
C04959,22/12/2020,BARISHAL,ST08,Referral
C04960,2019-09-30,,ST07,Walk-in
C04961,"July 29, 2018",Dhaka,ST14,Walk-in
C04962,2021-06-22,Sylhet,ST03,Walk-in
C04963,2019-10-05,Sylhet,ST19,Referral
C04964,27/01/2019,Dhaka,ST16,Walk-in
C04965,"September 24, 2021",Rajshahi,ST01,Walk-in
C04966,2018-07-04, Dhaka ,ST04,Referral
C04967,"December 2, 2025",Dhaka,ST13,Referral
C04968,07/10/2021,,ST15,Online
C04969,"December 19, 2025",Chattogram,ST05,Online
C04970,17/01/2025,barishal,ST15,Walk-in
C04971,2025-10-31,Chattogram,ST10,Social Media
C04972,"May 4, 2022",Rajshahi,ST14,Online
C04973,"May 20, 2021",Dhaka,ST09,Online
C04974,04/10/2023,Rajshahi,ST10,Walk-in
C04975,"August 24, 2018",Barishal,ST08,Online
C04976,19/09/2024,Chattogram,ST04,Walk-in
C04977,2020-08-02,BARISHAL,ST04,Walk-in
C04978,"January 22, 2018",Sylhet,ST04,Online
C04979,"November 26, 2019",Rajshahi,ST17,Referral
C04980,"December 9, 2019",Dhaka,ST09,Walk-in
C04981,11/02/2018,Sylhet,ST08,Referral
C04982,"May 7, 2023",Chattogram,ST18,Walk-in
C04983,2018-10-06,Barishal,ST18,Online
C04984,"October 8, 2024",KHULNA,ST05,Walk-in
C04985,2021-08-16,Chattogram,ST08,Walk-in
C04986,"September 29, 2023",Barishal,ST09,Referral
C04987,18/09/2020,Khulna,ST17,Walk-in
C04988,"January 21, 2019",,ST14,Social Media
C04989,11/06/2019,Dhaka,ST11,Walk-in
C04990,01/03/2023,Dhaka,ST05,Online
C04991,23/09/2023, Dhaka ,ST08,Walk-in
C04992,"February 21, 2020",Dhaka,ST01,Online
C04993,2020-11-08,,ST15,Social Media
C04994,22/07/2025,Dhaka,ST19,Online
C04995,2024-10-23,Rajshahi,ST16,Walk-in
C04996,21/04/2021,Sylhet,ST07,Referral
C04997,"December 5, 2019",Sylhet,ST10,Online
C04998,29/05/2020,Dhaka,ST20,Walk-in
C04999,22/04/2022,SYLHET,ST09,Online
C05000,2022-07-14,Sylhet,ST17,Online
C05001,22/06/2019,Sylhet,ST12,Referral
C05002,2018-07-12,Dhaka,ST10,Walk-in
C05003,"December 17, 2021",RAJSHAHI,ST12,Walk-in
C05004,17/05/2024,Dhaka,ST05,Social Media
C05005,"March 22, 2019",,ST09,Online
C05006,2021-04-07,Chattogram,ST07,Online
C05007,2019-04-17,Dhaka,ST16,Social Media
C05008,09/12/2019,khulna,ST13,Walk-in
C05009,23/11/2022,Dhaka,ST08,Walk-in
C05010,"April 15, 2020",Barishal,ST17,Referral
C05011,2020-02-10,Khulna,ST10,Online
C05012,"December 17, 2025",Chattogram,ST20,Social Media
C05013,"May 19, 2019",Dhaka,ST13,Online
C05014,07/07/2019,Dhaka,ST18,Walk-in
C05015,07/06/2025,,ST20,Walk-in
C05016,26/05/2022,Sylhet,ST07,Walk-in
C05017,2018-05-06,Dhaka,ST06,Social Media
C05018,25/05/2021,,ST17,Walk-in
C05019,"July 9, 2022",Dhaka,ST05,Online
C05020,"January 10, 2020",Sylhet,ST16,Walk-in
C05021,"May 20, 2022",Chattogram,ST04,Walk-in
C05022,09/03/2023,Dhaka,ST18,Walk-in
C05023,2020-01-02,,ST14,Online
C05024,30/06/2024, Dhaka ,ST11,Walk-in
C05025,"August 15, 2021",Chattogram,ST09,Social Media
C05026,"September 14, 2025",Sylhet,ST13,Social Media
C05027,14/09/2018,Barishal,ST08,Walk-in
C05028,2020-08-04,chattogram,ST08,Referral
C05029,08/10/2023,Khulna,ST05,Walk-in
C05030,2025-02-26, Chattogram ,ST04,Walk-in
C05031,2019-10-10,khulna,ST18,Walk-in
C05032,02/11/2025,Dhaka,ST15,Referral
C05033,2019-07-19, Rajshahi ,ST09,Online
C05034,2021-04-30,Dhaka,ST17,Walk-in
C05035,08/07/2020,Barishal,ST13,Online
C05036,"May 24, 2021",Barishal,ST12,Online
C05037,19/03/2025,Chattogram,ST03,Online
C05038,10/11/2023,Chattogram,ST11,Online
C05039,2024-05-14,Sylhet,ST03,Referral
C05040,2020-01-12, Dhaka ,ST14,Online
C05041,27/07/2025, Rajshahi ,ST02,Walk-in
C05042,2021-06-25,rajshahi,ST11,Referral
C05043,2023-03-19,Chattogram,ST08,Walk-in
C05044,2023-07-31,Dhaka,ST03,Online
C05045,2023-04-20,Khulna,ST10,Online
C05046,"October 24, 2022",,ST05,Walk-in
C05047,"November 2, 2021",Sylhet,ST05,Walk-in
C05048,2023-03-07,Dhaka,ST18,Online
C05049,2025-03-28,Dhaka,ST07,Referral
C05050,"February 12, 2021",DHAKA,ST09,Referral
C05051,2022-01-31,Chattogram,ST01,Online
C05052,10/06/2019,,ST07,Walk-in
C05053,02/11/2020,Chattogram,ST08,Walk-in
C05054,"March 4, 2024",Rajshahi,ST15,Referral
C05055,13/02/2023,Rajshahi,ST03,Walk-in
C05056,09/09/2019,Dhaka,ST19,Online
C05057,"May 14, 2022",Dhaka,ST03,Walk-in
C05058,28/06/2024,sylhet,ST14,Walk-in
C05059,29/12/2018,Sylhet,ST01,Online
C05060,"June 30, 2018",Sylhet,ST17,Online
C05061,2021-02-20,Dhaka,ST14,Online
C05062,"April 2, 2023",Khulna,ST17,Walk-in
C05063,03/07/2020,Dhaka,ST19,Referral
C05064,2024-07-25,SYLHET,ST17,Walk-in
C05065,"October 8, 2024",Dhaka,ST13,Referral
C05066,04/04/2022,Sylhet,ST17,Online
C05067,11/01/2021,Chattogram,ST02,Walk-in
C05068,2018-05-02,Rajshahi,ST13,Online
C05069,26/07/2024,Dhaka,ST20,Online
C05070,"February 27, 2025",,ST08,Online
C05071,"July 15, 2021",Dhaka,ST20,Online
C05072,17/02/2022,,ST11,Walk-in
C05073,"January 10, 2024",Dhaka,ST10,Social Media
C05074,2023-07-24,Dhaka,ST07,Walk-in
C05075,31/01/2019,Rajshahi,ST03,Walk-in
C05076,"May 18, 2023",Dhaka,ST18,Referral
C05077,2025-05-23,,ST15,Walk-in
C05078,"January 2, 2024",Khulna,ST09,Social Media
C05079,"November 4, 2021",Khulna,ST20,Walk-in
C05080,2022-03-08,Khulna,ST04,Walk-in
C05081,"January 29, 2020",Dhaka,ST16,Walk-in
C05082,14/04/2023,Chattogram,ST10,Walk-in
C05083,"December 7, 2019",Rajshahi,ST13,Walk-in
C05084,"September 25, 2020",DHAKA,ST01,Walk-in
C05085,14/02/2020,Rajshahi,ST13,Walk-in
C05086,06/09/2020,Dhaka,ST14,Walk-in
C05087,06/12/2020,Khulna,ST20,Walk-in
C05088,31/08/2018,Sylhet,ST07,Walk-in
C05089,2023-09-27,Chattogram,ST02,Walk-in
C05090,2021-07-11,Chattogram,ST02,Walk-in
C05091,"August 4, 2025",Dhaka,ST03,Walk-in
C05092,2019-06-13,Dhaka,ST06,Walk-in
C05093,08/05/2023,Rajshahi,ST17,Walk-in
C05094,08/06/2019,Chattogram,ST04,Walk-in
C05095,2022-05-17,,ST03,Social Media
C05096,"December 4, 2021",dhaka,ST01,Walk-in
C05097,"August 2, 2021",Rajshahi,ST08,Walk-in
C05098,27/03/2023,Chattogram,ST13,Online
C05099,"August 15, 2024",Dhaka,ST06,Walk-in
C05100,13/07/2020,Barishal,ST10,Walk-in
C05101,"October 16, 2024",Chattogram,ST05,Referral
C05102,"June 24, 2019",CHATTOGRAM,ST17,Online
C05103,05/05/2020,Barishal,ST01,Social Media
C05104,2020-06-26,Chattogram,ST05,Social Media
C05105,2025-08-15,Barishal,ST12,Online
C05106,"December 13, 2018",Rajshahi,ST17,Online
C05107,27/02/2021,Sylhet,ST09,Walk-in
C05108,"May 24, 2021",Dhaka,ST02,Referral
C05109,"May 25, 2024",Dhaka,ST12,Online
C05110,"November 19, 2021",Chattogram,ST06,Walk-in
C05111,"September 24, 2025",Dhaka,ST07,Walk-in
C05112,02/12/2023,Dhaka,ST19,Online
C05113,2023-08-17,Sylhet,ST19,Online
C05114,08/01/2024,,ST06,Referral
C05115,"April 17, 2019",Dhaka,ST12,Walk-in
C05116,"August 4, 2021",Rajshahi,ST11,Referral
C05117,08/09/2022,Barishal,ST20,Walk-in
C05118,01/09/2019,Rajshahi,ST19,Online
C05119,"December 13, 2018",Rajshahi,ST08,Walk-in
C05120,01/02/2019,Rajshahi,ST01,Walk-in
C05121,"April 23, 2024",Dhaka,ST01,Walk-in
C05122,2023-04-03,Chattogram,ST01,Walk-in
C05123,"April 1, 2020",Barishal,ST16,Walk-in
C05124,2023-11-23,sylhet,ST15,Referral
C05125,24/07/2023,Rajshahi,ST17,Walk-in
C05126,"July 12, 2024",Barishal,ST03,Online
C05127,"April 11, 2025",Dhaka,ST02,Online
C05128,"January 20, 2025",Dhaka,ST04,Walk-in
C05129,13/06/2019,Sylhet,ST13,Referral
C05130,2024-02-25,Dhaka,ST01,Referral
C05131,2021-02-21,Sylhet,ST14,Referral
C05132,"March 23, 2021",Khulna,ST18,Referral
C05133,05/03/2023, Sylhet ,ST03,Online
C05134,"October 25, 2022",DHAKA,ST15,Social Media
C05135,10/05/2021,Rajshahi,ST12,Walk-in
C05136,"December 28, 2025",dhaka,ST19,Walk-in
C05137,26/05/2019,Khulna,ST05,Online
C05138,"October 10, 2018",,ST05,Walk-in
C05139,2018-03-26,Khulna,ST01,Online
C05140,05/07/2024,Chattogram,ST15,Walk-in
C05141,02/04/2021,,ST18,Walk-in
C05142,"July 1, 2021",Chattogram,ST01,Referral
C05143,"March 11, 2023",Dhaka,ST10,Walk-in
C05144,25/06/2021,Chattogram,ST15,Walk-in
C05145,04/08/2022,Khulna,ST16,Online
C05146,20/06/2018,Khulna,ST19,Referral
C05147,2019-04-02,Dhaka,ST15,Referral
C05148,"June 14, 2025",RAJSHAHI,ST19,Walk-in
C05149,09/08/2021,Khulna,ST20,Referral
C05150,04/05/2019,Khulna,ST19,Online
C05151,"December 14, 2020",Chattogram,ST09,Referral
C05152,"September 4, 2020",Dhaka,ST09,Walk-in
C05153,11/03/2020,Barishal,ST09,Walk-in
C05154,07/05/2020,Chattogram,ST20,Online
C05155,"October 31, 2023",Chattogram,ST06,Online
C05156,08/11/2018,Rajshahi,ST16,Walk-in
C05157,23/06/2020,Dhaka,ST13,Online
C05158,28/09/2021,Khulna,ST02,Online
C05159,2022-04-27,Dhaka,ST10,Walk-in
C05160,15/01/2025,Rajshahi,ST04,Online
C05161,"May 19, 2025",Barishal,ST15,Walk-in
C05162,"May 18, 2020",,ST09,Referral
C05163,24/04/2022,Barishal,ST08,Online
C05164,07/03/2018,khulna,ST02,Online
C05165,"December 7, 2022",Dhaka,ST03,Social Media
C05166,"March 23, 2019",Barishal,ST16,Online
C05167,2018-08-02,barishal,ST18,Walk-in
C05168,16/05/2023,Chattogram,ST06,Online
C05169,05/06/2019,Chattogram,ST17,Social Media
C05170,"October 25, 2021",Dhaka,ST12,Walk-in
C05171,"October 22, 2018",Sylhet,ST08,Online
C05172,18/12/2023,,ST10,Walk-in
C05173,2024-02-12,Chattogram,ST14,Referral
C05174,06/08/2022,Chattogram,ST19,Online
C05175,"September 6, 2024", Sylhet ,ST10,Social Media
C05176,29/06/2021,Dhaka,ST07,Online
C05177,"June 29, 2019",barishal,ST16,Walk-in
C05178,"March 18, 2019",Dhaka,ST11,Online
C05179,"October 3, 2019",Dhaka,ST08,Social Media
C05180,"August 8, 2019",Dhaka,ST10,Walk-in
C05181,2020-08-01,,ST11,Walk-in
C05182,2019-09-18,Khulna,ST03,Online
C05183,2022-09-22, Dhaka ,ST02,Online
C05184,2019-03-10,Dhaka,ST14,Walk-in
C05185,"December 21, 2022",Chattogram,ST04,Walk-in
C05186,2020-09-02,Dhaka,ST11,Walk-in
C05187,29/06/2023,Rajshahi,ST16,Online
C05188,"February 6, 2022",Dhaka,ST05,Walk-in
C05189,28/03/2025,chattogram,ST08,Walk-in
C05190,"July 8, 2021",Chattogram,ST20,Referral
C05191,11/05/2020,Chattogram,ST01,Walk-in
C05192,17/09/2022,Chattogram,ST16,Online
C05193,08/04/2023,Dhaka,ST04,Walk-in
C05194,2021-07-06,Dhaka,ST19,Walk-in
C05195,2022-06-23,dhaka,ST09,Online
C05196,2021-10-06,,ST01,Online
C05197,2020-06-12,Barishal,ST15,Social Media
C05198,04/07/2020,dhaka,ST03,Walk-in
C05199,2025-04-03,Dhaka,ST08,Walk-in
C05200,"May 26, 2023",Dhaka,ST11,Walk-in
C05201,06/10/2018,Rajshahi,ST15,Online
C05202,10/09/2025,Barishal,ST09,Walk-in
C05203,11/09/2023,Rajshahi,ST18,Referral
C05204,"May 27, 2018",Sylhet,ST10,Referral
C05205,27/10/2023,Khulna,ST07,Walk-in
C05206,18/09/2022,Chattogram,ST07,Walk-in
C05207,26/04/2025,Khulna,ST17,Walk-in
C05208,29/11/2021,Rajshahi,ST14,Online
C05209,23/02/2022,Dhaka,ST03,Online
C05210,"July 7, 2020",Chattogram,ST16,Referral
C05211,28/07/2020,Dhaka,ST09,Online
C05212,10/12/2022,Dhaka,ST07,Walk-in
C05213,14/08/2024,Khulna,ST02,Walk-in
C05214,13/02/2025, Dhaka ,ST20,Walk-in
C05215,29/02/2024,Rajshahi,ST02,Social Media
C05216,2022-11-16,Barishal,ST20,Referral
C05217,"December 31, 2021",Chattogram,ST02,Referral
C05218,"September 18, 2020",Chattogram,ST11,Referral
C05219,21/02/2024,Sylhet,ST03,Walk-in
C05220,"July 17, 2020",Khulna,ST10,Online
C05221,22/02/2020,Dhaka,ST17,Online
C05222,"December 9, 2024",Dhaka,ST12,Walk-in
C05223,2022-09-18,Sylhet,ST11,Walk-in
C05224,"October 31, 2020",Barishal,ST03,Online
C05225,01/12/2024,Dhaka,ST19,Referral
C05226,"September 12, 2025",Chattogram,ST08,Walk-in
C05227,2020-07-17,BARISHAL,ST11,Referral
C05228,"March 3, 2022",Dhaka,ST18,Social Media
C05229,2021-11-12,Dhaka,ST13,Social Media
C05230,2023-08-11,Sylhet,ST15,Walk-in
C05231,"August 9, 2025",Dhaka,ST04,Walk-in
C05232,21/05/2022,Dhaka,ST10,Online
C05233,"May 19, 2024",Sylhet,ST11,Walk-in
C05234,"October 6, 2022",Sylhet,ST04,Walk-in
C05235,2025-02-03,Chattogram,ST08,Referral
C05236,"March 27, 2021",Chattogram,ST17,Walk-in
C05237,"January 29, 2021",Sylhet,ST19,Walk-in
C05238,18/05/2021,Sylhet,ST17,Social Media
C05239,19/12/2025,Khulna,ST19,Walk-in
C05240,21/11/2022,RAJSHAHI,ST20,Social Media
C05241,"March 22, 2019",Sylhet,ST04,Walk-in
C05242,"April 30, 2018",Khulna,ST18,Walk-in
C05243,23/02/2022,Khulna,ST13,Walk-in
C05244,2024-06-10,dhaka,ST18,Walk-in
C05245,2021-10-31,Barishal,ST13,Walk-in
C05246,2022-06-24,Khulna,ST03,Referral
C05247,"May 20, 2024",Dhaka,ST12,Social Media
C05248,2022-02-16,Dhaka,ST16,Walk-in
C05249,"April 7, 2025",Sylhet,ST03,Walk-in
C05250,2023-02-06,Chattogram,ST11,Online
C05251,2023-11-05,Rajshahi,ST14,Walk-in
C05252,2024-03-31,,ST10,Walk-in
C05253,2023-01-05,Dhaka,ST16,Walk-in
C05254,27/05/2018,Dhaka,ST03,Walk-in
C05255,"June 2, 2021",Khulna,ST07,Online
C05256,2019-02-18,DHAKA,ST20,Walk-in
C05257,2022-01-30,Rajshahi,ST11,Online
C05258,23/02/2019,Dhaka,ST04,Walk-in
C05259,27/01/2022,Chattogram,ST03,Walk-in
C05260,01/10/2020,Chattogram,ST12,Online
C05261,"March 1, 2018",Dhaka,ST19,Walk-in
C05262,2018-12-31, Sylhet ,ST01,Referral
C05263,2022-01-08,Rajshahi,ST03,Online
C05264,"August 19, 2018",Dhaka,ST08,Referral
C05265,2024-11-04,chattogram,ST05,Walk-in
C05266,25/01/2024,Rajshahi,ST03,Walk-in
C05267,2023-09-03,Rajshahi,ST06,Walk-in
C05268,2019-05-18,Chattogram,ST13,Online
C05269,"May 12, 2024",Rajshahi,ST17,Online
C05270,"January 28, 2023",,ST07,Walk-in
C05271,"February 14, 2021",Dhaka,ST15,Walk-in
C05272,02/01/2018,Sylhet,ST17,Walk-in
C05273,"March 25, 2022",Rajshahi,ST01,Walk-in
C05274,2024-05-13,Khulna,ST18,Walk-in
C05275,"April 8, 2018", Dhaka ,ST04,Online
C05276,2018-06-03,Chattogram,ST14,Social Media
C05277,2021-01-23,Sylhet,ST16,Walk-in
C05278,"February 2, 2022",Dhaka,ST17,Walk-in
C05279,"October 17, 2021", Chattogram ,ST09,Walk-in
C05280,2021-05-29,,ST14,Walk-in
C05281,"January 16, 2020",Dhaka,ST01,Online
C05282,24/06/2018,Chattogram,ST09,Walk-in
C05283,02/04/2018,dhaka,ST20,Social Media
C05284,2018-10-16,KHULNA,ST04,Referral
C05285,09/07/2023,Dhaka,ST04,Walk-in
C05286,"April 14, 2024",,ST15,Social Media
C05287,2021-06-24,Dhaka,ST11,Online
C05288,"August 15, 2018",Dhaka,ST10,Social Media
C05289,2021-04-28,Dhaka,ST05,Walk-in
C05290,18/11/2025,Sylhet,ST04,Social Media
C05291,"December 31, 2019",DHAKA,ST15,Walk-in
C05292,05/12/2021,Dhaka,ST08,Walk-in
C05293,"April 20, 2022",Dhaka,ST16,Social Media
C05294,21/08/2020,Chattogram,ST09,Walk-in
C05295,03/07/2021,Dhaka,ST08,Walk-in
C05296,2021-10-09,Sylhet,ST05,Walk-in
C05297,2021-10-16,Rajshahi,ST14,Walk-in
C05298,"September 27, 2023", Rajshahi ,ST06,Walk-in
C05299,24/08/2022,dhaka,ST19,Walk-in
C05300,2018-06-05,Khulna,ST09,Online
C05301,"January 19, 2018",Rajshahi,ST17,Referral
C05302,"April 14, 2021",Dhaka,ST10,Walk-in
C05303,04/04/2025,Chattogram,ST09,Referral
C05304,18/04/2018,Rajshahi,ST10,Online
C05305,"July 27, 2018",Dhaka,ST09,Referral
C05306,07/06/2023,Chattogram,ST10,Referral
C05307,"August 9, 2021",,ST18,Social Media
C05308,"November 5, 2019",Dhaka,ST15,Walk-in
C05309,"August 29, 2019",Barishal,ST01,Online
C05310,26/04/2023,Dhaka,ST02,Social Media
C05311,2022-03-10,Dhaka,ST01,Online
C05312,2023-02-07,Dhaka,ST14,Walk-in
C05313,"March 29, 2020",Chattogram,ST05,Online
C05314,"March 18, 2022",Khulna,ST08,Referral
C05315,"November 16, 2024",Khulna,ST17,Walk-in
C05316,"July 13, 2020",Khulna,ST03,Online
C05317,03/03/2021,Chattogram,ST04,Referral
C05318,24/04/2019,Chattogram,ST02,Online
C05319,"February 9, 2023",Chattogram,ST06,Walk-in
C05320,05/04/2018,Dhaka,ST02,Online
C05321,2019-12-28,Khulna,ST13,Online
C05322,"September 14, 2023",Chattogram,ST15,Walk-in
C05323,"February 26, 2018",Chattogram,ST04,Online
C05324,28/11/2025,Chattogram,ST11,Walk-in
C05325,26/03/2021,Rajshahi,ST07,Referral
C05326,"March 10, 2021",Dhaka,ST02,Referral
C05327,"April 16, 2022",Rajshahi,ST10,Referral
C05328,"February 10, 2023",Rajshahi,ST14,Online
C05329,03/09/2021,Khulna,ST05,Walk-in
C05330,26/01/2025,Dhaka,ST16,Online
C05331,"September 10, 2025",Dhaka,ST20,Walk-in
C05332,"August 9, 2019",,ST02,Online
C05333,"August 26, 2023",khulna,ST04,Walk-in
C05334,"May 28, 2020",Barishal,ST06,Online
C05335,2025-12-17,,ST17,Online
C05336,10/01/2020,Dhaka,ST03,Walk-in
C05337,11/05/2020,,ST10,Walk-in
C05338,"September 17, 2023",Sylhet,ST11,Walk-in
C05339,"April 23, 2024",dhaka,ST03,Walk-in
C05340,2019-01-11,Sylhet,ST01,Walk-in
C05341,11/06/2022,Khulna,ST03,Referral
C05342,2020-10-06,Chattogram,ST02,Referral
C05343,"November 22, 2022",chattogram,ST11,Social Media
C05344,2022-06-14,Dhaka,ST19,Walk-in
C05345,18/11/2025,Dhaka,ST08,Walk-in
C05346,"June 19, 2025",Rajshahi,ST06,Walk-in
C05347,"March 25, 2023",Chattogram,ST05,Online
C05348,07/06/2023,DHAKA,ST20,Online
C05349,2025-03-09,Dhaka,ST20,Referral
C05350,2019-06-20,Dhaka,ST13,Walk-in
C05351,"October 21, 2023",Sylhet,ST10,Online
C05352,2024-03-04,SYLHET,ST04,Social Media
C05353,2019-01-07,Chattogram,ST19,Walk-in
C05354,17/01/2025,Chattogram,ST01,Referral
C05355,"August 5, 2023",Dhaka,ST04,Online
C05356,10/10/2020,Chattogram,ST14,Walk-in
C05357,"November 15, 2021",Dhaka,ST04,Social Media
C05358,"November 30, 2021",Barishal,ST03,Referral
C05359,2025-05-06,Dhaka,ST12,Referral
C05360,01/10/2025,Chattogram,ST01,Walk-in
C05361,2024-06-13,dhaka,ST06,Walk-in
C05362,"March 20, 2023",Rajshahi,ST13,Online
C05363,"November 1, 2018",Dhaka,ST04,Walk-in
C05364,25/04/2025,Barishal,ST16,Walk-in
C05365,2019-01-27,Dhaka,ST02,Walk-in
C05366,2019-05-03,Khulna,ST13,Walk-in
C05367,23/07/2018,,ST02,Online
C05368,"July 30, 2025",DHAKA,ST15,Online
C05369,"December 11, 2021",Dhaka,ST16,Walk-in
C05370,"November 21, 2019",,ST16,Online
C05371,2018-08-24, Khulna ,ST06,Walk-in
C05372,18/04/2021,Khulna,ST05,Walk-in
C05373,"October 15, 2023",Dhaka,ST20,Walk-in
C05374,14/12/2025,Chattogram,ST15,Walk-in
C05375,2022-06-01,Dhaka,ST04,Walk-in
C05376,08/11/2022,,ST01,Online
C05377,2024-09-06,Sylhet,ST08,Walk-in
C05378,2025-03-18,Dhaka,ST14,Online
C05379,"March 28, 2020",Dhaka,ST08,Walk-in
C05380,06/12/2025,Khulna,ST17,Online
C05381,2022-02-24,,ST11,Online
C05382,2025-06-09,Rajshahi,ST20,Walk-in
C05383,10/12/2018,Dhaka,ST18,Online
C05384,"October 12, 2018",Khulna,ST10,Referral
C05385,2025-01-27,Sylhet,ST17,Walk-in
C05386,2023-05-18,Chattogram,ST09,Online
C05387,"May 27, 2019",Dhaka,ST01,Referral
C05388,26/02/2025,Khulna,ST07,Walk-in
C05389,26/10/2018,Chattogram,ST09,Social Media
C05390,2023-06-16,Khulna,ST20,Walk-in
C05391,22/08/2019,,ST17,Online
C05392,26/07/2018,Rajshahi,ST03,Referral
C05393,2024-06-12,,ST01,Social Media
C05394,"October 10, 2024",Barishal,ST11,Online
C05395,05/11/2018,Dhaka,ST11,Online
C05396,"September 29, 2018",Dhaka,ST15,Walk-in
C05397,2022-11-30,rajshahi,ST06,Walk-in
C05398,2018-03-25,Chattogram,ST17,Referral
C05399,"December 19, 2023",Sylhet,ST09,Walk-in
C05400,27/04/2025,Rajshahi,ST07,Referral
C05401,03/01/2024,Chattogram,ST09,Walk-in
C05402,2019-11-05,Rajshahi,ST19,Walk-in
C05403,2019-07-09,DHAKA,ST08,Walk-in
C05404,2023-06-11,KHULNA,ST12,Online
C05405,29/06/2018,Dhaka,ST18,Walk-in
C05406,20/04/2022,Sylhet,ST01,Walk-in
C05407,"August 3, 2021",Khulna,ST11,Social Media
C05408,15/12/2023,Dhaka,ST15,Referral
C05409,"August 15, 2019",Dhaka,ST19,Referral
C05410,"February 4, 2024",Dhaka,ST02,Walk-in
C05411,2023-08-04,Sylhet,ST15,Walk-in
C05412,29/11/2019,Chattogram,ST17,Online
C05413,2020-11-07,Dhaka,ST08,Walk-in
C05414,2018-07-12,Khulna,ST15,Walk-in
C05415,2021-08-05,Dhaka,ST10,Social Media
C05416,2020-01-31,Chattogram,ST14,Walk-in
C05417,2018-11-28,,ST08,Social Media
C05418,"June 23, 2022",,ST04,Walk-in
C05419,2022-07-16, Dhaka ,ST17,Walk-in
C05420,"September 8, 2018", Barishal ,ST05,Walk-in
C05421,26/06/2019,Sylhet,ST04,Social Media
C05422,2018-08-30,,ST18,Online
C05423,2023-06-06,RAJSHAHI,ST19,Referral
C05424,2020-09-14,Chattogram,ST13,Walk-in
C05425,"July 27, 2018",Dhaka,ST12,Referral
C05426,"July 14, 2019",Rajshahi,ST08,Online
C05427,"October 20, 2025",CHATTOGRAM,ST13,Online
C05428,2020-01-17,Dhaka,ST13,Referral
C05429,22/06/2023,Khulna,ST11,Referral
C05430,29/09/2021,Dhaka,ST14,Online
C05431,"June 15, 2019",Dhaka,ST12,Walk-in
C05432,16/06/2020,Dhaka,ST18,Referral
C05433,11/02/2018,RAJSHAHI,ST14,Walk-in
C05434,22/12/2023,rajshahi,ST08,Social Media
C05435,03/09/2020,Khulna,ST14,Walk-in
C05436,28/12/2021,Dhaka,ST05,Walk-in
C05437,23/03/2019,Rajshahi,ST05,Walk-in
C05438,03/08/2024,Sylhet,ST17,Online
C05439,30/09/2019,Dhaka,ST12,Walk-in
C05440,2022-07-12,,ST02,Referral
C05441,2024-12-23,Khulna,ST08,Online
C05442,14/09/2023, Dhaka ,ST20,Walk-in
C05443,28/10/2022,Sylhet,ST13,Online
C05444,2025-02-06,,ST18,Referral
C05445,31/05/2019,,ST11,Referral
C05446,2025-09-14, Barishal ,ST01,Walk-in
C05447,"June 14, 2022",Khulna,ST04,Social Media
C05448,11/04/2021,chattogram,ST02,Walk-in
C05449,2020-01-17,Rajshahi,ST15,Online
C05450,2023-12-16,Chattogram,ST16,Referral
C05451,21/10/2025,Rajshahi,ST10,Walk-in
C05452,"July 9, 2023",Dhaka,ST15,Walk-in
C05453,"April 6, 2018",Chattogram,ST12,Online
C05454,"October 1, 2021",,ST15,Walk-in
C05455,09/11/2023,Chattogram,ST14,Walk-in
C05456,2021-03-06,Chattogram,ST10,Walk-in
C05457,2024-03-07,Dhaka,ST14,Referral
C05458,2023-08-28,Barishal,ST07,Walk-in
C05459,"July 16, 2018",DHAKA,ST15,Walk-in
C05460,2022-06-18,dhaka,ST19,Social Media
C05461,17/05/2019, Chattogram ,ST05,Referral
C05462,2021-11-21,Sylhet,ST14,Online
C05463,"January 27, 2021",Dhaka,ST03,Online
C05464,2024-06-14,,ST08,Walk-in
C05465,"December 10, 2024",,ST14,Walk-in
C05466,"September 9, 2021",,ST06,Walk-in
C05467,18/04/2022,Barishal,ST05,Walk-in
C05468,2023-01-03,Dhaka,ST08,Walk-in
C05469,"March 29, 2023",Sylhet,ST03,Online
C05470,30/01/2023,,ST13,Walk-in
C05471,2024-04-05,Rajshahi,ST03,Walk-in
C05472,2025-11-07,Khulna,ST07,Referral
C05473,15/08/2024,Dhaka,ST07,Walk-in
C05474,29/01/2019,Dhaka,ST20,Online
C05475,22/10/2021,Dhaka,ST20,Walk-in
C05476,"September 8, 2021",Dhaka,ST02,Online
C05477,25/01/2022,Barishal,ST04,Walk-in
C05478,2022-03-24,Sylhet,ST15,Walk-in
C05479,2023-09-28,Sylhet,ST06,Referral
C05480,"May 14, 2021",,ST13,Walk-in
C05481,08/02/2020,Khulna,ST19,Walk-in
C05482,2021-08-29,Khulna,ST04,Walk-in
C05483,31/10/2024,Dhaka,ST20,Online
C05484,28/06/2020,Dhaka,ST02,Walk-in
C05485,02/03/2018,Dhaka,ST05,Online
C05486,2025-10-21,,ST11,Online
C05487,2019-07-26,Chattogram,ST18,Online
C05488,2022-10-27,Dhaka,ST12,Referral
C05489,2024-05-25,,ST03,Walk-in
C05490,"March 12, 2020",Chattogram,ST05,Referral
C05491,"September 20, 2020",Dhaka,ST16,Walk-in
C05492,"March 30, 2020",Dhaka,ST12,Walk-in
C05493,"March 14, 2019",Chattogram,ST01,Online
C05494,23/03/2019,Chattogram,ST11,Online
C05495,2019-06-30,Rajshahi,ST09,Walk-in
C05496,30/08/2021,RAJSHAHI,ST01,Social Media
C05497,30/03/2022,Dhaka,ST05,Social Media
C05498,16/02/2018,Dhaka,ST19,Walk-in
C05499,2024-10-06,Dhaka,ST15,Online
C05500,"May 28, 2023",Dhaka,ST02,Referral
C05501,"July 26, 2018",,ST01,Social Media
C05502,"September 26, 2024", Barishal ,ST07,Online
C05503,31/03/2018,Dhaka,ST10,Walk-in
C05504,25/06/2022,Dhaka,ST10,Online
C05505,2021-09-20,Rajshahi,ST14,Walk-in
C05506,06/01/2022, Chattogram ,ST04,Online
C05507,24/08/2025,Dhaka,ST01,Online
C05508,2025-05-31,Dhaka,ST14,Online
C05509,25/03/2020,BARISHAL,ST18,Walk-in
C05510,20/08/2022,DHAKA,ST04,Walk-in
C05511,2025-09-01,Sylhet,ST08,Online
C05512,"October 30, 2023",Rajshahi,ST13,Walk-in
C05513,2025-02-05,DHAKA,ST04,Walk-in
C05514,23/06/2021,Rajshahi,ST18,Walk-in
C05515,06/04/2020,dhaka,ST05,Referral
C05516,2022-01-31,Dhaka,ST11,Walk-in
C05517,2024-07-13,Dhaka,ST07,Online
C05518,05/06/2025,Barishal,ST14,Online
C05519,2023-06-26,Dhaka,ST04,Referral
C05520,"August 26, 2023",Dhaka,ST02,Online
C05521,03/02/2022,Barishal,ST11,Walk-in
C05522,"July 22, 2020",Dhaka,ST18,Walk-in
C05523,"May 19, 2021",Khulna,ST13,Walk-in
C05524,24/12/2021,Sylhet,ST16,Referral
C05525,2024-07-09,Sylhet,ST09,Online
C05526,2022-06-10,Rajshahi,ST03,Referral
C05527,04/05/2024,Rajshahi,ST09,Online
C05528,21/03/2018,Dhaka,ST20,Referral
C05529,2024-01-20,Barishal,ST16,Social Media
C05530,20/01/2022,Barishal,ST15,Online
C05531,24/12/2025,Khulna,ST07,Walk-in
C05532,"October 9, 2021",Sylhet,ST12,Walk-in
C05533,2021-10-29,Chattogram,ST13,Online
C05534,08/01/2019,Chattogram,ST14,Referral
C05535,"June 14, 2024",Dhaka,ST18,Online
C05536,2023-08-11,Chattogram,ST14,Walk-in
C05537,"November 23, 2024",Sylhet,ST05,Online
C05538,"September 28, 2018",Sylhet,ST05,Walk-in
C05539,"September 10, 2019",Dhaka,ST13,Walk-in
C05540,04/01/2025,Chattogram,ST18,Referral
C05541,"May 3, 2018",Sylhet,ST19,Online
C05542,"January 23, 2022",chattogram,ST13,Walk-in
C05543,2021-03-27,Barishal,ST11,Walk-in
C05544,2025-07-06,Rajshahi,ST17,Online
C05545,2024-11-06,Dhaka,ST20,Walk-in
C05546,"March 3, 2025",Dhaka,ST01,Walk-in
C05547,24/04/2020, Rajshahi ,ST07,Online
C05548,"September 12, 2022",Chattogram,ST07,Online
C05549,"August 7, 2023",Khulna,ST12,Walk-in
C05550,26/09/2025,Dhaka,ST06,Online
C05551,"January 22, 2018",Dhaka,ST07,Online
C05552,"October 23, 2025",Chattogram,ST01,Walk-in
C05553,03/11/2020,Rajshahi,ST01,Walk-in
C05554,10/01/2019,Barishal,ST09,Walk-in
C05555,"December 3, 2022",Khulna,ST20,Walk-in
C05556,2024-04-01,chattogram,ST06,Referral
C05557,14/01/2019,KHULNA,ST05,Walk-in
C05558,30/04/2018,Dhaka,ST06,Social Media
C05559,03/03/2025,Sylhet,ST20,Walk-in
C05560,19/06/2025,barishal,ST14,Online
C05561,"April 2, 2019", Chattogram ,ST14,Online
C05562,2025-03-24,Barishal,ST04,Referral
C05563,2025-04-10,Dhaka,ST19,Referral
C05564,"December 22, 2025",Dhaka,ST04,Online
C05565,24/09/2019,,ST20,Walk-in
C05566,18/08/2022,Khulna,ST20,Social Media
C05567,"December 13, 2025",Dhaka,ST12,Social Media
C05568,20/03/2025,KHULNA,ST18,Social Media
C05569,"November 1, 2022",Dhaka,ST20,Walk-in
C05570,30/07/2019,Rajshahi,ST12,Walk-in
C05571,"September 4, 2018",Sylhet,ST16,Walk-in
C05572,"January 27, 2020",Dhaka,ST12,Online
C05573,"July 10, 2018",,ST11,Walk-in
C05574,"July 25, 2019",Rajshahi,ST07,Walk-in
C05575,07/08/2018,Chattogram,ST14,Online
C05576,2024-02-04,Dhaka,ST06,Walk-in
C05577,2022-09-19,Dhaka,ST04,Online
C05578,2022-02-21,Barishal,ST06,Walk-in
C05579,"June 21, 2024",Sylhet,ST01,Referral
C05580,"April 14, 2021",Khulna,ST19,Walk-in
C05581,22/03/2021,Rajshahi,ST06,Online
C05582,2019-08-28,Khulna,ST16,Online
C05583,"July 22, 2021",Dhaka,ST09,Walk-in
C05584,"May 25, 2019",,ST07,Walk-in
C05585,17/09/2022,Sylhet,ST05,Referral
C05586,2025-12-22,Dhaka,ST17,Online
C05587,2022-04-06,DHAKA,ST11,Walk-in
C05588,23/05/2020,Sylhet,ST09,Online
C05589,03/07/2023,Khulna,ST14,Walk-in
C05590,2024-07-22,,ST17,Walk-in
C05591,2021-10-09,Dhaka,ST14,Walk-in
C05592,01/01/2020,Barishal,ST10,Walk-in
C05593,2023-09-16,Dhaka,ST18,Walk-in
C05594,2019-07-01,Dhaka,ST18,Walk-in
C05595,22/12/2025,Barishal,ST20,Walk-in
C05596,17/07/2020, Rajshahi ,ST02,Walk-in
C05597,2020-10-19,Barishal,ST18,Online
C05598,24/10/2023,Khulna,ST04,Online
C05599,2018-02-05,Sylhet,ST13,Walk-in
C05600,"August 16, 2019",dhaka,ST14,Walk-in
C05601,"January 2, 2019",,ST05,Online
C05602,15/02/2021, Barishal ,ST01,Online
C05603,05/06/2022,Khulna,ST19,Referral
C05604,"June 9, 2019",Chattogram,ST18,Walk-in
C05605,02/10/2020,,ST04,Walk-in
C05606,2024-03-04,Dhaka,ST13,Walk-in
C05607,"July 7, 2025",Dhaka,ST04,Online
C05608,11/02/2018,Khulna,ST12,Walk-in
C05609,"January 7, 2023",Dhaka,ST07,Walk-in
C05610,"March 16, 2018",,ST16,Walk-in
C05611,2022-02-28,Barishal,ST12,Online
C05612,12/01/2025,Chattogram,ST10,Walk-in
C05613,19/05/2024,Chattogram,ST14,Online
C05614,"November 11, 2019",Dhaka,ST10,Walk-in
C05615,2020-01-26,Dhaka,ST01,Walk-in
C05616,"April 6, 2024",Dhaka,ST12,Walk-in
C05617,21/07/2024,,ST16,Social Media
C05618,"March 31, 2020",Dhaka,ST10,Walk-in
C05619,09/01/2018, Dhaka ,ST04,Walk-in
C05620,21/07/2021,dhaka,ST01,Referral
C05621,"December 15, 2022",Dhaka,ST06,Walk-in
C05622,"July 19, 2021",Barishal,ST16,Walk-in
C05623,"June 22, 2025",Dhaka,ST07,Walk-in
C05624,03/07/2024,Chattogram,ST20,Online
C05625,"April 19, 2024",Khulna,ST07,Walk-in
C05626,01/03/2018,Dhaka,ST09,Referral
C05627,2024-10-28,,ST16,Online
C05628,2024-01-15,Khulna,ST13,Online
C05629,05/03/2021,Sylhet,ST01,Walk-in
C05630,"September 18, 2022",Dhaka,ST02,Referral
C05631,03/08/2024,Rajshahi,ST04,Referral
C05632,2025-03-31,Rajshahi,ST18,Referral
C05633,"May 28, 2022",Chattogram,ST01,Walk-in
C05634,"May 1, 2018",Dhaka,ST02,Online
C05635,12/12/2022,Dhaka,ST16,Online
C05636,2023-06-09,Khulna,ST13,Social Media
C05637,"June 22, 2018",Dhaka,ST20,Walk-in
C05638,14/07/2024,Dhaka,ST05,Referral
C05639,"August 12, 2019",CHATTOGRAM,ST14,Online
C05640,13/02/2025, Barishal ,ST03,Referral
C05641,"May 28, 2022",Dhaka,ST12,Online
C05642,"July 29, 2020",Dhaka,ST03,Referral
C05643,"June 21, 2018",Chattogram,ST19,Walk-in
C05644,22/02/2018,Rajshahi,ST09,Walk-in
C05645,"December 6, 2023",Chattogram,ST06,Walk-in
C05646,06/01/2021,Khulna,ST20,Referral
C05647,18/09/2024,DHAKA,ST02,Walk-in
C05648,05/11/2019,Dhaka,ST16,Online
C05649,"May 11, 2025",Chattogram,ST11,Social Media
C05650,"July 12, 2025",dhaka,ST14,Referral
C05651,"October 25, 2018",Chattogram,ST06,Online
C05652,"March 5, 2023",Rajshahi,ST18,Referral
C05653,06/07/2025,Dhaka,ST10,Walk-in
C05654,01/08/2020,,ST09,Walk-in
C05655,2018-07-17,dhaka,ST10,Online
C05656,31/12/2024,SYLHET,ST06,Referral
C05657,2021-10-16, Chattogram ,ST07,Walk-in
C05658,2018-03-21,CHATTOGRAM,ST03,Walk-in
C05659,19/09/2024,Dhaka,ST10,Online
C05660,2023-06-06,,ST10,Walk-in
C05661,25/07/2018,Khulna,ST08,Referral
C05662,2020-01-26,Khulna,ST20,Walk-in
C05663,2018-02-23,Khulna,ST03,Referral
C05664,2025-08-20,Dhaka,ST19,Online
C05665,2018-03-14,Chattogram,ST18,Referral
C05666,2024-05-12,,ST01,Online
C05667,"February 1, 2022",Khulna,ST15,Walk-in
C05668,29/08/2022,Dhaka,ST05,Walk-in
C05669,"June 27, 2024",Dhaka,ST01,Referral
C05670,2025-02-26,,ST18,Walk-in
C05671,"January 8, 2019",,ST03,Online
C05672,"February 22, 2018",Rajshahi,ST06,Walk-in
C05673,2018-12-30,Dhaka,ST02,Referral
C05674,2023-06-16,SYLHET,ST03,Walk-in
C05675,2022-07-19,khulna,ST02,Online
C05676,"September 2, 2018",Sylhet,ST17,Online
C05677,2019-11-16,Dhaka,ST02,Walk-in
C05678,2022-04-18,Dhaka,ST16,Walk-in
C05679,2023-11-03,Dhaka,ST04,Referral
C05680,"September 29, 2020",Dhaka,ST19,Online
C05681,"August 4, 2025",Sylhet,ST17,Social Media
C05682,"December 7, 2025", Dhaka ,ST13,Referral
C05683,15/02/2024,Dhaka,ST17,Online
C05684,2021-08-19,Dhaka,ST06,Online
C05685,05/01/2025,Barishal,ST16,Social Media
C05686,27/10/2023,Dhaka,ST05,Online
C05687,"February 26, 2022",Dhaka,ST13,Walk-in
C05688,19/07/2021,Chattogram,ST19,Referral
C05689,27/08/2024, Dhaka ,ST15,Social Media
C05690,2022-06-15,Barishal,ST06,Walk-in
C05691,"June 19, 2019",,ST15,Walk-in
C05692,29/12/2025,Rajshahi,ST18,Online
C05693,"July 19, 2018",Sylhet,ST18,Online
C05694,2023-07-23, Khulna ,ST15,Walk-in
C05695,"March 31, 2023", Sylhet ,ST15,Online
C05696,08/09/2022,Rajshahi,ST16,Online
C05697,"June 1, 2018",Chattogram,ST15,Walk-in
C05698,09/12/2021,Chattogram,ST03,Online
C05699,"February 19, 2025",Rajshahi,ST17,Walk-in
C05700,01/12/2019,Sylhet,ST04,Referral
C05701,"July 13, 2023",,ST12,Walk-in
C05702,2024-11-12,Dhaka,ST07,Referral
C05703,2025-08-12,Dhaka,ST05,Walk-in
C05704,2022-02-16,Chattogram,ST06,Social Media
C05705,"July 5, 2020",Dhaka,ST02,Referral
C05706,2023-08-05, Chattogram ,ST09,Walk-in
C05707,"November 20, 2021",Dhaka,ST09,Social Media
C05708,"January 6, 2023",sylhet,ST09,Walk-in
C05709,06/12/2023,Rajshahi,ST02,Online
C05710,"September 6, 2023",Sylhet,ST13,Social Media
C05711,2019-12-10,Rajshahi,ST04,Social Media
C05712,16/01/2024,Dhaka,ST18,Online
C05713,02/05/2022,dhaka,ST01,Social Media
C05714,"June 10, 2025",Rajshahi,ST02,Walk-in
C05715,"April 10, 2023",Khulna,ST07,Walk-in
C05716,"February 17, 2025",RAJSHAHI,ST09,Walk-in
C05717,29/10/2025,SYLHET,ST20,Walk-in
C05718,2025-12-13,Rajshahi,ST11,Online
C05719,2023-12-15,Rajshahi,ST08,Walk-in
C05720,11/10/2022,Rajshahi,ST17,Online
C05721,2018-12-11,Rajshahi,ST05,Walk-in
C05722,2021-02-01,Dhaka,ST18,Walk-in
C05723,"October 19, 2021",Dhaka,ST09,Online
C05724,"March 29, 2024",Chattogram,ST07,Walk-in
C05725,"September 16, 2022",Chattogram,ST07,Online
C05726,2021-07-06,Rajshahi,ST01,Referral
C05727,2019-03-05,Dhaka,ST14,Online
C05728,2023-09-22,Dhaka,ST12,Referral
C05729,15/06/2021, Rajshahi ,ST13,Social Media
C05730,2018-04-16,DHAKA,ST14,Walk-in
C05731,09/04/2020,Khulna,ST01,Online
C05732,"January 12, 2025", Dhaka ,ST18,Walk-in
C05733,13/12/2018,CHATTOGRAM,ST11,Walk-in
C05734,31/03/2021,Chattogram,ST14,Online
C05735,04/02/2022,Dhaka,ST01,Online
C05736,"September 2, 2018",DHAKA,ST16,Referral
C05737,2019-04-29,Dhaka,ST14,Online
C05738,08/07/2025,Dhaka,ST08,Referral
C05739,21/09/2022,dhaka,ST19,Online
C05740,"September 7, 2019",Rajshahi,ST14,Walk-in
C05741,11/05/2019,Dhaka,ST19,Walk-in
C05742,"May 28, 2021",Chattogram,ST17,Online
C05743,2023-10-14,dhaka,ST05,Online
C05744,03/11/2023,Barishal,ST20,Walk-in
C05745,2019-07-25,Rajshahi,ST15,Walk-in
C05746,20/10/2023,,ST04,Walk-in
C05747,02/03/2025,Khulna,ST16,Online
C05748,"October 23, 2019",Dhaka,ST09,Walk-in
C05749,18/03/2018,,ST18,Walk-in
C05750,2025-08-31,Dhaka,ST04,Walk-in
C05751,2022-03-05,Khulna,ST06,Walk-in
C05752,17/03/2024,Chattogram,ST07,Online
C05753,2020-07-23, Chattogram ,ST10,Social Media
C05754,2020-05-23,Khulna,ST13,Walk-in
C05755,"October 20, 2019",Khulna,ST05,Online
C05756,"September 26, 2019",Barishal,ST15,Online
C05757,"October 9, 2021",DHAKA,ST01,Online
C05758,"November 5, 2018",Dhaka,ST07,Walk-in
C05759,24/09/2024,Dhaka,ST14,Walk-in
C05760,01/02/2022,Chattogram,ST06,Social Media
C05761,26/04/2025,Chattogram,ST09,Social Media
C05762,06/01/2022,,ST13,Walk-in
C05763,04/06/2020,Rajshahi,ST05,Online
C05764,"February 12, 2022", Dhaka ,ST20,Walk-in
C05765,27/03/2019,Rajshahi,ST17,Walk-in
C05766,2024-08-03, Khulna ,ST20,Walk-in
C05767,"October 4, 2023",Sylhet,ST10,Online
C05768,"March 6, 2019",Chattogram,ST07,Walk-in
C05769,27/08/2022,Dhaka,ST20,Walk-in
C05770,2022-04-20,dhaka,ST15,Walk-in
C05771,10/08/2019,Rajshahi,ST16,Walk-in
C05772,"December 23, 2018",Chattogram,ST04,Walk-in
C05773,2024-01-30,Dhaka,ST18,Online
C05774,2020-02-11,Barishal,ST11,Online
C05775,"February 24, 2022",Rajshahi,ST16,Walk-in
C05776,25/12/2019,Khulna,ST17,Walk-in
C05777,"March 23, 2023",Chattogram,ST03,Referral
C05778,2018-05-24,BARISHAL,ST02,Walk-in
C05779,15/11/2020,Dhaka,ST02,Walk-in
C05780,2022-05-17,Dhaka,ST13,Referral
C05781,"July 6, 2021",Khulna,ST19,Online
C05782,24/11/2022,Khulna,ST01,Walk-in
C05783,2019-06-11,,ST03,Walk-in
C05784,"July 14, 2021",Dhaka,ST10,Walk-in
C05785,2024-01-19,Dhaka,ST08,Walk-in
C05786,"September 1, 2020",Rajshahi,ST03,Referral
C05787,04/04/2019,Khulna,ST13,Online
C05788,11/10/2024,Dhaka,ST19,Walk-in
C05789,2024-03-22,Dhaka,ST05,Walk-in
C05790,"June 10, 2023",Sylhet,ST01,Walk-in
C05791,2024-05-19,Rajshahi,ST05,Walk-in
C05792,24/03/2024,CHATTOGRAM,ST04,Online
C05793,"December 21, 2023",Sylhet,ST10,Walk-in
C05794,27/01/2022,Barishal,ST03,Referral
C05795,"February 26, 2018",Dhaka,ST08,Online
C05796,"October 10, 2022",Sylhet,ST03,Social Media
C05797,08/03/2020,Sylhet,ST14,Referral
C05798,2024-03-08,Chattogram,ST10,Social Media
C05799,2021-09-29,khulna,ST02,Social Media
C05800,"March 28, 2025",Sylhet,ST01,Walk-in
C05801,"October 5, 2022",Chattogram,ST10,Walk-in
C05802,27/05/2022,Dhaka,ST12,Walk-in
C05803,08/05/2025,Rajshahi,ST04,Online
C05804,2021-10-19,Dhaka,ST07,Online
C05805,"January 1, 2021",Dhaka,ST13,Walk-in
C05806,20/12/2020,Chattogram,ST10,Referral
C05807,2024-12-30,Sylhet,ST03,Referral
C05808,"January 18, 2024",Barishal,ST08,Online
C05809,"April 23, 2019",Rajshahi,ST04,Walk-in
C05810,2021-12-09,Khulna,ST19,Walk-in
C05811,20/12/2020,Dhaka,ST17,Online
C05812,04/03/2023,Chattogram,ST07,Walk-in
C05813,"June 2, 2018",,ST05,Online
C05814,"September 17, 2023",Chattogram,ST03,Walk-in
C05815,2023-12-09,Khulna,ST15,Walk-in
C05816,24/10/2019,Chattogram,ST19,Walk-in
C05817,16/03/2019,Dhaka,ST06,Online
C05818,2023-01-07,,ST13,Walk-in
C05819,2020-01-21,Dhaka,ST05,Social Media
C05820,12/07/2025,Dhaka,ST19,Walk-in
C05821,"March 13, 2024",Dhaka,ST06,Social Media
C05822,2025-08-20, Dhaka ,ST02,Walk-in
C05823,11/04/2022,Chattogram,ST18,Walk-in
C05824,03/07/2025,Khulna,ST19,Social Media
C05825,10/02/2018,Chattogram,ST08,Online
C05826,26/04/2020,,ST19,Online
C05827,07/01/2018,Sylhet,ST05,Online
C05828,02/06/2023,Dhaka,ST06,Walk-in
C05829,"January 31, 2022", Dhaka ,ST11,Referral
C05830,2020-04-19,Barishal,ST13,Walk-in
C05831,09/06/2020,Sylhet,ST08,Referral
C05832,23/02/2023, Barishal ,ST16,Social Media
C05833,11/06/2019,Dhaka,ST16,Referral
C05834,"February 11, 2022",Rajshahi,ST03,Online
C05835,"November 27, 2022",Rajshahi,ST20,Online
C05836,2019-12-02,Barishal,ST04,Online
C05837,"October 30, 2019",Dhaka,ST11,Walk-in
C05838,2020-10-31, Barishal ,ST09,Referral
C05839,"September 26, 2022", Chattogram ,ST10,Online
C05840,2020-01-13,Khulna,ST03,Walk-in
C05841,2021-01-12,CHATTOGRAM,ST07,Referral
C05842,06/05/2022, Sylhet ,ST01,Walk-in
C05843,30/06/2019,Chattogram,ST20,Referral
C05844,"July 20, 2022",Khulna,ST03,Referral
C05845,"February 8, 2019",Dhaka,ST10,Walk-in
C05846,2019-02-21,Chattogram,ST05,Walk-in
C05847,"November 23, 2019",Sylhet,ST04,Online
C05848,16/04/2020,Rajshahi,ST08,Walk-in
C05849,"March 29, 2018",CHATTOGRAM,ST20,Social Media
C05850,08/09/2025,rajshahi,ST10,Walk-in
C05851,18/06/2020,Chattogram,ST20,Walk-in
C05852,07/06/2024,Sylhet,ST17,Walk-in
C05853,"March 18, 2025", Rajshahi ,ST09,Referral
C05854,"May 26, 2024",Rajshahi,ST19,Online
C05855,24/08/2024,Khulna,ST07,Referral
C05856,20/10/2018,Chattogram,ST11,Social Media
C05857,"December 22, 2020",Dhaka,ST14,Online
C05858,19/12/2023,Rajshahi,ST12,Walk-in
C05859,"August 9, 2022",Dhaka,ST17,Walk-in
C05860,17/01/2018,Dhaka,ST04,Referral
C05861,"July 15, 2022",Rajshahi,ST10,Walk-in
C05862,"June 7, 2024",,ST14,Referral
C05863,16/08/2024,Chattogram,ST07,Referral
C05864,2021-01-25,BARISHAL,ST18,Online
C05865,2019-11-21,,ST07,Online
C05866,2020-06-22,Dhaka,ST07,Social Media
C05867,2020-05-15,Dhaka,ST07,Referral
C05868,09/10/2020,Dhaka,ST14,Online
C05869,31/05/2020,Rajshahi,ST03,Walk-in
C05870,"August 28, 2021",Rajshahi,ST03,Walk-in
C05871,30/04/2018,Sylhet,ST16,Walk-in
C05872,14/03/2020,Dhaka,ST05,Social Media
C05873,"July 7, 2020",Chattogram,ST03,Online
C05874,"March 24, 2019",Dhaka,ST06,Referral
C05875,2025-01-07,Rajshahi,ST08,Walk-in
C05876,2023-05-27,Sylhet,ST01,Referral
C05877,"April 17, 2025",Dhaka,ST17,Walk-in
C05878,"June 28, 2022",Khulna,ST03,Online
C05879,2018-11-17,RAJSHAHI,ST09,Walk-in
C05880,2025-03-26,Dhaka,ST05,Referral
C05881,2021-08-30,Sylhet,ST06,Online
C05882,2023-06-22,Sylhet,ST01,Walk-in
C05883,"January 18, 2021",Dhaka,ST19,Walk-in
C05884,2021-12-14,Dhaka,ST19,Walk-in
C05885,29/11/2021,Rajshahi,ST03,Walk-in
C05886,11/04/2020,BARISHAL,ST04,Walk-in
C05887,"June 8, 2022",Sylhet,ST18,Walk-in
C05888,2023-11-13,Sylhet,ST09,Walk-in
C05889,2018-03-01, Sylhet ,ST02,Walk-in
C05890,18/01/2019,Chattogram,ST03,Online
C05891,2024-09-25,Dhaka,ST09,Walk-in
C05892,2022-07-22,Chattogram,ST12,Walk-in
C05893,14/10/2025,Khulna,ST13,Referral
C05894,2022-11-01,Khulna,ST04,Walk-in
C05895,2023-03-23,Barishal,ST08,Online
C05896,2025-03-10,Dhaka,ST06,Social Media
C05897,"April 13, 2023", Chattogram ,ST11,Referral
C05898,"August 20, 2020",Sylhet,ST07,Online
C05899,2022-03-22,Dhaka,ST05,Online
C05900,"November 19, 2019",Dhaka,ST17,Referral
C05901,2020-09-03,Rajshahi,ST12,Referral
C05902,2023-06-10,Rajshahi,ST10,Walk-in
C05903,"March 12, 2019",Sylhet,ST03,Online
C05904,2023-05-17,dhaka,ST02,Referral
C05905,2022-09-02,chattogram,ST16,Referral
C05906,19/06/2020,Dhaka,ST20,Walk-in
C05907,"May 12, 2018",Dhaka,ST12,Walk-in
C05908,2023-08-20,Chattogram,ST01,Online
C05909,"August 4, 2024",Dhaka,ST10,Walk-in
C05910,"November 2, 2023",BARISHAL,ST06,Online
C05911,14/05/2021,Chattogram,ST02,Walk-in
C05912,24/03/2023,Dhaka,ST03,Walk-in
C05913,26/04/2021,Dhaka,ST10,Walk-in
C05914,"November 12, 2020",Rajshahi,ST09,Referral
C05915,2020-08-13,Dhaka,ST12,Referral
C05916,2019-09-08,Dhaka,ST14,Referral
C05917,01/10/2025,Chattogram,ST06,Social Media
C05918,"April 30, 2023",dhaka,ST06,Social Media
C05919,"May 26, 2019",sylhet,ST14,Walk-in
C05920,30/11/2024,Chattogram,ST04,Walk-in
C05921,"March 18, 2019",,ST02,Referral
C05922,30/09/2022, Rajshahi ,ST18,Online
C05923,"April 29, 2019",Chattogram,ST05,Walk-in
C05924,20/11/2020,Sylhet,ST03,Social Media
C05925,"April 7, 2023",Dhaka,ST15,Walk-in
C05926,"December 27, 2025",Sylhet,ST11,Social Media
C05927,2025-12-06,,ST03,Online
C05928,28/02/2025,Chattogram,ST18,Walk-in
C05929,19/11/2019,dhaka,ST05,Referral
C05930,2018-10-01,Barishal,ST14,Referral
C05931,29/03/2025,dhaka,ST14,Online
C05932,"May 19, 2025",Khulna,ST17,Online
C05933,"March 24, 2020",Khulna,ST15,Walk-in
C05934,25/02/2018,Chattogram,ST15,Walk-in
C05935,"March 7, 2023",Dhaka,ST02,Walk-in
C05936,"August 11, 2018",Chattogram,ST19,Walk-in
C05937,29/04/2018,Barishal,ST03,Walk-in
C05938,2025-06-29,Sylhet,ST06,Online
C05939,"December 18, 2021",Chattogram,ST09,Walk-in
C05940,2018-11-24,Dhaka,ST06,Online
C05941,2023-03-27,Khulna,ST12,Walk-in
C05942,2020-12-14,Dhaka,ST02,Walk-in
C05943,"April 16, 2022",Dhaka,ST10,Social Media
C05944,09/03/2025,,ST07,Social Media
C05945,26/11/2019,Chattogram,ST13,Referral
C05946,"March 3, 2023",Khulna,ST11,Walk-in
C05947,2024-08-16,,ST16,Online
C05948,"May 22, 2021",Dhaka,ST04,Walk-in
C05949,"October 3, 2025",Chattogram,ST19,Online
C05950,02/08/2021,Rajshahi,ST08,Referral
C05951,02/09/2021,Chattogram,ST07,Walk-in
C05952,25/01/2025,Dhaka,ST11,Social Media
C05953,2023-01-31,Chattogram,ST04,Online
C05954,11/12/2024,Sylhet,ST17,Walk-in
C05955,27/04/2024,Barishal,ST06,Walk-in
C05956,2023-09-12,Sylhet,ST19,Referral
C05957,2019-12-07,Dhaka,ST03,Walk-in
C05958,"March 10, 2021",Rajshahi,ST18,Walk-in
C05959,"November 29, 2024", Dhaka ,ST08,Walk-in
C05960,"December 4, 2022",Khulna,ST13,Social Media
C05961,"March 29, 2020",CHATTOGRAM,ST18,Walk-in
C05962,"August 13, 2020",Dhaka,ST03,Social Media
C05963,15/03/2024,Chattogram,ST07,Online
C05964,05/06/2019,DHAKA,ST19,Walk-in
C05965,"November 24, 2018",Dhaka,ST03,Walk-in
C05966,13/02/2024,Sylhet,ST03,Referral
C05967,2020-04-22,Rajshahi,ST11,Walk-in
C05968,2024-02-14,Khulna,ST01,Walk-in
C05969,08/04/2022,Chattogram,ST20,Walk-in
C05970,"December 23, 2025",Dhaka,ST19,Referral
C05971,2022-03-13,CHATTOGRAM,ST04,Online
C05972,08/12/2024,Chattogram,ST04,Online
C05973,2024-10-19,Dhaka,ST16,Walk-in
C05974,11/09/2019,khulna,ST11,Walk-in
C05975,18/12/2025, Barishal ,ST17,Referral
C05976,2023-12-18,Dhaka,ST20,Walk-in
C05977,"November 10, 2018",Rajshahi,ST09,Social Media
C05978,"January 18, 2018",Sylhet,ST06,Referral
C05979,2020-03-03,Dhaka,ST13,Walk-in
C05980,2018-02-17, Sylhet ,ST13,Referral
C05981,2020-11-10,Dhaka,ST09,Online
C05982,"December 19, 2025",Dhaka,ST06,Online
C05983,2021-10-30,Barishal,ST06,Walk-in
C05984,11/03/2018, Sylhet ,ST11,Social Media
C05985,2021-12-13,Dhaka,ST09,Walk-in
C05986,02/10/2019,,ST10,Referral
C05987,05/11/2024,Barishal,ST02,Walk-in
C05988,2018-09-22,Chattogram,ST18,Walk-in
C05989,29/02/2024,khulna,ST15,Social Media
C05990,2021-07-26,Khulna,ST19,Walk-in
C05991,25/02/2018,Dhaka,ST17,Walk-in
C05992,"May 20, 2023", Rajshahi ,ST13,Referral
C05993,2021-08-21,Sylhet,ST07,Walk-in
C05994,02/03/2024,Rajshahi,ST14,Referral
C05995,10/12/2022,Chattogram,ST12,Social Media
C05996,"April 17, 2024",DHAKA,ST19,Walk-in
C05997,"September 6, 2021",Dhaka,ST05,Online
C05998,2018-01-24,Sylhet,ST01,Social Media
C05999,"January 17, 2019",Rajshahi,ST03,Social Media
C06000,"September 1, 2021",Rajshahi,ST04,Online
C01017,11/07/2021,Chattogram,ST06,Walk-in
C03981,"July 11, 2024",,ST19,Online
C01214,02/04/2024,Dhaka,ST14,Walk-in
C03070,06/03/2025,,ST07,Walk-in
C00120,"November 13, 2020",Sylhet,ST06,Online
C00551,2019-05-11,Chattogram,ST10,Online
C04141,04/02/2021,Rajshahi,ST09,Online
C05631,03/08/2024,Rajshahi,ST04,Referral
C04818,30/05/2022,Rajshahi,ST14,Walk-in
C01266,"July 18, 2018",khulna,ST08,Online
C05856,20/10/2018,Chattogram,ST11,Social Media
C03064,15/04/2025,Barishal,ST06,Walk-in
C00982,14/02/2019,Dhaka,ST12,Referral
C05561,"April 2, 2019", Chattogram ,ST14,Online
C02968,24/08/2019,,ST19,Social Media
C05505,2021-09-20,Rajshahi,ST14,Walk-in
C02107,"September 16, 2021", Chattogram ,ST15,Online
C02786,"December 10, 2024",Dhaka,ST18,Walk-in
C00094,2023-08-09,Chattogram,ST05,Online
C05386,2023-05-18,Chattogram,ST09,Online
C04224,"October 26, 2020",Chattogram,ST17,Walk-in
C04186,2020-06-27,dhaka,ST12,Walk-in
C00056,2024-08-18,Dhaka,ST08,Walk-in
C00043,2020-11-10,,ST20,Walk-in
C00365,2022-01-15,Chattogram,ST18,Walk-in
C05430,29/09/2021,Dhaka,ST14,Online
C03610,06/12/2018,,ST08,Referral
C05310,26/04/2023,Dhaka,ST02,Social Media
C00766,2022-04-04,Khulna,ST03,Referral
C04293,"September 6, 2019",Dhaka,ST16,Walk-in
C04774,2021-11-12,barishal,ST04,Walk-in
C05116,"August 4, 2021",Rajshahi,ST11,Referral
C04989,11/06/2019,Dhaka,ST11,Walk-in
C00765,06/07/2019, Barishal ,ST17,Social Media
C05951,02/09/2021,Chattogram,ST07,Walk-in
C05314,"March 18, 2022",Khulna,ST08,Referral
C01838,"March 24, 2019",,ST17,Walk-in
C04099,04/05/2020,Sylhet,ST19,Walk-in
C03798,26/05/2018,Chattogram,ST15,Walk-in
C05527,04/05/2024,Rajshahi,ST09,Online
