shipment_id,warehouse_id,store_id,carrier_id,dispatch_date,expected_arrival_date,actual_arrival_date,distance_km,shipment_cost,shipment_status
SH000001,W03,ST01,CR03,2024-01-03,2024-01-04,"January 5, 2024",12.5,972.38,Delayed
SH000002,W03,ST01,CR04,"January 5, 2024","January 6, 2024",2024-01-06,28.0,1897.51,On-time
SH000003,W03,ST01,CR01,"January 9, 2024",10/01/2024,10/01/2024,15.9,1326.74,On-time
SH000004,W03,ST01,CR04,2024-01-12,13/01/2024,13/01/2024,14.1,758.94,On-time
SH000005,W02,ST01,CR01,2024-01-16,19/01/2024,2024-01-19,417.6,23115.85,On-time
SH000006,W03,ST01,CR05,19/01/2024,2024-01-20,"January 20, 2024",25.0,1581.37,On-time
SH000007,W03,ST01,CR02,2024-01-22,"January 23, 2024",23/01/2024,22.8,1413.69,On-time
SH000008,W03,ST01,CR01,25/01/2024,26/01/2024,"January 26, 2024",8.2,716.52,On-time
SH000009,W03,ST01,CR02,"January 28, 2024",29/01/2024,29/01/2024,20.6,1603.52,On-time
SH000010,W03,ST01,CR01,"January 30, 2024",31/01/2024,31/01/2024,6.5,714.11,On-time
SH000011,W03,ST01,CR03,2024-02-02,03/02/2024,"February 3, 2024",21.8,1333.05,On-time
SH000012,W03,ST01,CR01,"February 6, 2024",2024-02-07,07/02/2024,29.6,1870.71,Lost
SH000013,W03,ST01,CR02,"February 8, 2024",09/02/2024,10/02/2024,20.6,1318.2,Damaged
SH000014,W03,ST01,CR03,2024-02-10,11/02/2024,"February 11, 2024",8.3,548.08,On-time
SH000015,W03,ST01,CR03,2024-02-14,"February 15, 2024",15/02/2024,11.1,1093.05,On-time
SH000016,W03,ST01,CR05,2024-02-17,"February 18, 2024",18/02/2024,23.1,1129.76,On-time
SH000017,W01,ST01,CR01,"February 21, 2024",23/02/2024,"February 23, 2024",210.3,8861.16,On-time
SH000018,W03,ST01,CR01,"February 24, 2024",25/02/2024,"February 25, 2024",32.4,1859.27,On-time
SH000019,W03,ST01,CR02,28/02/2024,2024-02-29,2024-03-02,12.0,872.25,Delayed
SH000020,W03,ST01,CR01,"March 3, 2024","March 4, 2024",2024-03-04,35.0,1561.11,On-time
SH000021,W03,ST01,CR03,2024-03-07,"March 8, 2024",08/03/2024,9.7,769.3,On-time
SH000022,W03,ST01,CR03,11/03/2024,12/03/2024,13/03/2024,26.0,1611.46,Delayed
SH000023,W03,ST01,CR03,13/03/2024,14/03/2024,18/03/2024,8.8,1036.87,Delayed
SH000024,W03,ST01,CR04,"March 16, 2024",17/03/2024,17/03/2024,31.5,2164.82,On-time
SH000025,W03,ST01,CR03,2024-03-19,"March 20, 2024","March 24, 2024",17.6,1075.64,Delayed
SH000026,W03,ST01,CR02,2024-03-23,"March 24, 2024",2024-03-26,26.3,1593.96,Delayed
SH000027,W03,ST01,CR02,25/03/2024,26/03/2024,"March 26, 2024",17.6,1277.26,On-time
SH000028,W03,ST01,CR03,2024-03-27,"March 28, 2024",28/03/2024,9.9,927.86,On-time
SH000029,W03,ST01,CR03,29/03/2024,30/03/2024,2024-03-30,31.8,1711.46,On-time
SH000030,W03,ST01,CR05,2024-04-01,2024-04-02,02/04/2024,24.8,1512.05,On-time
SH000031,W03,ST01,CR03,04/04/2024,2024-04-05,05/04/2024,31.3,1722.14,On-time
SH000032,W03,ST01,CR01,2024-04-07,2024-04-08,08/04/2024,5.8,626.55,On-time
SH000033,W03,ST01,CR05,11/04/2024,12/04/2024,"April 12, 2024",9.5,990.48,On-time
SH000034,W03,ST01,CR03,"April 13, 2024",2024-04-14,14/04/2024,26.3,1967.42,On-time
SH000035,W02,ST01,CR01,2024-04-17,2024-04-20,22/04/2024,417.6,16882.32,Delayed
SH000036,W03,ST01,CR03,"April 21, 2024","April 22, 2024",22/04/2024,20.3,1352.09,On-time
SH000037,W01,ST01,CR05,25/04/2024,27/04/2024,2024-04-27,130.7,9114.21,On-time
SH000038,W01,ST01,CR02,"April 28, 2024",30/04/2024,2024-05-03,210.3,12374.66,Delayed
SH000039,W02,ST01,CR03,"May 1, 2024","May 4, 2024",05/05/2024,417.6,17397.66,Delayed
SH000040,W03,ST01,CR03,05/05/2024,"May 6, 2024",07/05/2024,12.1,839.52,Damaged
SH000041,W03,ST01,CR04,2024-05-09,10/05/2024,10/05/2024,30.9,1529.41,On-time
SH000042,W03,ST01,CR02,11/05/2024,2024-05-12,"May 15, 2024",29.6,1992.86,Delayed
SH000043,W03,ST01,CR02,"May 15, 2024",16/05/2024,16/05/2024,16.8,1030.16,On-time
SH000044,W03,ST01,CR05,18/05/2024,19/05/2024,19/05/2024,12.8,730.1,On-time
SH000045,W03,ST01,CR05,2024-05-22,"May 23, 2024","May 23, 2024",19.9,1296.45,On-time
SH000046,W03,ST01,CR02,"May 25, 2024",26/05/2024,2024-05-26,12.8,1187.93,On-time
SH000047,W03,ST01,CR05,29/05/2024,2024-05-30,30/05/2024,16.5,1035.19,On-time
SH000048,W03,ST01,CR04,31/05/2024,2024-06-01,2024-06-01,29.4,1605.57,On-time
SH000049,W03,ST01,CR04,2024-06-03,2024-06-04,04/06/2024,9.1,574.48,On-time
SH000050,W03,ST01,CR01,05/06/2024,2024-06-06,2024-06-06,17.5,1381.69,On-time
SH000051,W03,ST01,CR02,2024-06-09,10/06/2024,10/06/2024,13.4,1148.68,On-time
SH000052,W03,ST01,CR04,"June 12, 2024",13/06/2024,2024-06-15,32.7,1604.68,Delayed
SH000053,W03,ST01,CR01,2024-06-14,2024-06-15,"June 15, 2024",24.5,1849.25,On-time
SH000054,W03,ST01,CR03,2024-06-17,2024-06-18,2024-06-19,30.8,1807.95,Delayed
SH000055,W03,ST01,CR01,"June 19, 2024","June 20, 2024","June 21, 2024",10.9,1052.27,Delayed
SH000056,W03,ST01,CR05,"June 23, 2024",24/06/2024,24/06/2024,31.7,2178.61,On-time
SH000057,W03,ST01,CR02,27/06/2024,"June 28, 2024",2024-06-28,8.1,572.79,Damaged
SH000058,W03,ST01,CR01,30/06/2024,01/07/2024,"July 1, 2024",23.0,1288.09,On-time
SH000059,W03,ST01,CR01,2024-07-02,2024-07-03,"July 3, 2024",17.5,902.11,On-time
SH000060,W03,ST01,CR01,2024-07-05,06/07/2024,06/07/2024,27.8,1936.4,On-time
SH000061,W03,ST01,CR05,"July 9, 2024",10/07/2024,10/07/2024,14.6,789.49,On-time
SH000062,W03,ST01,CR05,12/07/2024,"July 13, 2024","July 13, 2024",6.0,997.85,On-time
SH000063,W03,ST01,CR03,"July 14, 2024",15/07/2024,2024-07-19,14.5,863.94,Delayed
SH000064,W01,ST01,CR05,"July 18, 2024",2024-07-20,2024-07-20,210.3,10561.28,On-time
SH000065,W03,ST01,CR03,2024-07-22,23/07/2024,2024-07-25,33.0,1737.46,Delayed
SH000066,W03,ST01,CR03,2024-07-24,25/07/2024,25/07/2024,23.1,1645.95,On-time
SH000067,W03,ST01,CR05,28/07/2024,29/07/2024,29/07/2024,6.4,,On-time
SH000068,W03,ST01,CR01,"July 31, 2024","August 1, 2024","August 3, 2024",31.2,2141.07,Delayed
SH000069,W03,ST01,CR05,2024-08-02,2024-08-03,2024-08-03,21.6,2270.09,Damaged
SH000070,W02,ST01,CR04,05/08/2024,2024-08-08,"August 9, 2024",417.6,24979.57,Delayed
SH000071,W03,ST01,CR01,09/08/2024,2024-08-10,"August 10, 2024",27.1,1695.43,On-time
SH000072,W03,ST01,CR02,13/08/2024,"August 14, 2024",2024-08-14,10.1,1096.02,On-time
SH000073,W03,ST01,CR01,17/08/2024,"August 18, 2024",2024-08-22,9.4,615.63,Delayed
SH000074,W03,ST01,CR02,"August 21, 2024",22/08/2024,2024-08-25,14.7,1030.62,Delayed
SH000075,W03,ST01,CR05,2024-08-24,"August 25, 2024",25/08/2024,6.0,655.54,On-time
SH000076,W03,ST01,CR05,27/08/2024,"August 28, 2024","August 30, 2024",33.9,2052.12,Delayed
SH000077,W03,ST01,CR01,30/08/2024,31/08/2024,2024-08-31,25.4,1538.32,On-time
SH000078,W03,ST01,CR03,"September 2, 2024",2024-09-03,03/09/2024,21.6,1527.57,On-time
SH000079,W03,ST01,CR05,04/09/2024,"September 5, 2024","September 7, 2024",14.1,1178.34,Delayed
SH000080,W03,ST01,CR02,07/09/2024,"September 8, 2024",11/09/2024,30.5,1761.93,Delayed
SH000081,W03,ST01,CR03,2024-09-10,"September 11, 2024","September 11, 2024",18.9,1488.37,On-time
SH000082,W03,ST01,CR02,"September 13, 2024","September 14, 2024","September 15, 2024",30.8,1627.25,Delayed
SH000083,W03,ST01,CR03,"September 17, 2024",18/09/2024,2024-09-18,10.2,946.59,On-time
SH000084,W03,ST01,CR02,2024-09-21,2024-09-22,"September 25, 2024",19.1,1157.57,Delayed
SH000085,W03,ST01,CR01,"September 24, 2024","September 25, 2024","September 25, 2024",12.3,682.51,On-time
SH000086,W03,ST01,CR04,27/09/2024,"September 28, 2024",2024-09-28,9.5,1206.0,On-time
SH000087,W01,ST01,CR03,01/10/2024,2024-10-03,"October 3, 2024",210.3,9258.03,On-time
SH000088,W03,ST01,CR02,"October 3, 2024",2024-10-04,04/10/2024,14.2,1168.78,On-time
SH000089,W02,ST01,CR04,07/10/2024,10/10/2024,"October 11, 2024",417.6,16742.21,Delayed
SH000090,W03,ST01,CR03,"October 10, 2024",2024-10-11,11/10/2024,33.5,,On-time
SH000091,W03,ST01,CR01,14/10/2024,"October 15, 2024","October 15, 2024",33.8,1684.95,On-time
SH000092,W03,ST01,CR04,17/10/2024,"October 18, 2024","October 18, 2024",11.2,1461.22,On-time
SH000093,W03,ST01,CR02,21/10/2024,"October 22, 2024",2024-10-22,19.9,1133.86,On-time
SH000094,W03,ST01,CR04,"October 25, 2024",26/10/2024,"October 26, 2024",32.5,1861.46,On-time
SH000095,W03,ST01,CR05,"October 28, 2024",29/10/2024,"October 29, 2024",15.1,1407.77,On-time
SH000096,W03,ST01,CR05,"October 30, 2024","October 31, 2024",31/10/2024,11.4,1433.77,On-time
SH000097,W03,ST01,CR05,02/11/2024,03/11/2024,03/11/2024,33.3,2123.5,On-time
SH000098,W03,ST01,CR05,"November 4, 2024",05/11/2024,2024-11-05,13.7,1004.68,On-time
SH000099,W02,ST01,CR04,06/11/2024,2024-11-09,"November 9, 2024",417.6,18695.1,On-time
SH000100,W03,ST01,CR02,2024-11-08,"November 9, 2024","November 9, 2024",9.0,710.0,On-time
SH000101,W03,ST01,CR01,"November 12, 2024","November 13, 2024",13/11/2024,7.3,1020.78,On-time
SH000102,W03,ST01,CR02,"November 14, 2024",2024-11-15,15/11/2024,12.1,1167.38,On-time
SH000103,W03,ST01,CR03,16/11/2024,"November 17, 2024","November 17, 2024",32.0,1941.45,On-time
SH000104,W03,ST01,CR01,2024-11-20,2024-11-21,2024-11-21,25.2,1790.27,On-time
SH000105,W03,ST01,CR01,2024-11-23,2024-11-24,24/11/2024,26.5,1441.17,On-time
SH000106,W03,ST01,CR04,27/11/2024,2024-11-28,"November 28, 2024",24.6,1715.45,On-time
SH000107,W03,ST01,CR02,"November 30, 2024",2024-12-01,"December 1, 2024",25.0,1849.18,On-time
SH000108,W03,ST01,CR02,04/12/2024,2024-12-05,2024-12-05,29.7,1807.62,On-time
SH000109,W03,ST01,CR05,2024-12-07,08/12/2024,"December 8, 2024",13.7,900.75,On-time
SH000110,W03,ST01,CR05,"December 10, 2024",11/12/2024,11/12/2024,20.0,1177.64,On-time
SH000111,W02,ST01,CR03,12/12/2024,"December 15, 2024","December 15, 2024",417.6,24256.24,On-time
SH000112,W03,ST01,CR03,16/12/2024,2024-12-17,20/12/2024,19.9,1683.56,Delayed
SH000113,W01,ST01,CR03,2024-12-18,"December 20, 2024","December 20, 2024",130.7,11031.54,On-time
SH000114,W03,ST01,CR02,22/12/2024,2024-12-23,23/12/2024,29.1,1620.56,On-time
SH000115,W03,ST01,CR05,"December 24, 2024",2024-12-25,2024-12-25,32.4,1811.82,On-time
SH000116,W03,ST01,CR05,"December 27, 2024","December 28, 2024",2024-12-28,12.2,1147.04,Lost
SH000117,W01,ST01,CR05,30/12/2024,"January 1, 2025",01/01/2025,130.7,10812.66,On-time
SH000118,W03,ST01,CR02,"January 1, 2025",2025-01-02,2025-01-02,9.0,,On-time
SH000119,W03,ST01,CR03,2025-01-05,2025-01-06,2025-01-06,9.3,883.62,On-time
SH000120,W03,ST99,CR04,"January 8, 2025",2025-01-09,09/01/2025,21.1,,On-time
SH000121,W03,ST01,CR01,"January 11, 2025",2025-01-12,12/01/2025,34.1,2289.72,On-time
SH000122,W03,ST01,CR05,13/01/2025,"January 14, 2025","January 14, 2025",12.2,1088.72,On-time
SH000123,W03,ST01,CR05,2025-01-16,17/01/2025,"January 17, 2025",21.4,1292.98,On-time
SH000124,W03,ST01,CR01,2025-01-19,"January 20, 2025",20/01/2025,21.8,1213.84,On-time
SH000125,W03,ST01,CR04,22/01/2025,"January 23, 2025","January 23, 2025",18.5,1140.17,On-time
SH000126,W03,ST01,CR02,"January 24, 2025",25/01/2025,"January 25, 2025",8.9,667.06,On-time
SH000127,W03,ST01,CR05,2025-01-27,2025-01-28,2025-01-28,15.2,1037.65,On-time
SH000128,W03,ST01,CR01,30/01/2025,"January 31, 2025",31/01/2025,29.7,1908.41,On-time
SH000129,W03,ST01,CR01,2025-02-02,2025-02-03,03/02/2025,20.1,2168.51,On-time
SH000130,W03,ST01,CR04,04/02/2025,2025-02-05,2025-02-05,10.2,1044.66,On-time
SH000131,W03,ST01,CR04,06/02/2025,"February 7, 2025",07/02/2025,15.3,1151.21,On-time
SH000132,W03,ST01,CR02,08/02/2025,2025-02-09,09/02/2025,33.9,1615.5,On-time
SH000133,W03,ST01,CR01,"February 12, 2025",2025-02-13,13/02/2025,16.5,1202.47,On-time
SH000134,W01,ST01,CR02,15/02/2025,17/02/2025,"February 19, 2025",210.3,9690.39,Delayed
SH000135,W03,ST01,CR05,"February 19, 2025",20/02/2025,"February 20, 2025",26.5,1872.67,On-time
SH000136,W01,ST01,CR02,"February 22, 2025","February 24, 2025",2025-02-27,210.3,9600.59,Delayed
SH000137,W03,ST01,CR05,2025-02-25,"February 26, 2025","February 26, 2025",33.3,1579.95,On-time
SH000138,W03,ST01,CR03,"March 1, 2025","March 2, 2025",2025-03-02,10.1,879.53,Lost
SH000139,W03,ST01,CR03,04/03/2025,2025-03-05,05/03/2025,13.9,1202.74,On-time
SH000140,W03,ST01,CR01,08/03/2025,2025-03-09,09/03/2025,30.1,1882.78,On-time
SH000141,W03,ST01,CR01,2025-03-10,"March 11, 2025",11/03/2025,24.5,1730.12,On-time
SH000142,W03,ST01,CR03,2025-03-13,"March 14, 2025",14/03/2025,33.0,2241.35,On-time
SH000143,W03,ST01,CR02,17/03/2025,18/03/2025,20/03/2025,33.2,2099.51,Delayed
SH000144,W03,ST01,CR02,21/03/2025,"March 22, 2025","March 23, 2025",17.4,1465.8,Delayed
SH000145,W03,ST01,CR01,"March 25, 2025",26/03/2025,2025-03-26,15.5,1572.5,Damaged
SH000146,W03,ST01,CR01,2025-03-28,"March 29, 2025",29/03/2025,10.4,754.19,On-time
SH000147,W03,ST01,CR01,01/04/2025,2025-04-02,02/04/2025,34.9,2120.51,On-time
SH000148,W03,ST01,CR01,"April 5, 2025",06/04/2025,06/04/2025,20.7,1517.76,On-time
SH000149,W02,ST01,CR02,"April 7, 2025",2025-04-10,2025-04-10,417.6,22974.99,On-time
SH000150,W03,ST01,CR04,11/04/2025,2025-04-12,"April 12, 2025",5.0,947.6,On-time
SH000151,W03,ST01,CR02,13/04/2025,2025-04-14,14/04/2025,9.0,648.03,On-time
SH000152,W03,ST01,CR02,"April 17, 2025","April 18, 2025",2025-04-18,13.6,1057.31,On-time
SH000153,W03,ST01,CR05,2025-04-21,2025-04-22,2025-04-22,31.8,1604.44,On-time
SH000154,W03,ST01,CR02,24/04/2025,"April 25, 2025",25/04/2025,7.0,795.36,On-time
SH000155,W02,ST01,CR04,"April 27, 2025","April 30, 2025",2025-05-03,417.6,18231.59,Delayed
SH000156,W03,ST01,CR03,"May 1, 2025",02/05/2025,2025-05-05,32.2,2079.07,Delayed
SH000157,W03,ST01,CR01,2025-05-04,"May 5, 2025",2025-05-05,16.2,1116.13,On-time
SH000158,W03,ST01,CR03,06/05/2025,2025-05-07,"May 7, 2025",19.7,1488.93,On-time
SH000159,W03,ST01,CR05,08/05/2025,"May 9, 2025",2025-05-09,21.8,1839.54,On-time
SH000160,W03,ST01,CR03,11/05/2025,"May 12, 2025",16/05/2025,20.0,,Delayed
SH000161,W03,ST01,CR03,"May 14, 2025",15/05/2025,15/05/2025,17.1,1197.98,On-time
SH000162,W03,ST01,CR04,"May 18, 2025","May 19, 2025",2025-05-19,11.6,1275.28,On-time
SH000163,W03,ST01,CR02,"May 21, 2025",22/05/2025,2025-05-22,16.1,1208.74,On-time
SH000164,W03,ST01,CR02,2025-05-25,"May 26, 2025",29/05/2025,9.4,847.58,Delayed
SH000165,W03,ST01,CR05,"May 28, 2025","May 29, 2025",29/05/2025,16.5,999.13,On-time
SH000166,W03,ST01,CR05,01/06/2025,02/06/2025,"June 2, 2025",34.6,2008.83,On-time
SH000167,W03,ST01,CR02,05/06/2025,"June 6, 2025",06/06/2025,16.0,1228.85,On-time
SH000168,W03,ST01,CR02,2025-06-07,2025-06-08,2025-06-08,10.9,,On-time
SH000169,W03,ST01,CR05,2025-06-11,2025-06-12,2025-06-12,10.5,1073.7,On-time
SH000170,W03,ST01,CR01,2025-06-14,2025-06-15,"June 15, 2025",32.6,2240.15,On-time
SH000171,W03,ST01,CR05,16/06/2025,"June 17, 2025","June 17, 2025",35.0,1999.22,On-time
SH000172,W03,ST01,CR04,"June 20, 2025",2025-06-21,25/06/2025,34.6,2329.78,Delayed
SH000173,W03,ST01,CR02,24/06/2025,2025-06-25,25/06/2025,19.8,2215.94,On-time
SH000174,W03,ST01,CR02,28/06/2025,29/06/2025,29/06/2025,12.5,912.05,On-time
SH000175,W03,ST01,CR04,02/07/2025,03/07/2025,03/07/2025,23.3,1295.76,On-time
SH000176,W03,ST01,CR01,06/07/2025,2025-07-07,"July 7, 2025",17.6,1107.18,On-time
SH000177,W03,ST01,CR02,09/07/2025,10/07/2025,"July 10, 2025",22.4,1559.73,On-time
SH000178,W01,ST01,CR02,13/07/2025,15/07/2025,19/07/2025,210.3,8625.28,Delayed
SH000179,W03,ST01,CR01,"July 17, 2025","July 18, 2025",2025-07-18,11.0,1133.15,On-time
SH000180,W01,ST01,CR03,2025-07-21,"July 23, 2025",2025-07-27,210.3,9974.64,Delayed
SH000181,W03,ST01,CR05,23/07/2025,24/07/2025,24/07/2025,20.7,1453.53,On-time
SH000182,W03,ST01,CR01,27/07/2025,28/07/2025,30/07/2025,27.9,1691.37,Delayed
SH000183,W03,ST01,CR04,"July 30, 2025","July 31, 2025",2025-08-03,30.9,2317.21,Delayed
SH000184,W03,ST01,CR04,"August 3, 2025","August 4, 2025",08/08/2025,12.9,1062.83,Delayed
SH000185,W03,ST01,CR01,2025-08-07,2025-08-08,2025-08-08,13.9,889.91,On-time
SH000186,W03,ST01,CR04,"August 9, 2025",10/08/2025,2025-08-10,30.9,,On-time
SH000187,W03,ST01,CR05,12/08/2025,13/08/2025,13/08/2025,13.9,1386.24,Lost
SH000188,W03,ST01,CR02,15/08/2025,16/08/2025,16/08/2025,32.2,1928.85,On-time
SH000189,W03,ST01,CR02,2025-08-19,"August 20, 2025",2025-08-20,12.0,987.92,On-time
SH000190,W03,ST01,CR05,"August 22, 2025","August 23, 2025","August 23, 2025",13.1,1255.9,On-time
SH000191,W03,ST01,CR04,26/08/2025,2025-08-27,"August 27, 2025",13.8,1111.17,Lost
SH000192,W03,ST01,CR01,"August 30, 2025",2025-08-31,"August 31, 2025",22.2,1284.13,On-time
SH000193,W03,ST01,CR03,01/09/2025,2025-09-02,"September 2, 2025",15.8,2048.12,Damaged
SH000194,W03,ST01,CR01,"September 4, 2025",05/09/2025,05/09/2025,31.8,1907.07,On-time
SH000195,W02,ST01,CR02,"September 7, 2025",10/09/2025,"September 13, 2025",417.6,22370.47,Delayed
SH000196,W03,ST01,CR01,11/09/2025,2025-09-12,15/09/2025,21.1,1739.35,Delayed
SH000197,W03,ST01,CR01,14/09/2025,15/09/2025,15/09/2025,14.8,1069.36,On-time
SH000198,W03,ST01,CR03,"September 16, 2025",2025-09-17,17/09/2025,28.8,,On-time
SH000199,W03,ST01,CR02,"September 18, 2025",2025-09-19,19/09/2025,22.8,1556.06,On-time
SH000200,W01,ST01,CR03,"September 22, 2025","September 24, 2025","September 24, 2025",210.3,10486.99,On-time
SH000201,W03,ST01,CR02,26/09/2025,"September 27, 2025","September 27, 2025",33.9,1647.18,On-time
SH000202,W03,ST01,CR01,30/09/2025,01/10/2025,2025-10-01,33.3,2007.62,On-time
SH000203,W03,ST01,CR02,"October 3, 2025",04/10/2025,"October 4, 2025",9.1,1059.13,On-time
SH000204,W02,ST01,CR05,"October 7, 2025","October 10, 2025",2025-10-10,417.6,18981.44,On-time
SH000205,W03,ST01,CR05,2025-10-10,11/10/2025,"October 11, 2025",23.6,1683.51,On-time
SH000206,W03,ST01,CR01,14/10/2025,"October 15, 2025",2025-10-15,11.0,834.74,On-time
SH000207,W03,ST01,CR01,2025-10-16,"October 17, 2025","October 17, 2025",13.5,1296.72,On-time
SH000208,W03,ST01,CR04,18/10/2025,19/10/2025,"October 19, 2025",32.4,1682.75,On-time
SH000209,W03,ST01,CR01,"October 22, 2025",2025-10-23,2025-10-24,5.7,638.3,Delayed
SH000210,W03,ST01,CR05,"October 25, 2025",2025-10-26,26/10/2025,13.6,1095.94,On-time
SH000211,W03,ST01,CR02,28/10/2025,29/10/2025,"October 31, 2025",15.7,1167.78,Delayed
SH000212,W03,ST01,CR02,"November 1, 2025","November 2, 2025",05/11/2025,6.2,650.49,Delayed
SH000213,W03,ST01,CR02,2025-11-04,2025-11-05,2025-11-05,20.3,1264.39,On-time
SH000214,W03,ST01,CR05,07/11/2025,"November 8, 2025",08/11/2025,12.4,1034.35,On-time
SH000215,W03,ST01,CR02,"November 11, 2025",12/11/2025,"November 16, 2025",13.2,1127.65,Delayed
SH000216,W03,ST01,CR03,15/11/2025,2025-11-16,"November 16, 2025",8.1,961.78,On-time
SH000217,W03,ST01,CR03,"November 18, 2025","November 19, 2025","November 19, 2025",20.7,1160.44,On-time
SH000218,W01,ST01,CR03,21/11/2025,23/11/2025,2025-11-23,130.7,10033.61,On-time
SH000219,W03,ST01,CR01,2025-11-24,25/11/2025,"November 25, 2025",8.1,667.08,On-time
SH000220,W03,ST01,CR05,27/11/2025,"November 28, 2025","November 28, 2025",24.4,1614.21,On-time
SH000221,W03,ST99,CR02,01/12/2025,02/12/2025,02/12/2025,9.6,816.26,On-time
SH000222,W03,ST01,CR03,"December 5, 2025",06/12/2025,"December 6, 2025",13.6,1125.72,On-time
SH000223,W03,ST01,CR05,"December 7, 2025","December 8, 2025","December 8, 2025",20.0,1294.72,On-time
SH000224,W03,ST01,CR02,"December 11, 2025",2025-12-12,"December 12, 2025",26.8,1723.38,On-time
SH000225,W03,ST01,CR03,"December 13, 2025","December 14, 2025",2025-12-14,8.6,904.49,On-time
SH000226,W03,ST01,CR01,2025-12-17,18/12/2025,"December 18, 2025",25.5,1543.75,On-time
SH000227,W03,ST01,CR01,"December 19, 2025",20/12/2025,2025-12-20,9.7,916.51,On-time
SH000228,W03,ST01,CR01,"December 22, 2025",2025-12-23,23/12/2025,19.4,1347.66,On-time
SH000229,W03,ST01,CR01,25/12/2025,"December 26, 2025",26/12/2025,23.6,1476.03,On-time
SH000230,W03,ST01,CR01,2025-12-29,2025-12-30,2025-12-30,34.7,1943.75,On-time
SH000231,W02,ST02,CR01,2024-01-04,"January 5, 2024",05/01/2024,20.5,1589.13,On-time
SH000232,W02,ST02,CR05,2024-01-05,06/01/2024,06/01/2024,27.7,1720.72,On-time
SH000233,W03,ST02,CR03,"January 7, 2024",10/01/2024,2024-01-14,417.6,18996.44,Delayed
SH000234,W02,ST02,CR02,2024-01-08,09/01/2024,09/01/2024,22.9,1455.55,On-time
SH000235,W02,ST02,CR03,10/01/2024,11/01/2024,2024-01-11,10.1,968.99,On-time
SH000236,W02,ST02,CR05,"January 11, 2024",12/01/2024,"January 12, 2024",14.5,882.36,On-time
SH000237,W02,ST02,CR01,13/01/2024,"January 14, 2024","January 14, 2024",15.7,1041.92,On-time
SH000238,W01,ST02,CR02,15/01/2024,17/01/2024,2024-01-17,221.4,10652.46,On-time
SH000239,W02,ST02,CR02,2024-01-16,17/01/2024,17/01/2024,24.2,1830.58,On-time
SH000240,W02,ST02,CR05,18/01/2024,2024-01-19,"January 19, 2024",17.3,,On-time
SH000241,W02,ST02,CR05,2024-01-19,"January 20, 2024","January 20, 2024",27.8,1976.78,On-time
SH000242,W02,ST02,CR01,21/01/2024,2024-01-22,2024-01-22,20.9,1336.73,On-time
SH000243,W02,ST02,CR03,"January 22, 2024",23/01/2024,23/01/2024,9.3,864.97,On-time
SH000244,W01,ST02,CR04,2024-01-23,25/01/2024,25/01/2024,221.4,9625.68,On-time
SH000245,W02,ST02,CR03,"January 24, 2024",2024-01-25,25/01/2024,34.1,2051.72,On-time
SH000246,W02,ST02,CR04,26/01/2024,27/01/2024,27/01/2024,13.8,824.25,Lost
SH000247,W02,ST02,CR04,27/01/2024,28/01/2024,2024-01-28,8.9,557.68,On-time
SH000248,W02,ST02,CR01,28/01/2024,29/01/2024,29/01/2024,18.3,1291.5,On-time
SH000249,W01,ST02,CR05,29/01/2024,31/01/2024,2024-01-31,221.4,10371.64,On-time
SH000250,W02,ST02,CR01,"January 31, 2024",2024-02-01,2024-02-01,19.5,1076.27,On-time
SH000251,W02,ST02,CR03,02/02/2024,2024-02-03,04/02/2024,9.6,966.94,Delayed
SH000252,W02,ST02,CR04,03/02/2024,04/02/2024,"February 4, 2024",34.9,2008.24,On-time
SH000253,W02,ST02,CR01,04/02/2024,"February 5, 2024",2024-02-05,24.4,1571.49,On-time
SH000254,W02,ST02,CR01,"February 6, 2024","February 7, 2024",2024-02-07,30.1,2110.4,On-time
SH000255,W02,ST02,CR02,08/02/2024,2024-02-09,12/02/2024,20.7,1279.0,Delayed
SH000256,W01,ST02,CR05,2024-02-09,"February 11, 2024",2024-02-11,221.4,,On-time
SH000257,W02,ST02,CR03,"February 11, 2024",2024-02-12,12/02/2024,15.8,1403.38,On-time
SH000258,W02,ST02,CR05,13/02/2024,14/02/2024,"February 17, 2024",23.2,1217.18,Delayed
SH000259,W02,ST02,CR01,15/02/2024,"February 16, 2024",2024-02-16,32.8,1400.42,On-time
SH000260,W02,ST02,CR01,"February 17, 2024",18/02/2024,18/02/2024,16.1,1066.86,On-time
SH000261,W02,ST02,CR02,"February 19, 2024",20/02/2024,"February 21, 2024",13.8,1171.9,Delayed
SH000262,W02,ST02,CR03,21/02/2024,"February 22, 2024",22/02/2024,14.0,734.69,On-time
SH000263,W02,ST02,CR02,"February 23, 2024",2024-02-24,2024-02-24,12.0,1006.5,On-time
SH000264,W02,ST02,CR05,24/02/2024,25/02/2024,25/02/2024,24.2,1505.52,On-time
SH000265,W02,ST02,CR05,2024-02-25,2024-02-26,"February 26, 2024",34.9,1713.4,On-time
SH000266,W02,ST02,CR01,26/02/2024,"February 27, 2024",2024-02-27,13.3,998.95,On-time
SH000267,W02,ST02,CR03,27/02/2024,28/02/2024,"February 28, 2024",17.6,1205.6,On-time
SH000268,W02,ST02,CR04,"February 28, 2024",29/02/2024,2024-03-01,11.3,797.79,Delayed
SH000269,W01,ST02,CR01,2024-02-29,02/03/2024,02/03/2024,221.4,11950.04,On-time
SH000270,W02,ST02,CR02,2024-03-01,02/03/2024,02/03/2024,14.8,1074.84,On-time
SH000271,W02,ST02,CR02,2024-03-02,2024-03-03,2024-03-03,22.3,1711.38,On-time
SH000272,W02,ST02,CR02,"March 4, 2024","March 5, 2024",05/03/2024,26.2,1598.15,On-time
SH000273,W02,ST02,CR01,"March 5, 2024",06/03/2024,2024-03-06,19.8,1201.88,On-time
SH000274,W02,ST02,CR02,06/03/2024,2024-03-07,2024-03-07,27.6,,On-time
SH000275,W02,ST02,CR02,07/03/2024,08/03/2024,2024-03-08,29.4,1200.43,On-time
SH000276,W02,ST02,CR05,2024-03-09,10/03/2024,"March 10, 2024",31.3,2177.14,On-time
SH000277,W02,ST02,CR02,10/03/2024,2024-03-11,2024-03-11,15.7,1226.06,On-time
SH000278,W02,ST02,CR02,"March 11, 2024",2024-03-12,15/03/2024,28.7,2041.19,Delayed
SH000279,W01,ST02,CR05,12/03/2024,"March 14, 2024",14/03/2024,221.4,10908.28,On-time
SH000280,W02,ST02,CR05,14/03/2024,"March 15, 2024","March 15, 2024",34.7,2015.57,On-time
SH000281,W03,ST02,CR04,"March 15, 2024","March 18, 2024",18/03/2024,417.6,22877.02,On-time
SH000282,W02,ST02,CR03,2024-03-16,2024-03-17,"March 17, 2024",30.4,1618.19,On-time
SH000283,W02,ST02,CR02,"March 18, 2024",2024-03-19,2024-03-19,19.8,1696.87,On-time
SH000284,W02,ST02,CR05,20/03/2024,21/03/2024,"March 21, 2024",29.7,1506.68,On-time
SH000285,W03,ST02,CR02,22/03/2024,25/03/2024,2024-03-25,417.6,19875.71,On-time
SH000286,W02,ST02,CR01,"March 23, 2024",24/03/2024,24/03/2024,11.6,860.84,On-time
SH000287,W02,ST02,CR01,2024-03-24,"March 25, 2024","March 25, 2024",28.3,1771.85,On-time
SH000288,W02,ST02,CR04,2024-03-25,26/03/2024,"March 26, 2024",11.4,918.36,On-time
SH000289,W02,ST02,CR04,27/03/2024,"March 28, 2024",2024-03-28,28.6,1422.04,On-time
SH000290,W02,ST02,CR02,29/03/2024,"March 30, 2024",30/03/2024,11.4,837.21,On-time
SH000291,W02,ST02,CR05,"March 30, 2024",2024-03-31,31/03/2024,19.8,1245.03,On-time
SH000292,W02,ST02,CR05,31/03/2024,"April 1, 2024",2024-04-01,14.1,874.88,On-time
SH000293,W03,ST02,CR05,"April 1, 2024",2024-04-04,"April 8, 2024",259.5,16386.21,Delayed
SH000294,W02,ST02,CR01,02/04/2024,2024-04-03,"April 3, 2024",21.5,1697.33,On-time
SH000295,W02,ST99,CR03,"April 3, 2024","April 4, 2024","April 4, 2024",15.8,1146.98,On-time
SH000296,W02,ST02,CR02,2024-04-05,"April 6, 2024",06/04/2024,17.9,1100.64,On-time
SH000297,W02,ST02,CR03,"April 6, 2024",2024-04-07,"April 10, 2024",19.8,1044.14,Delayed
SH000298,W02,ST02,CR03,"April 8, 2024","April 9, 2024",09/04/2024,15.3,1338.69,On-time
SH000299,W02,ST02,CR05,"April 10, 2024",11/04/2024,"April 11, 2024",27.2,1477.85,On-time
SH000300,W02,ST02,CR03,2024-04-11,12/04/2024,"April 12, 2024",21.1,1346.81,On-time
SH000301,W02,ST02,CR05,2024-04-13,14/04/2024,2024-04-15,13.2,1043.24,Delayed
SH000302,W02,ST02,CR02,2024-04-14,2024-04-15,2024-04-15,8.2,761.23,On-time
SH000303,W02,ST02,CR05,16/04/2024,"April 17, 2024",17/04/2024,24.5,1382.22,Damaged
SH000304,W02,ST02,CR03,17/04/2024,18/04/2024,2024-04-18,28.1,1735.45,On-time
SH000305,W02,ST02,CR05,"April 18, 2024",2024-04-19,19/04/2024,15.2,909.27,On-time
SH000306,W02,ST02,CR05,"April 20, 2024","April 21, 2024",21/04/2024,19.5,1277.47,On-time
SH000307,W02,ST02,CR01,21/04/2024,2024-04-22,"April 22, 2024",14.3,1056.75,On-time
SH000308,W02,ST02,CR03,"April 22, 2024",23/04/2024,"April 23, 2024",27.0,1328.76,On-time
SH000309,W02,ST02,CR02,2024-04-24,2024-04-25,25/04/2024,26.4,1635.98,On-time
SH000310,W02,ST02,CR02,26/04/2024,2024-04-27,2024-04-27,32.6,2012.31,On-time
SH000311,W02,ST02,CR01,2024-04-28,29/04/2024,29/04/2024,24.3,1824.09,On-time
SH000312,W02,ST02,CR01,29/04/2024,30/04/2024,30/04/2024,22.9,1231.91,On-time
SH000313,W02,ST02,CR04,"May 1, 2024","May 2, 2024","May 2, 2024",10.5,,On-time
SH000314,W02,ST02,CR03,03/05/2024,"May 4, 2024",04/05/2024,34.2,1914.4,On-time
SH000315,W02,ST02,CR01,"May 4, 2024",05/05/2024,"May 5, 2024",8.7,,Damaged
SH000316,W02,ST02,CR02,"May 6, 2024",07/05/2024,"May 11, 2024",16.2,1010.38,Delayed
SH000317,W02,ST02,CR01,2024-05-08,09/05/2024,2024-05-09,32.6,1924.78,On-time
SH000318,W02,ST02,CR04,"May 9, 2024",2024-05-10,10/05/2024,26.7,1820.46,On-time
SH000319,W02,ST02,CR02,"May 11, 2024","May 12, 2024",15/05/2024,10.6,1113.03,Damaged
SH000320,W03,ST02,CR02,13/05/2024,2024-05-16,2024-05-20,417.6,17416.05,Delayed
SH000321,W02,ST02,CR05,14/05/2024,"May 15, 2024","May 15, 2024",15.7,1405.06,On-time
SH000322,W02,ST02,CR03,"May 16, 2024",17/05/2024,2024-05-17,14.0,1026.24,On-time
SH000323,W02,ST02,CR05,18/05/2024,2024-05-19,19/05/2024,25.0,1447.16,On-time
SH000324,W02,ST02,CR03,"May 19, 2024",2024-05-20,2024-05-24,15.6,1147.48,Delayed
SH000325,W02,ST02,CR03,2024-05-20,21/05/2024,21/05/2024,17.0,1133.61,On-time
SH000326,W02,ST02,CR05,2024-05-21,2024-05-22,"May 22, 2024",30.0,1827.09,On-time
SH000327,W02,ST02,CR02,"May 22, 2024","May 23, 2024",2024-05-23,17.0,1530.02,On-time
SH000328,W02,ST02,CR01,"May 24, 2024",2024-05-25,2024-05-25,34.3,2005.28,On-time
SH000329,W02,ST02,CR02,2024-05-25,26/05/2024,26/05/2024,10.8,782.5,On-time
SH000330,W02,ST02,CR01,"May 27, 2024",2024-05-28,"May 28, 2024",15.4,1012.9,On-time
SH000331,W02,ST02,CR01,2024-05-29,"May 30, 2024",30/05/2024,33.4,,On-time
SH000332,W02,ST02,CR02,31/05/2024,01/06/2024,01/06/2024,31.1,2172.9,On-time
SH000333,W02,ST02,CR01,01/06/2024,02/06/2024,03/06/2024,12.9,1025.83,Delayed
SH000334,W02,ST02,CR01,"June 2, 2024",03/06/2024,03/06/2024,32.7,2039.42,On-time
SH000335,W02,ST02,CR02,04/06/2024,"June 5, 2024",09/06/2024,31.2,1773.34,Damaged
SH000336,W02,ST02,CR02,"June 5, 2024",2024-06-06,09/06/2024,24.9,1290.78,Delayed
SH000337,W02,ST02,CR03,06/06/2024,07/06/2024,2024-06-07,33.0,2173.49,On-time
SH000338,W02,ST02,CR03,2024-06-08,2024-06-09,09/06/2024,27.6,1527.09,On-time
SH000339,W02,ST02,CR02,2024-06-09,2024-06-10,"June 13, 2024",17.8,991.62,Delayed
SH000340,W03,ST02,CR04,2024-06-10,2024-06-13,15/06/2024,417.6,21553.46,Delayed
SH000341,W01,ST02,CR02,2024-06-11,13/06/2024,"June 13, 2024",137.6,10314.81,On-time
SH000342,W02,ST02,CR03,13/06/2024,14/06/2024,"June 14, 2024",14.1,854.87,On-time
SH000343,W02,ST02,CR03,"June 15, 2024","June 16, 2024",2024-06-16,24.0,1813.67,On-time
SH000344,W02,ST02,CR02,17/06/2024,18/06/2024,"June 19, 2024",15.6,845.21,Delayed
SH000345,W02,ST02,CR02,2024-06-18,"June 19, 2024",19/06/2024,18.6,1676.34,On-time
SH000346,W01,ST02,CR03,2024-06-19,"June 21, 2024",2024-06-23,221.4,10008.12,Delayed
SH000347,W02,ST02,CR02,"June 21, 2024",2024-06-22,22/06/2024,17.7,1151.78,On-time
SH000348,W02,ST02,CR03,23/06/2024,2024-06-24,26/06/2024,15.3,863.47,Delayed
SH000349,W02,ST02,CR02,2024-06-25,"June 26, 2024",27/06/2024,31.7,2346.03,Delayed
SH000350,W02,ST02,CR03,27/06/2024,"June 28, 2024",28/06/2024,9.8,897.85,On-time
SH000351,W02,ST02,CR05,"June 29, 2024",30/06/2024,"June 30, 2024",22.6,1428.73,On-time
SH000352,W02,ST02,CR03,"June 30, 2024",2024-07-01,01/07/2024,8.2,780.61,On-time
SH000353,W02,ST02,CR05,01/07/2024,2024-07-02,02/07/2024,31.3,2075.74,On-time
SH000354,W02,ST02,CR02,2024-07-02,2024-07-03,03/07/2024,15.4,1224.32,On-time
SH000355,W01,ST02,CR01,2024-07-04,06/07/2024,"July 10, 2024",221.4,12296.92,Delayed
SH000356,W02,ST02,CR01,06/07/2024,07/07/2024,"July 7, 2024",25.3,1550.36,On-time
SH000357,W02,ST02,CR02,"July 7, 2024",2024-07-08,"July 12, 2024",34.1,2243.33,Delayed
SH000358,W02,ST02,CR02,08/07/2024,09/07/2024,09/07/2024,9.1,839.15,On-time
SH000359,W02,ST02,CR04,"July 9, 2024",2024-07-10,2024-07-10,23.0,1695.37,On-time
SH000360,W02,ST02,CR01,2024-07-10,2024-07-11,11/07/2024,9.9,956.99,On-time
SH000361,W02,ST02,CR03,11/07/2024,"July 12, 2024",12/07/2024,25.3,1314.07,On-time
SH000362,W02,ST02,CR02,"July 13, 2024","July 14, 2024","July 14, 2024",8.4,586.09,On-time
SH000363,W02,ST02,CR04,"July 14, 2024",15/07/2024,"July 15, 2024",33.2,1814.51,On-time
SH000364,W02,ST02,CR05,"July 16, 2024",2024-07-17,"July 17, 2024",29.1,2118.76,On-time
SH000365,W02,ST02,CR05,2024-07-17,18/07/2024,2024-07-22,33.7,1969.38,Delayed
SH000366,W02,ST02,CR01,"July 18, 2024","July 19, 2024",2024-07-19,32.9,1766.61,On-time
SH000367,W02,ST02,CR04,"July 19, 2024",20/07/2024,"July 22, 2024",25.0,1166.16,Delayed
SH000368,W02,ST02,CR03,2024-07-21,2024-07-22,"July 22, 2024",19.5,1587.66,On-time
SH000369,W03,ST02,CR05,23/07/2024,26/07/2024,"July 26, 2024",417.6,17798.57,On-time
SH000370,W02,ST02,CR02,2024-07-25,"July 26, 2024",2024-07-26,34.2,1835.24,On-time
SH000371,W01,ST02,CR03,26/07/2024,28/07/2024,"August 1, 2024",137.6,12882.23,Delayed
SH000372,W02,ST02,CR02,"July 27, 2024","July 28, 2024","July 28, 2024",10.2,847.25,On-time
SH000373,W02,ST02,CR02,2024-07-29,2024-07-30,2024-07-30,31.1,2222.0,On-time
SH000374,W02,ST02,CR02,30/07/2024,"July 31, 2024",2024-07-31,12.3,913.93,On-time
SH000375,W02,ST02,CR02,01/08/2024,"August 2, 2024",02/08/2024,30.0,1492.97,On-time
SH000376,W02,ST02,CR04,02/08/2024,03/08/2024,07/08/2024,8.9,963.86,Delayed
SH000377,W03,ST02,CR03,"August 3, 2024","August 6, 2024","August 6, 2024",417.6,17321.71,On-time
SH000378,W02,ST02,CR01,"August 4, 2024",05/08/2024,05/08/2024,10.7,1103.2,On-time
SH000379,W02,ST02,CR02,2024-08-06,2024-08-07,09/08/2024,11.7,881.41,Delayed
SH000380,W02,ST02,CR02,"August 8, 2024",09/08/2024,2024-08-09,33.2,1799.49,On-time
SH000381,W02,ST02,CR02,"August 10, 2024","August 11, 2024",11/08/2024,17.4,1150.3,On-time
SH000382,W02,ST02,CR03,"August 11, 2024",12/08/2024,2024-08-12,30.3,2145.81,On-time
SH000383,W02,ST02,CR02,12/08/2024,"August 13, 2024","August 16, 2024",14.8,890.57,Delayed
SH000384,W02,ST02,CR01,2024-08-13,2024-08-14,14/08/2024,11.9,1017.33,On-time
SH000385,W02,ST02,CR02,14/08/2024,15/08/2024,"August 15, 2024",11.5,1120.93,On-time
SH000386,W02,ST02,CR05,16/08/2024,2024-08-17,"August 17, 2024",23.3,,On-time
SH000387,W02,ST02,CR04,18/08/2024,2024-08-19,"August 19, 2024",8.2,689.2,On-time
SH000388,W02,ST02,CR04,2024-08-20,2024-08-21,2024-08-22,22.3,1356.98,Delayed
SH000389,W02,ST02,CR05,21/08/2024,"August 22, 2024","August 22, 2024",29.6,1568.77,On-time
SH000390,W02,ST02,CR03,2024-08-22,2024-08-23,2024-08-23,8.0,1043.43,On-time
SH000391,W02,ST02,CR02,23/08/2024,24/08/2024,24/08/2024,23.2,1231.93,On-time
SH000392,W01,ST02,CR02,2024-08-25,2024-08-27,27/08/2024,221.4,10587.45,On-time
SH000393,W02,ST02,CR05,26/08/2024,27/08/2024,2024-08-27,32.7,1741.78,On-time
SH000394,W01,ST02,CR02,"August 28, 2024",30/08/2024,"September 3, 2024",221.4,11159.71,Delayed
SH000395,W02,ST02,CR02,"August 29, 2024",30/08/2024,"August 30, 2024",31.6,1364.1,On-time
SH000396,W02,ST02,CR05,"August 30, 2024",2024-08-31,31/08/2024,13.2,1003.12,On-time
SH000397,W02,ST02,CR03,01/09/2024,2024-09-02,"September 4, 2024",15.4,1157.94,Delayed
SH000398,W02,ST02,CR01,"September 2, 2024","September 3, 2024","September 5, 2024",23.1,1645.55,Delayed
SH000399,W02,ST02,CR03,03/09/2024,2024-09-04,04/09/2024,24.8,1793.63,On-time
SH000400,W02,ST02,CR03,"September 4, 2024",2024-09-05,2024-09-05,16.3,1769.17,On-time
SH000401,W02,ST02,CR04,06/09/2024,07/09/2024,2024-09-07,33.0,2490.84,On-time
SH000402,W02,ST02,CR02,08/09/2024,"September 9, 2024","September 13, 2024",33.7,1878.61,Delayed
SH000403,W01,ST02,CR03,"September 9, 2024",2024-09-11,2024-09-12,221.4,13365.76,Delayed
SH000404,W02,ST02,CR02,2024-09-10,11/09/2024,2024-09-11,15.9,1251.73,On-time
SH000405,W02,ST02,CR02,12/09/2024,"September 13, 2024",2024-09-13,25.3,1378.48,On-time
SH000406,W02,ST02,CR04,13/09/2024,14/09/2024,14/09/2024,15.5,1204.85,On-time
SH000407,W03,ST02,CR04,"September 15, 2024","September 18, 2024",18/09/2024,417.6,19813.28,On-time
SH000408,W02,ST02,CR04,2024-09-16,"September 17, 2024","September 17, 2024",13.4,1003.0,On-time
SH000409,W01,ST02,CR02,18/09/2024,2024-09-20,2024-09-20,221.4,13164.52,On-time
SH000410,W02,ST02,CR02,"September 20, 2024",21/09/2024,21/09/2024,10.4,923.51,On-time
SH000411,W02,ST02,CR05,22/09/2024,"September 23, 2024","September 23, 2024",26.7,1143.98,On-time
SH000412,W02,ST02,CR02,"September 23, 2024",24/09/2024,26/09/2024,22.5,1394.3,Delayed
SH000413,W02,ST02,CR02,"September 24, 2024",2024-09-25,2024-09-27,8.7,939.17,Delayed
SH000414,W02,ST02,CR03,26/09/2024,27/09/2024,27/09/2024,33.5,2111.01,On-time
SH000415,W02,ST02,CR04,2024-09-28,29/09/2024,02/10/2024,28.4,1497.47,Delayed
SH000416,W02,ST02,CR05,"September 29, 2024","September 30, 2024",30/09/2024,33.7,1827.21,On-time
SH000417,W02,ST02,CR05,"September 30, 2024",2024-10-01,04/10/2024,25.0,1674.39,Delayed
SH000418,W02,ST02,CR05,02/10/2024,2024-10-03,03/10/2024,26.0,1621.97,On-time
SH000419,W02,ST02,CR03,"October 3, 2024",04/10/2024,04/10/2024,28.7,2096.53,On-time
SH000420,W02,ST02,CR05,05/10/2024,"October 6, 2024",2024-10-06,26.2,1734.06,On-time
SH000421,W02,ST02,CR03,2024-10-06,"October 7, 2024",2024-10-07,15.7,881.88,On-time
SH000422,W02,ST02,CR03,2024-10-07,08/10/2024,2024-10-11,29.6,1406.14,Delayed
SH000423,W02,ST02,CR01,08/10/2024,"October 9, 2024","October 9, 2024",20.7,1363.72,On-time
SH000424,W02,ST02,CR02,09/10/2024,10/10/2024,2024-10-10,19.4,1819.71,On-time
SH000425,W02,ST02,CR02,"October 10, 2024",11/10/2024,"October 11, 2024",14.8,770.12,Lost
SH000426,W02,ST02,CR03,11/10/2024,"October 12, 2024",2024-10-14,7.8,743.75,Delayed
SH000427,W02,ST02,CR03,12/10/2024,13/10/2024,2024-10-13,32.2,1384.43,On-time
SH000428,W01,ST02,CR03,"October 13, 2024",15/10/2024,"October 15, 2024",221.4,8666.36,On-time
SH000429,W02,ST02,CR05,"October 14, 2024",2024-10-15,15/10/2024,22.3,1490.94,On-time
SH000430,W02,ST02,CR03,"October 16, 2024",17/10/2024,"October 17, 2024",30.6,1643.3,On-time
SH000431,W02,ST02,CR03,2024-10-17,18/10/2024,"October 18, 2024",24.1,1901.96,On-time
SH000432,W02,ST02,CR01,19/10/2024,"October 20, 2024","October 20, 2024",31.9,1803.92,On-time
SH000433,W02,ST02,CR01,"October 20, 2024","October 21, 2024",21/10/2024,24.1,1385.26,On-time
SH000434,W02,ST02,CR01,"October 22, 2024",2024-10-23,23/10/2024,25.5,1180.52,On-time
SH000435,W02,ST02,CR01,23/10/2024,2024-10-24,24/10/2024,15.3,1745.79,On-time
SH000436,W02,ST02,CR03,2024-10-24,"October 25, 2024",2024-10-25,30.0,,On-time
SH000437,W02,ST02,CR02,"October 25, 2024",26/10/2024,30/10/2024,34.8,2006.47,Delayed
SH000438,W02,ST02,CR01,2024-10-27,28/10/2024,"October 28, 2024",13.9,1066.61,On-time
SH000439,W02,ST02,CR04,2024-10-28,29/10/2024,01/11/2024,9.9,1011.89,Delayed
SH000440,W02,ST02,CR02,29/10/2024,"October 30, 2024",2024-10-30,24.7,1866.93,On-time
SH000441,W02,ST02,CR01,30/10/2024,31/10/2024,"October 31, 2024",14.3,914.82,On-time
SH000442,W02,ST02,CR05,31/10/2024,"November 1, 2024","November 1, 2024",13.1,909.36,On-time
SH000443,W02,ST02,CR02,"November 1, 2024",2024-11-02,02/11/2024,31.4,1744.52,On-time
SH000444,W02,ST02,CR02,2024-11-03,04/11/2024,04/11/2024,33.5,2341.29,On-time
SH000445,W02,ST02,CR01,05/11/2024,"November 6, 2024","November 6, 2024",11.0,985.35,On-time
SH000446,W02,ST02,CR05,"November 7, 2024",2024-11-08,2024-11-12,25.3,1537.02,Delayed
SH000447,W02,ST02,CR02,2024-11-08,"November 9, 2024",09/11/2024,12.6,1351.37,On-time
SH000448,W02,ST02,CR03,09/11/2024,2024-11-10,10/11/2024,6.5,1081.71,On-time
SH000449,W02,ST02,CR01,10/11/2024,"November 11, 2024","November 11, 2024",30.4,1649.89,On-time
SH000450,W02,ST02,CR01,2024-11-11,"November 12, 2024",2024-11-15,6.7,667.5,Lost
SH000451,W02,ST02,CR03,"November 13, 2024",2024-11-14,2024-11-14,21.1,1552.27,On-time
SH000452,W02,ST02,CR01,15/11/2024,2024-11-16,"November 16, 2024",28.4,1851.94,On-time
SH000453,W02,ST02,CR05,2024-11-16,2024-11-17,2024-11-17,23.0,1311.24,On-time
SH000454,W01,ST02,CR01,"November 17, 2024","November 19, 2024",23/11/2024,221.4,,Delayed
SH000455,W02,ST02,CR04,"November 19, 2024","November 20, 2024",2024-11-20,20.4,1825.74,On-time
SH000456,W02,ST02,CR01,2024-11-21,2024-11-22,2024-11-22,27.0,1517.14,On-time
SH000457,W01,ST02,CR04,22/11/2024,"November 24, 2024",2024-11-24,221.4,11396.4,On-time
SH000458,W02,ST02,CR01,24/11/2024,25/11/2024,"November 25, 2024",19.3,1209.53,On-time
SH000459,W02,ST02,CR01,2024-11-25,"November 26, 2024","November 26, 2024",9.2,802.65,On-time
SH000460,W02,ST02,CR03,26/11/2024,2024-11-27,2024-11-27,16.8,1295.34,On-time
SH000461,W02,ST02,CR01,27/11/2024,28/11/2024,2024-11-28,21.5,1276.07,On-time
SH000462,W02,ST02,CR04,29/11/2024,30/11/2024,"November 30, 2024",17.1,1196.46,On-time
SH000463,W02,ST02,CR05,"November 30, 2024","December 1, 2024","December 1, 2024",26.2,1425.02,On-time
SH000464,W02,ST02,CR03,2024-12-01,2024-12-02,2024-12-02,20.2,1301.47,On-time
SH000465,W02,ST02,CR03,02/12/2024,"December 3, 2024",03/12/2024,22.3,1773.54,On-time
SH000466,W02,ST02,CR05,2024-12-04,"December 5, 2024",2024-12-05,30.0,1971.5,On-time
SH000467,W02,ST02,CR01,06/12/2024,"December 7, 2024",2024-12-11,31.1,1957.81,Delayed
SH000468,W02,ST02,CR01,"December 8, 2024",09/12/2024,"December 9, 2024",10.1,696.16,On-time
SH000469,W02,ST02,CR03,"December 10, 2024","December 11, 2024",2024-12-11,22.8,1521.03,On-time
SH000470,W02,ST02,CR02,"December 11, 2024",12/12/2024,2024-12-12,26.3,1636.09,On-time
SH000471,W02,ST02,CR03,13/12/2024,"December 14, 2024",17/12/2024,11.8,941.92,Delayed
SH000472,W02,ST02,CR01,"December 15, 2024","December 16, 2024","December 16, 2024",14.5,1722.37,On-time
SH000473,W02,ST02,CR04,"December 16, 2024","December 17, 2024",17/12/2024,16.9,1475.52,On-time
SH000474,W03,ST02,CR02,2024-12-17,"December 20, 2024","December 24, 2024",417.6,17019.89,Delayed
SH000475,W02,ST02,CR01,"December 19, 2024","December 20, 2024",20/12/2024,34.9,2048.75,On-time
SH000476,W02,ST02,CR04,"December 21, 2024",22/12/2024,2024-12-24,19.6,1560.02,Delayed
SH000477,W02,ST02,CR04,2024-12-23,"December 24, 2024","December 28, 2024",8.5,1009.49,Delayed
SH000478,W02,ST02,CR05,"December 24, 2024",2024-12-25,2024-12-25,26.2,1300.93,On-time
SH000479,W01,ST02,CR03,25/12/2024,"December 27, 2024","December 27, 2024",221.4,,On-time
SH000480,W02,ST02,CR05,2024-12-26,27/12/2024,2024-12-27,26.9,1995.87,On-time
SH000481,W02,ST02,CR01,27/12/2024,"December 28, 2024","December 28, 2024",12.9,873.15,On-time
SH000482,W02,ST02,CR01,28/12/2024,29/12/2024,2024-12-29,17.9,1242.86,On-time
SH000483,W02,ST02,CR02,29/12/2024,"December 30, 2024",2024-12-30,10.1,1007.99,On-time
SH000484,W02,ST02,CR05,30/12/2024,"December 31, 2024","December 31, 2024",14.4,1373.51,On-time
SH000485,W02,ST02,CR03,31/12/2024,2025-01-01,01/01/2025,8.9,905.71,On-time
SH000486,W01,ST02,CR03,"January 1, 2025","January 3, 2025","January 7, 2025",221.4,9596.42,Delayed
SH000487,W02,ST02,CR04,03/01/2025,2025-01-04,"January 4, 2025",9.4,939.82,On-time
SH000488,W02,ST02,CR01,04/01/2025,05/01/2025,"January 5, 2025",24.0,1245.87,On-time
SH000489,W02,ST02,CR03,05/01/2025,2025-01-06,2025-01-06,12.6,1066.42,On-time
SH000490,W02,ST02,CR01,"January 7, 2025","January 8, 2025","January 8, 2025",24.8,1454.89,On-time
SH000491,W02,ST02,CR05,"January 8, 2025","January 9, 2025",09/01/2025,13.0,1205.37,On-time
SH000492,W02,ST02,CR01,2025-01-09,2025-01-10,10/01/2025,12.1,1080.37,On-time
SH000493,W01,ST02,CR05,2025-01-11,2025-01-13,"January 16, 2025",221.4,10350.99,Delayed
SH000494,W02,ST02,CR02,2025-01-12,"January 13, 2025",2025-01-13,8.6,794.05,On-time
SH000495,W02,ST02,CR01,2025-01-14,2025-01-15,15/01/2025,6.3,,On-time
SH000496,W02,ST02,CR03,"January 15, 2025",2025-01-16,16/01/2025,33.0,,On-time
SH000497,W02,ST02,CR02,16/01/2025,"January 17, 2025","January 17, 2025",13.9,1166.26,On-time
SH000498,W02,ST02,CR05,17/01/2025,2025-01-18,2025-01-18,31.7,,Damaged
SH000499,W03,ST02,CR02,"January 19, 2025","January 22, 2025",22/01/2025,417.6,21157.95,On-time
SH000500,W02,ST02,CR05,21/01/2025,2025-01-22,2025-01-22,12.0,938.82,On-time
SH000501,W02,ST02,CR02,"January 23, 2025","January 24, 2025","January 24, 2025",19.4,1556.62,On-time
SH000502,W02,ST02,CR03,24/01/2025,2025-01-25,2025-01-28,23.6,1832.82,Delayed
SH000503,W02,ST02,CR01,25/01/2025,26/01/2025,2025-01-26,17.2,1195.25,On-time
SH000504,W02,ST02,CR04,"January 26, 2025","January 27, 2025",27/01/2025,9.5,953.77,On-time
SH000505,W02,ST02,CR02,28/01/2025,29/01/2025,"February 2, 2025",25.0,1622.04,Delayed
SH000506,W02,ST02,CR02,2025-01-29,30/01/2025,2025-01-30,6.3,855.65,On-time
SH000507,W02,ST02,CR02,31/01/2025,01/02/2025,01/02/2025,11.1,1193.6,On-time
SH000508,W02,ST02,CR01,"February 1, 2025",2025-02-02,2025-02-02,9.1,960.95,On-time
SH000509,W02,ST02,CR04,02/02/2025,03/02/2025,2025-02-07,23.2,1762.2,Damaged
SH000510,W02,ST02,CR05,"February 3, 2025",2025-02-04,2025-02-04,24.7,,On-time
SH000511,W02,ST02,CR02,2025-02-05,2025-02-06,"February 6, 2025",12.8,1083.19,On-time
SH000512,W02,ST02,CR02,2025-02-06,"February 7, 2025",07/02/2025,21.5,1277.5,On-time
SH000513,W02,ST02,CR05,07/02/2025,"February 8, 2025","February 8, 2025",30.4,1753.34,On-time
SH000514,W02,ST02,CR05,"February 8, 2025","February 9, 2025",09/02/2025,26.4,1827.91,On-time
SH000515,W02,ST02,CR05,2025-02-10,2025-02-11,11/02/2025,34.9,2110.75,On-time
SH000516,W02,ST02,CR01,"February 12, 2025",13/02/2025,13/02/2025,29.1,1807.66,On-time
SH000517,W02,ST02,CR04,14/02/2025,"February 15, 2025",2025-02-15,19.3,1868.23,On-time
SH000518,W02,ST02,CR05,15/02/2025,16/02/2025,"February 16, 2025",25.7,1918.25,On-time
SH000519,W02,ST02,CR05,2025-02-17,"February 18, 2025",18/02/2025,20.1,1475.56,On-time
SH000520,W02,ST02,CR02,19/02/2025,2025-02-20,2025-02-20,21.2,1295.38,On-time
SH000521,W02,ST02,CR01,20/02/2025,21/02/2025,"February 21, 2025",27.6,1716.93,On-time
SH000522,W03,ST02,CR04,"February 21, 2025",2025-02-24,2025-02-26,417.6,16272.12,Delayed
SH000523,W02,ST02,CR03,"February 22, 2025","February 23, 2025","February 23, 2025",7.2,909.07,On-time
SH000524,W02,ST02,CR02,2025-02-24,25/02/2025,25/02/2025,15.3,1229.35,On-time
SH000525,W02,ST99,CR01,"February 25, 2025",2025-02-26,2025-02-26,34.8,1952.97,On-time
SH000526,W02,ST02,CR01,26/02/2025,2025-02-27,27/02/2025,21.0,1477.8,On-time
SH000527,W02,ST02,CR02,2025-02-27,28/02/2025,"March 4, 2025",25.5,1372.77,Delayed
SH000528,W01,ST02,CR03,28/02/2025,"March 2, 2025","March 2, 2025",221.4,9269.52,On-time
SH000529,W02,ST02,CR04,02/03/2025,2025-03-03,2025-03-03,26.1,1374.98,On-time
SH000530,W02,ST99,CR01,04/03/2025,"March 5, 2025",2025-03-07,8.3,957.61,Delayed
SH000531,W01,ST02,CR04,"March 5, 2025","March 7, 2025",09/03/2025,221.4,9428.56,Delayed
SH000532,W02,ST02,CR05,2025-03-06,"March 7, 2025",2025-03-07,14.7,1005.73,On-time
SH000533,W02,ST02,CR03,"March 8, 2025","March 9, 2025",09/03/2025,14.6,1076.76,On-time
SH000534,W02,ST02,CR01,2025-03-10,2025-03-11,"March 14, 2025",14.2,1109.4,Delayed
SH000535,W02,ST02,CR03,"March 12, 2025",2025-03-13,2025-03-13,26.8,1500.37,On-time
SH000536,W02,ST02,CR01,2025-03-13,14/03/2025,2025-03-18,15.6,887.88,Delayed
SH000537,W02,ST02,CR04,2025-03-14,2025-03-15,"March 16, 2025",27.1,1606.69,Delayed
SH000538,W02,ST02,CR01,2025-03-16,2025-03-17,"March 17, 2025",10.8,909.04,On-time
SH000539,W02,ST02,CR02,"March 18, 2025",19/03/2025,"March 19, 2025",29.3,2088.57,Lost
SH000540,W02,ST02,CR05,19/03/2025,20/03/2025,20/03/2025,31.7,1592.31,On-time
SH000541,W03,ST02,CR02,"March 20, 2025",23/03/2025,2025-03-23,417.6,24055.19,On-time
SH000542,W02,ST02,CR05,2025-03-21,"March 22, 2025",22/03/2025,21.1,1378.84,On-time
SH000543,W02,ST02,CR02,2025-03-23,24/03/2025,2025-03-24,17.8,1167.34,Lost
SH000544,W02,ST02,CR03,"March 25, 2025",2025-03-26,"March 26, 2025",21.4,1436.21,On-time
SH000545,W02,ST02,CR01,"March 27, 2025",2025-03-28,31/03/2025,10.0,1073.12,Delayed
SH000546,W02,ST02,CR02,"March 28, 2025",2025-03-29,"March 29, 2025",20.6,1939.5,On-time
SH000547,W02,ST02,CR03,30/03/2025,"March 31, 2025",31/03/2025,20.9,1376.21,On-time
SH000548,W02,ST02,CR05,"March 31, 2025",2025-04-01,"April 1, 2025",33.3,1771.65,On-time
SH000549,W01,ST02,CR02,2025-04-02,2025-04-04,"April 4, 2025",221.4,9206.94,On-time
SH000550,W03,ST02,CR04,03/04/2025,"April 6, 2025","April 9, 2025",417.6,17318.38,Delayed
SH000551,W02,ST02,CR05,05/04/2025,06/04/2025,"April 6, 2025",26.5,,On-time
SH000552,W02,ST02,CR05,07/04/2025,2025-04-08,2025-04-08,17.9,1547.82,Damaged
SH000553,W02,ST02,CR01,2025-04-08,"April 9, 2025","April 9, 2025",10.9,908.23,On-time
SH000554,W02,ST02,CR04,2025-04-09,2025-04-10,2025-04-10,21.3,1357.97,On-time
SH000555,W02,ST02,CR04,2025-04-10,11/04/2025,13/04/2025,10.8,911.24,Delayed
SH000556,W02,ST02,CR01,"April 12, 2025",13/04/2025,"April 13, 2025",24.4,1097.44,On-time
SH000557,W02,ST02,CR01,2025-04-14,2025-04-15,2025-04-15,8.7,910.49,On-time
SH000558,W02,ST02,CR01,16/04/2025,17/04/2025,2025-04-17,20.4,1461.44,On-time
SH000559,W02,ST02,CR05,2025-04-18,"April 19, 2025",19/04/2025,19.9,1304.65,On-time
SH000560,W02,ST02,CR05,19/04/2025,2025-04-20,2025-04-20,20.1,1047.11,On-time
SH000561,W03,ST02,CR03,"April 20, 2025",2025-04-23,23/04/2025,259.5,21278.25,On-time
SH000562,W02,ST02,CR04,22/04/2025,"April 23, 2025","April 23, 2025",20.1,,On-time
SH000563,W02,ST02,CR05,2025-04-24,25/04/2025,25/04/2025,32.8,2393.45,Damaged
SH000564,W02,ST02,CR02,25/04/2025,26/04/2025,"April 26, 2025",21.5,1207.5,On-time
SH000565,W02,ST02,CR02,2025-04-26,"April 27, 2025","April 27, 2025",19.5,2175.82,On-time
SH000566,W02,ST02,CR01,"April 28, 2025","April 29, 2025",2025-05-01,25.0,1806.81,Delayed
SH000567,W02,ST02,CR03,2025-04-30,01/05/2025,"May 4, 2025",18.4,1574.21,Delayed
SH000568,W02,ST02,CR02,2025-05-01,"May 2, 2025",2025-05-02,21.4,1643.1,On-time
SH000569,W02,ST02,CR05,2025-05-02,2025-05-03,"May 5, 2025",10.1,772.8,Delayed
SH000570,W02,ST02,CR04,03/05/2025,"May 4, 2025",2025-05-07,17.2,1130.85,Delayed
SH000571,W01,ST02,CR03,04/05/2025,06/05/2025,2025-05-06,221.4,10188.64,On-time
SH000572,W01,ST02,CR04,"May 5, 2025",07/05/2025,"May 7, 2025",221.4,9935.95,On-time
SH000573,W02,ST02,CR04,06/05/2025,07/05/2025,2025-05-09,10.3,867.95,Delayed
SH000574,W02,ST02,CR05,08/05/2025,"May 9, 2025",2025-05-09,26.8,1224.57,On-time
SH000575,W02,ST02,CR01,"May 9, 2025","May 10, 2025","May 14, 2025",17.2,1127.14,Delayed
SH000576,W02,ST02,CR03,2025-05-10,"May 11, 2025","May 11, 2025",20.0,1338.25,On-time
SH000577,W02,ST02,CR01,11/05/2025,2025-05-12,"May 12, 2025",13.5,1507.03,Damaged
SH000578,W02,ST02,CR03,13/05/2025,14/05/2025,"May 14, 2025",29.9,1654.17,On-time
SH000579,W02,ST02,CR01,"May 14, 2025",15/05/2025,15/05/2025,14.4,,On-time
SH000580,W02,ST02,CR02,"May 16, 2025",17/05/2025,"May 17, 2025",6.5,954.5,On-time
SH000581,W01,ST02,CR01,"May 17, 2025","May 19, 2025","May 19, 2025",221.4,9949.58,On-time
SH000582,W02,ST02,CR02,19/05/2025,2025-05-20,2025-05-20,33.8,2276.17,On-time
SH000583,W02,ST02,CR01,20/05/2025,"May 21, 2025",2025-05-21,26.0,1055.79,On-time
SH000584,W02,ST02,CR02,"May 21, 2025",22/05/2025,2025-05-22,16.2,1270.92,On-time
SH000585,W02,ST02,CR03,2025-05-22,23/05/2025,"May 23, 2025",16.8,1144.63,On-time
SH000586,W02,ST02,CR03,2025-05-24,25/05/2025,25/05/2025,20.3,1775.91,On-time
SH000587,W02,ST02,CR05,2025-05-25,"May 26, 2025",26/05/2025,20.6,1594.54,On-time
SH000588,W02,ST02,CR01,2025-05-26,27/05/2025,2025-05-27,31.9,2053.79,On-time
SH000589,W02,ST02,CR02,"May 28, 2025","May 29, 2025","May 29, 2025",30.5,1444.38,On-time
SH000590,W02,ST02,CR04,2025-05-29,2025-05-30,30/05/2025,30.8,2004.17,On-time
SH000591,W02,ST02,CR01,2025-05-30,"May 31, 2025",31/05/2025,13.6,983.64,On-time
SH000592,W02,ST02,CR02,2025-05-31,2025-06-01,01/06/2025,13.8,981.47,On-time
SH000593,W02,ST02,CR04,2025-06-01,"June 2, 2025",2025-06-02,11.8,953.53,On-time
SH000594,W02,ST02,CR01,"June 2, 2025",2025-06-03,03/06/2025,31.9,1965.49,On-time
SH000595,W02,ST02,CR02,2025-06-03,"June 4, 2025","June 4, 2025",34.4,2033.89,On-time
SH000596,W03,ST02,CR02,2025-06-05,2025-06-08,12/06/2025,417.6,21608.76,Delayed
SH000597,W02,ST02,CR01,07/06/2025,08/06/2025,"June 8, 2025",30.7,2081.01,On-time
SH000598,W02,ST02,CR05,"June 8, 2025",09/06/2025,09/06/2025,18.6,1390.61,On-time
SH000599,W02,ST02,CR01,10/06/2025,"June 11, 2025",15/06/2025,29.3,1625.29,Delayed
SH000600,W02,ST02,CR01,2025-06-12,"June 13, 2025",13/06/2025,18.5,1003.39,On-time
SH000601,W02,ST02,CR04,13/06/2025,"June 14, 2025",2025-06-14,15.0,1083.97,On-time
SH000602,W02,ST02,CR01,14/06/2025,2025-06-15,"June 15, 2025",19.0,1303.12,On-time
SH000603,W02,ST02,CR01,16/06/2025,2025-06-17,17/06/2025,25.6,1610.39,On-time
SH000604,W02,ST02,CR01,2025-06-17,18/06/2025,18/06/2025,34.0,2105.43,On-time
SH000605,W02,ST02,CR03,18/06/2025,19/06/2025,"June 19, 2025",11.6,897.04,On-time
SH000606,W02,ST02,CR01,2025-06-19,"June 20, 2025",2025-06-20,33.2,1723.94,On-time
SH000607,W02,ST02,CR05,20/06/2025,21/06/2025,"June 23, 2025",32.5,2119.97,Delayed
SH000608,W02,ST02,CR05,22/06/2025,"June 23, 2025","June 23, 2025",8.9,887.42,On-time
SH000609,W02,ST02,CR04,2025-06-24,"June 25, 2025",25/06/2025,16.4,988.93,On-time
SH000610,W02,ST02,CR04,2025-06-26,27/06/2025,"June 27, 2025",12.4,1160.73,On-time
SH000611,W02,ST02,CR03,27/06/2025,2025-06-28,"June 28, 2025",28.3,1807.84,On-time
SH000612,W02,ST02,CR05,2025-06-29,30/06/2025,30/06/2025,19.1,1238.06,On-time
SH000613,W02,ST02,CR01,"July 1, 2025","July 2, 2025",02/07/2025,11.6,1290.1,On-time
SH000614,W02,ST02,CR04,"July 2, 2025","July 3, 2025",2025-07-07,27.2,1594.85,Delayed
SH000615,W02,ST02,CR02,"July 3, 2025",2025-07-04,"July 4, 2025",34.9,1868.29,On-time
SH000616,W02,ST02,CR03,05/07/2025,"July 6, 2025","July 6, 2025",8.7,933.57,On-time
SH000617,W02,ST02,CR04,"July 6, 2025","July 7, 2025","July 8, 2025",12.3,752.8,Delayed
SH000618,W02,ST02,CR01,"July 7, 2025",08/07/2025,10/07/2025,18.0,1287.99,Delayed
SH000619,W02,ST02,CR02,"July 9, 2025",2025-07-10,"July 10, 2025",32.2,,On-time
SH000620,W01,ST02,CR05,10/07/2025,12/07/2025,2025-07-16,137.6,10493.7,Delayed
SH000621,W02,ST02,CR03,"July 12, 2025",13/07/2025,13/07/2025,15.3,1247.12,On-time
SH000622,W02,ST02,CR05,"July 14, 2025",2025-07-15,"July 15, 2025",21.3,1628.07,On-time
SH000623,W02,ST02,CR04,15/07/2025,"July 16, 2025",2025-07-20,9.8,1114.4,Delayed
SH000624,W02,ST02,CR01,17/07/2025,18/07/2025,"July 18, 2025",12.7,885.35,On-time
SH000625,W02,ST02,CR01,18/07/2025,19/07/2025,"July 19, 2025",32.1,1879.61,On-time
SH000626,W02,ST02,CR01,19/07/2025,20/07/2025,23/07/2025,18.2,1266.98,Delayed
SH000627,W02,ST02,CR03,20/07/2025,2025-07-21,2025-07-24,33.2,1633.99,Delayed
SH000628,W02,ST02,CR03,21/07/2025,22/07/2025,2025-07-24,26.7,1869.12,Damaged
SH000629,W02,ST02,CR03,"July 22, 2025",2025-07-23,23/07/2025,18.9,,On-time
SH000630,W02,ST02,CR02,"July 23, 2025",2025-07-24,"July 24, 2025",33.6,2316.31,On-time
SH000631,W02,ST02,CR04,25/07/2025,26/07/2025,28/07/2025,24.9,1573.26,Delayed
SH000632,W02,ST02,CR05,2025-07-26,"July 27, 2025","July 27, 2025",34.7,1366.06,On-time
SH000633,W02,ST02,CR01,2025-07-28,2025-07-29,"July 29, 2025",17.0,1030.95,On-time
SH000634,W02,ST02,CR04,"July 30, 2025",2025-07-31,"July 31, 2025",18.1,1653.17,On-time
SH000635,W02,ST02,CR02,"July 31, 2025","August 1, 2025","August 1, 2025",30.4,1756.36,On-time
SH000636,W02,ST02,CR05,2025-08-02,2025-08-03,03/08/2025,26.7,1377.6,On-time
SH000637,W02,ST02,CR01,2025-08-03,04/08/2025,2025-08-04,19.6,1371.5,On-time
SH000638,W02,ST02,CR01,04/08/2025,05/08/2025,05/08/2025,34.2,1850.54,On-time
SH000639,W02,ST02,CR04,05/08/2025,2025-08-06,"August 6, 2025",20.1,1367.09,On-time
SH000640,W02,ST02,CR02,"August 7, 2025","August 8, 2025",2025-08-08,9.9,1050.68,On-time
SH000641,W03,ST02,CR04,"August 9, 2025",2025-08-12,12/08/2025,417.6,17772.01,On-time
SH000642,W01,ST02,CR05,"August 11, 2025",2025-08-13,13/08/2025,221.4,10991.15,On-time
SH000643,W02,ST02,CR03,12/08/2025,"August 13, 2025","August 14, 2025",11.7,,Delayed
SH000644,W02,ST02,CR02,14/08/2025,2025-08-15,18/08/2025,29.6,1730.03,Delayed
SH000645,W02,ST02,CR02,2025-08-16,17/08/2025,"August 17, 2025",28.9,1872.83,On-time
SH000646,W02,ST02,CR05,"August 17, 2025",18/08/2025,2025-08-18,11.9,820.01,On-time
SH000647,W02,ST02,CR04,"August 19, 2025",20/08/2025,"August 20, 2025",14.6,1294.7,On-time
SH000648,W03,ST02,CR03,"August 21, 2025",2025-08-24,2025-08-24,417.6,25582.69,On-time
SH000649,W02,ST02,CR05,2025-08-23,24/08/2025,"August 24, 2025",22.7,1514.55,On-time
SH000650,W02,ST02,CR01,2025-08-24,2025-08-25,25/08/2025,31.8,,On-time
SH000651,W02,ST02,CR02,2025-08-26,2025-08-27,"August 27, 2025",12.2,936.95,On-time
SH000652,W02,ST02,CR05,2025-08-28,"August 29, 2025","August 29, 2025",17.7,1234.66,On-time
SH000653,W02,ST02,CR05,2025-08-29,"August 30, 2025",2025-08-31,18.4,1289.75,Delayed
SH000654,W01,ST02,CR02,30/08/2025,2025-09-01,02/09/2025,221.4,12959.11,Delayed
SH000655,W02,ST02,CR04,"September 1, 2025",2025-09-02,2025-09-02,28.0,1993.01,On-time
SH000656,W02,ST02,CR04,"September 2, 2025",03/09/2025,2025-09-03,20.7,1327.52,On-time
SH000657,W02,ST02,CR05,03/09/2025,04/09/2025,2025-09-04,17.3,1568.91,On-time
SH000658,W02,ST02,CR01,04/09/2025,2025-09-05,"September 5, 2025",23.7,1724.74,On-time
SH000659,W02,ST02,CR04,"September 5, 2025","September 6, 2025","September 8, 2025",18.0,1695.63,Delayed
SH000660,W02,ST02,CR05,2025-09-07,2025-09-08,"September 8, 2025",9.9,1042.68,On-time
SH000661,W02,ST02,CR05,09/09/2025,10/09/2025,10/09/2025,13.4,1158.7,Damaged
SH000662,W02,ST02,CR03,11/09/2025,2025-09-12,"September 12, 2025",13.4,983.3,On-time
SH000663,W02,ST02,CR01,2025-09-12,"September 13, 2025","September 15, 2025",15.6,1023.88,Delayed
SH000664,W02,ST02,CR04,2025-09-13,14/09/2025,2025-09-14,18.6,1340.96,On-time
SH000665,W02,ST02,CR01,2025-09-15,"September 16, 2025",16/09/2025,34.3,1911.58,On-time
SH000666,W02,ST02,CR05,2025-09-16,17/09/2025,2025-09-17,13.1,861.93,Damaged
SH000667,W02,ST02,CR04,2025-09-17,18/09/2025,2025-09-18,7.5,1163.97,On-time
SH000668,W01,ST02,CR01,2025-09-18,2025-09-20,20/09/2025,221.4,11984.66,On-time
SH000669,W02,ST02,CR03,"September 20, 2025","September 21, 2025","September 21, 2025",32.8,2020.68,On-time
SH000670,W02,ST02,CR01,21/09/2025,2025-09-22,"September 22, 2025",29.0,2207.99,On-time
SH000671,W02,ST02,CR03,"September 23, 2025",24/09/2025,"September 24, 2025",26.6,1909.23,On-time
SH000672,W02,ST02,CR01,"September 24, 2025",2025-09-25,25/09/2025,8.5,810.52,On-time
SH000673,W02,ST02,CR03,26/09/2025,27/09/2025,2025-09-27,12.2,1038.98,On-time
SH000674,W02,ST02,CR02,"September 27, 2025",28/09/2025,30/09/2025,23.5,1644.9,Delayed
SH000675,W03,ST02,CR01,28/09/2025,2025-10-01,2025-10-01,417.6,,On-time
SH000676,W02,ST02,CR01,2025-09-29,"September 30, 2025","September 30, 2025",19.6,1334.63,On-time
SH000677,W02,ST02,CR05,2025-09-30,01/10/2025,01/10/2025,17.0,999.76,On-time
SH000678,W02,ST02,CR05,"October 2, 2025","October 3, 2025",2025-10-03,16.1,1518.95,On-time
SH000679,W02,ST02,CR05,"October 3, 2025","October 4, 2025","October 4, 2025",16.6,1890.21,On-time
SH000680,W02,ST02,CR02,"October 4, 2025","October 5, 2025",2025-10-06,23.5,1412.57,Delayed
SH000681,W03,ST02,CR04,"October 5, 2025","October 8, 2025",2025-10-08,417.6,18002.35,On-time
SH000682,W02,ST02,CR05,"October 7, 2025",08/10/2025,"October 8, 2025",9.4,921.72,On-time
SH000683,W02,ST02,CR04,08/10/2025,09/10/2025,"October 9, 2025",23.7,1604.08,On-time
SH000684,W02,ST02,CR01,2025-10-09,10/10/2025,"October 10, 2025",8.3,804.9,On-time
SH000685,W02,ST02,CR01,2025-10-10,11/10/2025,11/10/2025,8.9,918.49,On-time
SH000686,W02,ST02,CR03,2025-10-12,"October 13, 2025",2025-10-13,34.7,1876.63,On-time
SH000687,W02,ST02,CR03,14/10/2025,15/10/2025,"October 15, 2025",34.8,2036.21,On-time
SH000688,W02,ST02,CR01,2025-10-15,"October 16, 2025",2025-10-16,29.8,2030.2,On-time
SH000689,W02,ST02,CR01,2025-10-17,18/10/2025,"October 18, 2025",15.1,1104.08,On-time
SH000690,W02,ST02,CR05,"October 18, 2025",2025-10-19,2025-10-19,10.8,805.9,On-time
SH000691,W02,ST02,CR02,20/10/2025,"October 21, 2025",21/10/2025,8.1,614.44,On-time
SH000692,W02,ST02,CR02,"October 21, 2025",22/10/2025,2025-10-22,26.6,1554.18,On-time
SH000693,W02,ST02,CR05,22/10/2025,23/10/2025,"October 23, 2025",23.5,1416.66,On-time
SH000694,W02,ST02,CR03,23/10/2025,24/10/2025,24/10/2025,22.5,1422.1,On-time
SH000695,W02,ST02,CR02,"October 25, 2025",26/10/2025,26/10/2025,24.7,1499.85,On-time
SH000696,W02,ST02,CR05,2025-10-26,27/10/2025,27/10/2025,16.0,987.6,On-time
SH000697,W02,ST02,CR05,"October 27, 2025",2025-10-28,2025-10-28,23.6,,On-time
SH000698,W03,ST02,CR05,2025-10-29,01/11/2025,"November 1, 2025",417.6,19851.02,On-time
SH000699,W02,ST02,CR03,2025-10-30,31/10/2025,"October 31, 2025",18.0,1165.35,On-time
SH000700,W02,ST02,CR03,31/10/2025,"November 1, 2025",01/11/2025,8.4,611.45,On-time
SH000701,W02,ST02,CR05,02/11/2025,"November 3, 2025",2025-11-03,25.9,1835.5,On-time
SH000702,W02,ST02,CR03,2025-11-03,2025-11-04,04/11/2025,17.8,1468.19,On-time
SH000703,W02,ST02,CR04,2025-11-05,"November 6, 2025",2025-11-06,17.8,1403.02,On-time
SH000704,W02,ST02,CR01,"November 6, 2025","November 7, 2025",07/11/2025,11.3,1025.05,On-time
SH000705,W02,ST02,CR01,"November 7, 2025",2025-11-08,"November 8, 2025",33.7,1916.47,On-time
SH000706,W02,ST02,CR03,2025-11-08,2025-11-09,2025-11-09,5.3,837.53,On-time
SH000707,W02,ST02,CR04,"November 9, 2025","November 10, 2025",2025-11-10,8.6,825.85,On-time
SH000708,W02,ST02,CR01,10/11/2025,"November 11, 2025",2025-11-11,25.3,1376.72,On-time
SH000709,W02,ST02,CR02,12/11/2025,"November 13, 2025","November 17, 2025",19.0,1276.93,Delayed
SH000710,W02,ST02,CR01,14/11/2025,15/11/2025,15/11/2025,21.6,1425.88,On-time
SH000711,W02,ST02,CR05,16/11/2025,17/11/2025,17/11/2025,33.3,1745.31,On-time
SH000712,W02,ST02,CR03,"November 17, 2025",18/11/2025,"November 18, 2025",17.3,,On-time
SH000713,W02,ST02,CR04,19/11/2025,2025-11-20,"November 22, 2025",12.8,924.65,Delayed
SH000714,W02,ST02,CR01,"November 21, 2025",2025-11-22,22/11/2025,11.9,873.41,On-time
SH000715,W02,ST02,CR03,2025-11-23,24/11/2025,24/11/2025,27.7,1716.25,On-time
SH000716,W02,ST02,CR05,"November 24, 2025",25/11/2025,25/11/2025,18.2,1072.94,On-time
SH000717,W02,ST02,CR04,26/11/2025,27/11/2025,27/11/2025,25.8,1961.89,On-time
SH000718,W02,ST02,CR04,2025-11-27,2025-11-28,"November 28, 2025",18.3,1096.72,On-time
SH000719,W02,ST02,CR01,29/11/2025,2025-11-30,"November 30, 2025",15.4,1204.0,On-time
SH000720,W01,ST02,CR03,"November 30, 2025","December 2, 2025","December 2, 2025",221.4,8674.38,On-time
SH000721,W03,ST02,CR01,2025-12-01,04/12/2025,04/12/2025,417.6,21454.77,On-time
SH000722,W02,ST02,CR02,2025-12-02,03/12/2025,03/12/2025,33.5,2032.97,On-time
SH000723,W02,ST02,CR03,03/12/2025,"December 4, 2025",04/12/2025,8.5,767.33,On-time
SH000724,W02,ST02,CR03,2025-12-05,"December 6, 2025",06/12/2025,10.3,606.53,On-time
SH000725,W02,ST02,CR02,2025-12-06,"December 7, 2025",07/12/2025,16.4,1155.78,On-time
SH000726,W02,ST02,CR05,"December 8, 2025",09/12/2025,"December 13, 2025",13.6,1111.22,Delayed
SH000727,W02,ST02,CR05,"December 9, 2025",2025-12-10,2025-12-12,20.8,1469.53,Delayed
SH000728,W02,ST02,CR03,"December 10, 2025",2025-12-11,11/12/2025,22.7,,On-time
SH000729,W02,ST02,CR01,"December 11, 2025","December 12, 2025",2025-12-13,25.1,1913.06,Delayed
SH000730,W02,ST02,CR01,13/12/2025,2025-12-14,14/12/2025,10.2,939.05,On-time
SH000731,W02,ST02,CR01,2025-12-14,15/12/2025,2025-12-15,29.5,2063.35,On-time
SH000732,W03,ST02,CR04,15/12/2025,"December 18, 2025","December 18, 2025",417.6,18521.69,On-time
SH000733,W02,ST02,CR01,2025-12-16,17/12/2025,2025-12-17,19.8,1502.87,On-time
SH000734,W02,ST02,CR03,"December 17, 2025",18/12/2025,"December 18, 2025",6.9,831.91,On-time
SH000735,W02,ST02,CR03,"December 18, 2025","December 19, 2025",2025-12-22,27.4,1575.0,Delayed
SH000736,W03,ST02,CR03,19/12/2025,"December 22, 2025","December 22, 2025",417.6,21478.79,Damaged
SH000737,W02,ST02,CR05,2025-12-21,2025-12-22,"December 22, 2025",10.5,995.39,On-time
SH000738,W02,ST02,CR05,2025-12-23,24/12/2025,2025-12-24,26.8,1420.78,On-time
SH000739,W02,ST02,CR02,24/12/2025,2025-12-25,25/12/2025,12.3,1031.73,On-time
SH000740,W02,ST02,CR02,26/12/2025,"December 27, 2025",27/12/2025,19.6,1376.43,On-time
SH000741,W02,ST02,CR03,27/12/2025,2025-12-28,2025-12-28,8.6,855.2,On-time
SH000742,W02,ST02,CR05,2025-12-29,2025-12-30,30/12/2025,22.8,1298.24,On-time
SH000743,W02,ST02,CR03,2025-12-31,2026-01-01,,5.7,544.78,In-Transit
SH000744,W03,ST03,CR02,2024-01-04,2024-01-06,"January 9, 2024",125.4,8430.88,Delayed
SH000745,W03,ST03,CR02,06/01/2024,2024-01-08,08/01/2024,201.8,8779.4,On-time
SH000746,W03,ST03,CR03,09/01/2024,2024-01-11,2024-01-11,201.8,9152.24,On-time
SH000747,W03,ST03,CR01,2024-01-11,"January 13, 2024",13/01/2024,201.8,8365.48,On-time
SH000748,W03,ST03,CR01,15/01/2024,2024-01-17,"January 17, 2024",201.8,7846.88,On-time
SH000749,W03,ST03,CR03,"January 17, 2024",2024-01-19,"January 19, 2024",201.8,8451.69,On-time
SH000750,W03,ST03,CR01,20/01/2024,"January 22, 2024","January 22, 2024",201.8,9144.01,On-time
SH000751,W03,ST03,CR01,2024-01-23,25/01/2024,27/01/2024,125.4,7353.96,Delayed
SH000752,W03,ST03,CR01,2024-01-27,2024-01-29,2024-01-29,201.8,11028.72,On-time
SH000753,W03,ST03,CR03,2024-01-30,"February 1, 2024",2024-02-01,201.8,8356.61,On-time
SH000754,W03,ST03,CR01,"February 2, 2024",04/02/2024,2024-02-04,201.8,10445.65,On-time
SH000755,W03,ST03,CR01,"February 5, 2024","February 7, 2024",2024-02-07,201.8,10242.52,On-time
SH000756,W03,ST03,CR04,"February 9, 2024","February 11, 2024","February 11, 2024",201.8,8687.77,On-time
SH000757,W03,ST03,CR02,11/02/2024,2024-02-13,14/02/2024,201.8,8052.09,Delayed
SH000758,W03,ST03,CR01,"February 13, 2024","February 15, 2024",15/02/2024,201.8,11223.71,On-time
SH000759,W03,ST03,CR02,2024-02-17,19/02/2024,2024-02-19,201.8,9559.21,Damaged
SH000760,W03,ST03,CR03,20/02/2024,"February 22, 2024",2024-02-22,125.4,10101.28,On-time
SH000761,W03,ST03,CR03,2024-02-23,2024-02-25,2024-02-25,201.8,7888.28,On-time
SH000762,W03,ST03,CR03,"February 26, 2024","February 28, 2024",2024-02-28,201.8,12070.88,On-time
SH000763,W03,ST03,CR03,"February 29, 2024",2024-03-02,02/03/2024,201.8,9227.4,On-time
SH000764,W03,ST03,CR04,2024-03-04,2024-03-06,06/03/2024,201.8,8502.76,On-time
SH000765,W03,ST03,CR02,"March 7, 2024","March 9, 2024",09/03/2024,125.4,11693.35,On-time
SH000766,W02,ST03,CR04,"March 11, 2024",2024-03-13,14/03/2024,252.7,10984.45,Delayed
SH000767,W03,ST03,CR01,16/03/2024,18/03/2024,2024-03-18,201.8,,On-time
SH000768,W02,ST03,CR05,"March 18, 2024",20/03/2024,20/03/2024,252.7,11344.31,On-time
SH000769,W03,ST03,CR02,20/03/2024,"March 22, 2024","March 22, 2024",201.8,9756.85,On-time
SH000770,W03,ST03,CR02,25/03/2024,2024-03-27,"March 29, 2024",201.8,8274.46,Delayed
SH000771,W03,ST03,CR03,29/03/2024,2024-03-31,01/04/2024,201.8,9165.33,Delayed
SH000772,W03,ST03,CR05,2024-04-01,03/04/2024,2024-04-03,201.8,8639.25,On-time
SH000773,W03,ST03,CR02,2024-04-06,2024-04-08,08/04/2024,201.8,10786.54,On-time
SH000774,W03,ST03,CR01,2024-04-08,2024-04-10,2024-04-11,201.8,9606.79,Delayed
SH000775,W01,ST03,CR04,12/04/2024,2024-04-14,"April 14, 2024",145.6,7662.58,On-time
SH000776,W03,ST03,CR02,2024-04-16,"April 18, 2024","April 18, 2024",201.8,10068.53,On-time
SH000777,W03,ST03,CR05,"April 20, 2024",22/04/2024,22/04/2024,201.8,8581.28,On-time
SH000778,W03,ST03,CR05,"April 25, 2024","April 27, 2024","April 27, 2024",201.8,10961.54,On-time
SH000779,W03,ST03,CR05,"April 27, 2024",29/04/2024,"May 3, 2024",201.8,8656.13,Delayed
SH000780,W03,ST03,CR04,30/04/2024,2024-05-02,"May 5, 2024",125.4,9829.54,Delayed
SH000781,W03,ST03,CR02,"May 4, 2024","May 6, 2024",2024-05-06,201.8,7905.22,On-time
SH000782,W02,ST03,CR02,"May 9, 2024",11/05/2024,"May 11, 2024",252.7,12471.4,On-time
SH000783,W03,ST03,CR04,12/05/2024,"May 14, 2024",14/05/2024,201.8,8294.21,On-time
SH000784,W03,ST03,CR05,2024-05-16,"May 18, 2024",18/05/2024,201.8,8949.35,Damaged
SH000785,W01,ST03,CR05,2024-05-20,2024-05-22,2024-05-22,145.6,8253.7,Damaged
SH000786,W03,ST03,CR01,24/05/2024,2024-05-26,27/05/2024,201.8,8472.08,Delayed
SH000787,W03,ST03,CR02,27/05/2024,29/05/2024,29/05/2024,201.8,10461.57,On-time
SH000788,W03,ST03,CR02,"June 1, 2024",2024-06-03,"June 3, 2024",201.8,10867.25,On-time
SH000789,W03,ST03,CR03,"June 5, 2024","June 7, 2024",10/06/2024,201.8,,Lost
SH000790,W03,ST03,CR01,10/06/2024,"June 12, 2024","June 13, 2024",201.8,9810.32,Delayed
SH000791,W03,ST03,CR02,"June 14, 2024","June 16, 2024","June 16, 2024",125.4,7557.93,On-time
SH000792,W03,ST03,CR03,"June 17, 2024","June 19, 2024",2024-06-19,201.8,10915.86,On-time
SH000793,W03,ST03,CR05,2024-06-22,2024-06-24,"June 24, 2024",125.4,8599.49,Damaged
SH000794,W03,ST03,CR05,2024-06-26,2024-06-28,2024-06-28,201.8,9252.84,On-time
SH000795,W03,ST03,CR01,"June 30, 2024",02/07/2024,2024-07-02,201.8,,On-time
SH000796,W03,ST03,CR04,05/07/2024,2024-07-07,"July 7, 2024",201.8,8812.79,On-time
SH000797,W03,ST03,CR02,09/07/2024,2024-07-11,"July 11, 2024",201.8,10297.61,On-time
SH000798,W03,ST03,CR04,"July 13, 2024",2024-07-15,"July 15, 2024",201.8,9375.09,On-time
SH000799,W03,ST03,CR04,2024-07-16,2024-07-18,2024-07-18,125.4,11244.4,On-time
SH000800,W03,ST03,CR02,18/07/2024,20/07/2024,20/07/2024,201.8,11113.03,On-time
SH000801,W03,ST03,CR02,2024-07-21,"July 23, 2024",23/07/2024,125.4,,On-time
SH000802,W03,ST03,CR05,23/07/2024,25/07/2024,2024-07-27,201.8,8269.96,Delayed
SH000803,W03,ST03,CR05,"July 28, 2024","July 30, 2024",2024-07-30,201.8,,On-time
SH000804,W03,ST03,CR03,2024-08-02,"August 4, 2024",2024-08-05,201.8,11753.82,Delayed
SH000805,W03,ST03,CR01,"August 6, 2024",08/08/2024,"August 8, 2024",201.8,12260.82,On-time
SH000806,W03,ST03,CR04,"August 9, 2024","August 11, 2024",11/08/2024,201.8,8985.51,Damaged
SH000807,W03,ST03,CR05,13/08/2024,2024-08-15,15/08/2024,201.8,10131.29,On-time
SH000808,W03,ST03,CR04,2024-08-16,18/08/2024,"August 18, 2024",201.8,7930.67,On-time
SH000809,W03,ST03,CR01,"August 21, 2024",23/08/2024,23/08/2024,201.8,10105.47,On-time
SH000810,W03,ST03,CR02,26/08/2024,2024-08-28,31/08/2024,125.4,8338.27,Delayed
SH000811,W03,ST03,CR02,29/08/2024,"August 31, 2024","September 3, 2024",201.8,10608.77,Delayed
SH000812,W03,ST03,CR02,02/09/2024,2024-09-04,"September 4, 2024",201.8,,On-time
SH000813,W03,ST03,CR02,04/09/2024,2024-09-06,06/09/2024,201.8,,On-time
SH000814,W03,ST03,CR02,2024-09-09,11/09/2024,2024-09-11,201.8,11099.09,On-time
SH000815,W03,ST03,CR05,"September 14, 2024",16/09/2024,2024-09-16,125.4,8557.96,On-time
SH000816,W03,ST03,CR05,"September 18, 2024",20/09/2024,20/09/2024,201.8,7934.17,On-time
SH000817,W03,ST03,CR01,"September 22, 2024",2024-09-24,2024-09-24,201.8,11000.94,On-time
SH000818,W03,ST03,CR01,"September 27, 2024","September 29, 2024","September 29, 2024",201.8,11576.85,On-time
SH000819,W03,ST03,CR02,30/09/2024,"October 2, 2024",02/10/2024,201.8,8748.28,On-time
SH000820,W03,ST03,CR04,"October 3, 2024",2024-10-05,06/10/2024,201.8,6933.87,Delayed
SH000821,W03,ST03,CR02,"October 7, 2024",2024-10-09,"October 13, 2024",201.8,10467.32,Delayed
SH000822,W03,ST03,CR01,"October 9, 2024","October 11, 2024",15/10/2024,201.8,9167.75,Delayed
SH000823,W03,ST03,CR03,12/10/2024,14/10/2024,15/10/2024,201.8,10509.15,Delayed
SH000824,W01,ST03,CR04,"October 15, 2024",2024-10-17,"October 17, 2024",90.5,6969.11,On-time
SH000825,W03,ST03,CR01,"October 18, 2024",20/10/2024,2024-10-20,201.8,11098.73,On-time
SH000826,W03,ST03,CR03,20/10/2024,"October 22, 2024","October 22, 2024",201.8,9207.72,On-time
SH000827,W03,ST03,CR01,2024-10-24,26/10/2024,"October 26, 2024",201.8,8076.34,On-time
SH000828,W01,ST03,CR03,2024-10-27,"October 29, 2024","October 29, 2024",145.6,6398.67,On-time
SH000829,W03,ST03,CR05,2024-10-31,02/11/2024,"November 2, 2024",201.8,9026.45,On-time
SH000830,W03,ST03,CR01,"November 3, 2024",05/11/2024,"November 6, 2024",201.8,9277.48,Delayed
SH000831,W01,ST03,CR02,"November 6, 2024",08/11/2024,10/11/2024,145.6,8431.1,Delayed
SH000832,W03,ST03,CR02,2024-11-10,"November 12, 2024",2024-11-12,201.8,9971.5,On-time
SH000833,W03,ST03,CR05,12/11/2024,"November 14, 2024","November 14, 2024",201.8,7844.06,On-time
SH000834,W03,ST03,CR02,15/11/2024,"November 17, 2024","November 17, 2024",125.4,8405.82,On-time
SH000835,W02,ST03,CR02,2024-11-20,22/11/2024,2024-11-25,252.7,9555.9,Delayed
SH000836,W03,ST03,CR02,2024-11-23,25/11/2024,25/11/2024,201.8,11174.35,On-time
SH000837,W03,ST03,CR02,"November 28, 2024",30/11/2024,2024-11-30,201.8,10829.67,On-time
SH000838,W03,ST03,CR01,2024-12-01,03/12/2024,03/12/2024,201.8,10991.24,On-time
SH000839,W03,ST03,CR04,"December 6, 2024","December 8, 2024",08/12/2024,201.8,7714.7,On-time
SH000840,W03,ST03,CR01,"December 10, 2024",12/12/2024,12/12/2024,201.8,11751.78,On-time
SH000841,W03,ST03,CR01,14/12/2024,"December 16, 2024","December 16, 2024",201.8,11216.75,On-time
SH000842,W02,ST03,CR05,"December 19, 2024","December 21, 2024","December 25, 2024",252.7,12083.81,Delayed
SH000843,W03,ST03,CR01,"December 22, 2024",24/12/2024,"December 24, 2024",201.8,9681.23,On-time
SH000844,W03,ST03,CR02,"December 27, 2024",29/12/2024,"January 1, 2025",201.8,10036.47,Delayed
SH000845,W03,ST03,CR03,"January 1, 2025",03/01/2025,03/01/2025,201.8,11072.09,Damaged
SH000846,W03,ST03,CR02,2025-01-05,2025-01-07,"January 7, 2025",201.8,10863.53,On-time
SH000847,W03,ST03,CR01,"January 8, 2025",2025-01-10,2025-01-10,201.8,9234.62,On-time
SH000848,W03,ST03,CR02,"January 11, 2025","January 13, 2025","January 13, 2025",125.4,10277.55,On-time
SH000849,W03,ST03,CR02,2025-01-15,17/01/2025,17/01/2025,201.8,,On-time
SH000850,W03,ST03,CR04,"January 19, 2025","January 21, 2025",25/01/2025,201.8,9201.65,Delayed
SH000851,W03,ST03,CR03,21/01/2025,"January 23, 2025",2025-01-23,201.8,11021.42,On-time
SH000852,W03,ST03,CR04,2025-01-24,"January 26, 2025",26/01/2025,201.8,8485.73,On-time
SH000853,W03,ST03,CR02,"January 26, 2025","January 28, 2025",28/01/2025,201.8,11293.95,On-time
SH000854,W03,ST03,CR05,29/01/2025,"January 31, 2025","January 31, 2025",125.4,9196.93,On-time
SH000855,W03,ST03,CR01,01/02/2025,2025-02-03,03/02/2025,201.8,8962.58,On-time
SH000856,W03,ST03,CR03,"February 6, 2025",2025-02-08,"February 8, 2025",125.4,7748.37,On-time
SH000857,W03,ST03,CR03,10/02/2025,"February 12, 2025","February 12, 2025",201.8,8891.01,On-time
SH000858,W03,ST03,CR02,14/02/2025,"February 16, 2025",16/02/2025,125.4,11614.32,On-time
SH000859,W01,ST03,CR03,"February 16, 2025",18/02/2025,"February 18, 2025",145.6,5559.63,On-time
SH000860,W03,ST03,CR02,2025-02-19,21/02/2025,2025-02-21,125.4,8866.83,On-time
SH000861,W03,ST03,CR01,"February 23, 2025",2025-02-25,"February 25, 2025",201.8,7208.42,On-time
SH000862,W03,ST03,CR01,"February 26, 2025",28/02/2025,28/02/2025,201.8,9335.0,On-time
SH000863,W03,ST03,CR03,"March 2, 2025",04/03/2025,04/03/2025,201.8,10295.21,On-time
SH000864,W02,ST03,CR01,06/03/2025,"March 8, 2025",08/03/2025,252.7,13936.2,On-time
SH000865,W03,ST03,CR02,"March 11, 2025",2025-03-13,13/03/2025,201.8,9948.05,On-time
SH000866,W03,ST03,CR05,14/03/2025,16/03/2025,2025-03-16,201.8,10689.49,On-time
SH000867,W03,ST03,CR03,2025-03-19,2025-03-21,2025-03-21,201.8,12235.14,On-time
SH000868,W01,ST03,CR04,23/03/2025,25/03/2025,2025-03-25,90.5,9010.3,On-time
SH000869,W03,ST03,CR03,27/03/2025,"March 29, 2025","March 29, 2025",201.8,10605.51,On-time
SH000870,W03,ST03,CR01,2025-03-31,02/04/2025,06/04/2025,125.4,8023.52,Delayed
SH000871,W03,ST03,CR01,2025-04-02,"April 4, 2025",04/04/2025,201.8,10231.26,On-time
SH000872,W03,ST03,CR05,06/04/2025,2025-04-08,"April 8, 2025",201.8,9273.23,On-time
SH000873,W03,ST03,CR01,2025-04-08,2025-04-10,10/04/2025,201.8,12308.57,On-time
SH000874,W03,ST03,CR02,"April 13, 2025",15/04/2025,18/04/2025,201.8,8760.15,Delayed
SH000875,W03,ST03,CR02,"April 16, 2025",2025-04-18,2025-04-18,201.8,9755.82,On-time
SH000876,W03,ST03,CR03,2025-04-19,2025-04-21,"April 22, 2025",201.8,9873.83,Damaged
SH000877,W02,ST03,CR04,2025-04-23,2025-04-25,"April 27, 2025",252.7,12329.18,Delayed
SH000878,W03,ST03,CR02,28/04/2025,"April 30, 2025","April 30, 2025",201.8,9147.62,On-time
SH000879,W03,ST03,CR05,"May 2, 2025","May 4, 2025",2025-05-04,201.8,10254.46,On-time
SH000880,W03,ST03,CR05,"May 6, 2025",08/05/2025,"May 8, 2025",201.8,10435.88,On-time
SH000881,W03,ST03,CR01,10/05/2025,"May 12, 2025","May 12, 2025",201.8,,On-time
SH000882,W03,ST03,CR02,2025-05-14,"May 16, 2025",2025-05-16,201.8,10148.69,On-time
SH000883,W03,ST03,CR01,"May 17, 2025","May 19, 2025",2025-05-21,201.8,8669.54,Delayed
SH000884,W03,ST03,CR04,20/05/2025,2025-05-22,2025-05-23,125.4,10704.25,Delayed
SH000885,W03,ST03,CR01,"May 25, 2025","May 27, 2025",27/05/2025,125.4,10752.68,On-time
SH000886,W02,ST03,CR01,"May 29, 2025",31/05/2025,"June 3, 2025",252.7,,Delayed
SH000887,W03,ST03,CR03,"May 31, 2025","June 2, 2025","June 2, 2025",201.8,11416.41,On-time
SH000888,W03,ST03,CR01,"June 5, 2025",07/06/2025,2025-06-07,201.8,,On-time
SH000889,W03,ST03,CR03,2025-06-10,12/06/2025,2025-06-12,125.4,10717.36,On-time
SH000890,W03,ST03,CR01,"June 14, 2025",16/06/2025,2025-06-16,201.8,10448.9,On-time
SH000891,W03,ST03,CR04,"June 19, 2025",2025-06-21,2025-06-21,125.4,6939.3,On-time
SH000892,W03,ST03,CR02,22/06/2025,"June 24, 2025",2025-06-24,201.8,10743.37,On-time
SH000893,W03,ST03,CR04,"June 26, 2025",28/06/2025,2025-06-30,201.8,8322.6,Delayed
SH000894,W03,ST03,CR01,"June 30, 2025",2025-07-02,"July 4, 2025",201.8,7122.68,Delayed
SH000895,W03,ST03,CR04,"July 3, 2025",2025-07-05,05/07/2025,201.8,10163.16,On-time
SH000896,W03,ST03,CR03,07/07/2025,2025-07-09,09/07/2025,201.8,8474.59,On-time
SH000897,W03,ST03,CR02,11/07/2025,2025-07-13,2025-07-13,201.8,9552.78,Damaged
SH000898,W03,ST03,CR05,2025-07-15,2025-07-17,2025-07-17,201.8,11063.59,On-time
SH000899,W03,ST03,CR03,20/07/2025,22/07/2025,2025-07-22,201.8,9923.5,On-time
SH000900,W03,ST03,CR02,24/07/2025,26/07/2025,26/07/2025,201.8,11253.43,On-time
SH000901,W03,ST03,CR02,"July 28, 2025",30/07/2025,"July 30, 2025",201.8,7740.03,On-time
SH000902,W03,ST03,CR05,31/07/2025,2025-08-02,2025-08-02,201.8,9086.79,On-time
SH000903,W03,ST03,CR01,02/08/2025,04/08/2025,04/08/2025,201.8,,On-time
SH000904,W03,ST03,CR01,2025-08-05,2025-08-07,07/08/2025,201.8,8590.37,On-time
SH000905,W03,ST03,CR04,10/08/2025,12/08/2025,2025-08-12,201.8,8280.32,On-time
SH000906,W01,ST03,CR03,"August 14, 2025",2025-08-16,"August 16, 2025",145.6,5379.65,Damaged
SH000907,W03,ST03,CR04,"August 18, 2025","August 20, 2025",2025-08-22,201.8,,Delayed
SH000908,W03,ST03,CR01,2025-08-22,24/08/2025,24/08/2025,201.8,12775.64,Lost
SH000909,W03,ST03,CR01,2025-08-25,2025-08-27,27/08/2025,201.8,9767.61,On-time
SH000910,W03,ST03,CR03,2025-08-28,2025-08-30,30/08/2025,201.8,7917.68,On-time
SH000911,W02,ST03,CR04,"September 1, 2025",03/09/2025,2025-09-03,252.7,11382.06,On-time
SH000912,W03,ST03,CR05,05/09/2025,"September 7, 2025","September 7, 2025",201.8,7727.62,On-time
SH000913,W03,ST03,CR01,"September 8, 2025",2025-09-10,2025-09-11,201.8,10837.1,Delayed
SH000914,W03,ST03,CR02,11/09/2025,2025-09-13,"September 17, 2025",125.4,10220.39,Delayed
SH000915,W03,ST03,CR03,2025-09-13,15/09/2025,"September 16, 2025",201.8,11996.11,Delayed
SH000916,W03,ST03,CR04,2025-09-18,"September 20, 2025","September 20, 2025",201.8,10354.09,On-time
SH000917,W01,ST03,CR01,2025-09-21,2025-09-23,"September 23, 2025",145.6,6886.91,On-time
SH000918,W03,ST03,CR05,"September 26, 2025",28/09/2025,2025-09-28,201.8,7084.42,On-time
SH000919,W03,ST03,CR03,30/09/2025,"October 2, 2025",02/10/2025,201.8,11713.63,On-time
SH000920,W03,ST03,CR02,"October 3, 2025",2025-10-05,2025-10-05,201.8,12222.14,Damaged
SH000921,W03,ST03,CR02,2025-10-08,2025-10-10,10/10/2025,201.8,7455.3,On-time
SH000922,W03,ST03,CR01,11/10/2025,2025-10-13,2025-10-13,201.8,,On-time
SH000923,W03,ST03,CR01,"October 14, 2025","October 16, 2025",16/10/2025,201.8,10536.52,On-time
SH000924,W03,ST03,CR05,2025-10-19,2025-10-21,21/10/2025,201.8,8792.44,On-time
SH000925,W03,ST03,CR03,"October 24, 2025","October 26, 2025",2025-10-26,201.8,11169.6,On-time
SH000926,W03,ST03,CR01,2025-10-27,2025-10-29,29/10/2025,125.4,8347.64,On-time
SH000927,W03,ST03,CR02,2025-10-31,02/11/2025,02/11/2025,201.8,9507.32,On-time
SH000928,W03,ST03,CR02,04/11/2025,06/11/2025,06/11/2025,201.8,9766.81,On-time
SH000929,W03,ST03,CR01,"November 9, 2025",2025-11-11,2025-11-11,201.8,7736.68,On-time
SH000930,W03,ST03,CR01,13/11/2025,"November 15, 2025",15/11/2025,201.8,9771.7,On-time
SH000931,W03,ST03,CR02,15/11/2025,17/11/2025,2025-11-21,201.8,8266.55,Delayed
SH000932,W03,ST03,CR03,19/11/2025,2025-11-21,"November 24, 2025",201.8,8119.15,Delayed
SH000933,W03,ST03,CR01,"November 22, 2025",24/11/2025,"November 24, 2025",201.8,11309.49,On-time
SH000934,W02,ST03,CR03,2025-11-25,27/11/2025,01/12/2025,252.7,13458.54,Delayed
SH000935,W03,ST03,CR03,"November 28, 2025",30/11/2025,"November 30, 2025",201.8,11266.24,On-time
SH000936,W03,ST03,CR01,"December 2, 2025","December 4, 2025","December 8, 2025",201.8,10799.13,Delayed
SH000937,W03,ST03,CR05,2025-12-05,07/12/2025,07/12/2025,125.4,10025.09,On-time
SH000938,W03,ST03,CR05,07/12/2025,2025-12-09,"December 9, 2025",125.4,10243.6,On-time
SH000939,W03,ST03,CR01,2025-12-10,12/12/2025,2025-12-12,201.8,9153.11,On-time
SH000940,W03,ST03,CR03,13/12/2025,2025-12-15,2025-12-15,201.8,8947.07,On-time
SH000941,W03,ST03,CR05,2025-12-18,20/12/2025,20/12/2025,201.8,10226.92,On-time
SH000942,W03,ST03,CR05,20/12/2025,22/12/2025,22/12/2025,201.8,11779.37,On-time
SH000943,W02,ST03,CR03,24/12/2025,"December 26, 2025",2025-12-26,252.7,13674.51,On-time
SH000944,W03,ST03,CR03,27/12/2025,"December 29, 2025","December 29, 2025",201.8,7152.88,On-time
SH000945,W03,ST04,CR03,2024-01-02,2024-01-03,"January 3, 2024",27.3,1819.51,On-time
SH000946,W03,ST04,CR02,2024-01-06,"January 7, 2024","January 7, 2024",34.5,2166.75,Damaged
SH000947,W03,ST04,CR03,2024-01-10,11/01/2024,"January 11, 2024",18.2,1014.77,On-time
SH000948,W03,ST04,CR05,13/01/2024,2024-01-14,2024-01-14,8.3,629.33,On-time
SH000949,W03,ST04,CR05,"January 17, 2024",2024-01-18,2024-01-18,17.5,,On-time
SH000950,W03,ST04,CR05,"January 20, 2024",21/01/2024,21/01/2024,8.8,993.39,On-time
SH000951,W03,ST04,CR01,2024-01-24,"January 25, 2024","January 25, 2024",30.6,1985.25,On-time
SH000952,W03,ST04,CR03,"January 27, 2024",28/01/2024,28/01/2024,26.5,1685.48,On-time
SH000953,W03,ST04,CR05,"January 30, 2024",2024-01-31,"January 31, 2024",18.8,992.05,On-time
SH000954,W03,ST04,CR01,03/02/2024,04/02/2024,"February 4, 2024",16.1,1040.33,Damaged
SH000955,W03,ST04,CR02,2024-02-07,"February 8, 2024","February 8, 2024",30.1,1789.8,On-time
SH000956,W03,ST04,CR02,09/02/2024,"February 10, 2024","February 13, 2024",9.7,1085.59,Delayed
SH000957,W03,ST04,CR01,"February 13, 2024",14/02/2024,2024-02-14,15.8,,On-time
SH000958,W03,ST04,CR05,"February 16, 2024",2024-02-17,"February 17, 2024",18.6,1603.49,On-time
SH000959,W03,ST04,CR04,2024-02-20,2024-02-21,21/02/2024,14.9,1557.45,On-time
SH000960,W03,ST04,CR01,2024-02-24,2024-02-25,2024-02-25,33.5,1716.29,On-time
SH000961,W03,ST04,CR05,2024-02-27,"February 28, 2024",02/03/2024,12.0,1018.98,Delayed
SH000962,W03,ST04,CR03,2024-03-02,2024-03-03,"March 3, 2024",15.1,825.1,On-time
SH000963,W01,ST04,CR05,05/03/2024,2024-03-07,09/03/2024,210.3,10036.87,Delayed
SH000964,W03,ST04,CR02,2024-03-09,2024-03-10,2024-03-10,18.1,1192.61,On-time
SH000965,W03,ST04,CR03,"March 13, 2024",14/03/2024,"March 14, 2024",9.4,1055.66,On-time
SH000966,W03,ST04,CR02,2024-03-17,"March 18, 2024",2024-03-18,32.6,1685.25,On-time
SH000967,W03,ST04,CR02,"March 21, 2024","March 22, 2024",25/03/2024,13.6,1010.65,Delayed
SH000968,W03,ST04,CR03,"March 24, 2024","March 25, 2024",2024-03-25,23.8,1339.41,On-time
SH000969,W03,ST04,CR02,"March 26, 2024","March 27, 2024",2024-03-27,28.4,1607.22,On-time
SH000970,W03,ST04,CR03,"March 29, 2024",2024-03-30,2024-03-30,24.1,1213.44,On-time
SH000971,W03,ST04,CR01,2024-03-31,2024-04-01,01/04/2024,9.2,867.93,On-time
SH000972,W01,ST04,CR01,"April 4, 2024",06/04/2024,"April 6, 2024",210.3,,On-time
SH000973,W03,ST04,CR05,"April 7, 2024",2024-04-08,2024-04-08,13.0,1119.55,On-time
SH000974,W03,ST04,CR01,11/04/2024,12/04/2024,"April 12, 2024",30.8,1507.36,On-time
SH000975,W03,ST04,CR05,14/04/2024,15/04/2024,15/04/2024,14.4,,On-time
SH000976,W03,ST04,CR01,2024-04-19,2024-04-20,20/04/2024,9.8,855.76,On-time
SH000977,W03,ST04,CR01,23/04/2024,"April 24, 2024",28/04/2024,28.9,1857.5,Delayed
SH000978,W03,ST04,CR01,2024-04-26,"April 27, 2024",2024-04-30,20.6,1169.35,Delayed
SH000979,W03,ST04,CR05,2024-04-29,"April 30, 2024","April 30, 2024",19.6,2152.15,On-time
SH000980,W03,ST04,CR01,"May 3, 2024","May 4, 2024",04/05/2024,14.6,1156.24,On-time
SH000981,W03,ST04,CR04,06/05/2024,07/05/2024,08/05/2024,10.9,1133.48,Delayed
SH000982,W03,ST04,CR01,"May 10, 2024",11/05/2024,"May 11, 2024",22.2,1447.58,On-time
SH000983,W03,ST04,CR05,2024-05-13,14/05/2024,"May 14, 2024",21.4,1331.82,On-time
SH000984,W03,ST04,CR03,2024-05-16,17/05/2024,"May 17, 2024",20.7,1324.03,On-time
SH000985,W03,ST04,CR01,20/05/2024,21/05/2024,21/05/2024,21.6,1453.23,Lost
SH000986,W03,ST04,CR01,23/05/2024,"May 24, 2024","May 24, 2024",31.5,1548.95,On-time
SH000987,W02,ST04,CR02,2024-05-26,2024-05-29,29/05/2024,417.6,17720.24,On-time
SH000988,W01,ST04,CR05,"May 28, 2024",2024-05-30,30/05/2024,210.3,10787.67,On-time
SH000989,W03,ST04,CR02,2024-05-31,01/06/2024,"June 1, 2024",12.2,901.39,On-time
SH000990,W01,ST04,CR03,2024-06-02,"June 4, 2024",2024-06-08,210.3,10373.52,Delayed
SH000991,W03,ST04,CR02,04/06/2024,05/06/2024,06/06/2024,29.0,1224.39,Delayed
SH000992,W03,ST04,CR05,2024-06-08,"June 9, 2024","June 9, 2024",26.8,,On-time
SH000993,W03,ST04,CR03,12/06/2024,"June 13, 2024",2024-06-13,13.4,1762.16,On-time
SH000994,W03,ST04,CR04,2024-06-16,"June 17, 2024","June 17, 2024",13.1,773.44,On-time
SH000995,W03,ST04,CR05,2024-06-20,21/06/2024,2024-06-24,19.6,1524.43,Delayed
SH000996,W03,ST04,CR03,"June 24, 2024",25/06/2024,2024-06-25,20.0,1434.9,On-time
SH000997,W03,ST04,CR02,"June 27, 2024",28/06/2024,2024-06-28,9.7,1246.95,On-time
SH000998,W03,ST04,CR03,2024-07-01,2024-07-02,2024-07-02,11.5,,On-time
SH000999,W03,ST04,CR05,"July 3, 2024","July 4, 2024",04/07/2024,18.6,1239.24,On-time
SH001000,W03,ST04,CR03,2024-07-07,"July 8, 2024","July 8, 2024",24.7,1533.93,On-time
SH001001,W03,ST04,CR04,"July 9, 2024",10/07/2024,"July 10, 2024",9.8,990.92,On-time
SH001002,W03,ST04,CR03,"July 13, 2024",14/07/2024,2024-07-14,33.5,2033.13,On-time
SH001003,W03,ST04,CR03,"July 17, 2024",18/07/2024,"July 18, 2024",28.0,2012.3,On-time
SH001004,W03,ST04,CR01,19/07/2024,20/07/2024,2024-07-20,23.3,1451.02,On-time
SH001005,W03,ST04,CR02,2024-07-23,2024-07-24,"July 24, 2024",10.0,876.99,On-time
SH001006,W03,ST04,CR03,27/07/2024,28/07/2024,2024-07-29,30.3,1559.32,Delayed
SH001007,W03,ST04,CR01,2024-07-30,31/07/2024,31/07/2024,16.4,1316.63,On-time
SH001008,W03,ST04,CR03,2024-08-03,"August 4, 2024",04/08/2024,5.4,753.64,On-time
SH001009,W01,ST04,CR01,07/08/2024,"August 9, 2024","August 11, 2024",210.3,13269.92,Delayed
SH001010,W03,ST04,CR05,2024-08-11,2024-08-12,12/08/2024,12.1,1230.31,On-time
SH001011,W03,ST04,CR04,2024-08-13,2024-08-14,2024-08-14,33.5,2329.25,On-time
SH001012,W03,ST04,CR05,2024-08-16,17/08/2024,"August 17, 2024",29.9,1438.08,On-time
SH001013,W03,ST04,CR01,19/08/2024,20/08/2024,"August 20, 2024",12.0,,On-time
SH001014,W03,ST04,CR05,2024-08-22,2024-08-23,"August 24, 2024",15.6,,Delayed
SH001015,W03,ST04,CR02,2024-08-24,"August 25, 2024","August 26, 2024",33.1,1754.53,Delayed
SH001016,W03,ST04,CR04,"August 28, 2024",2024-08-29,2024-08-29,18.2,1264.15,On-time
SH001017,W03,ST04,CR02,31/08/2024,01/09/2024,2024-09-01,16.2,950.18,On-time
SH001018,W03,ST04,CR03,2024-09-04,05/09/2024,2024-09-07,28.3,1656.6,Delayed
SH001019,W03,ST04,CR01,07/09/2024,2024-09-08,"September 8, 2024",10.4,957.18,On-time
SH001020,W03,ST04,CR02,"September 10, 2024",2024-09-11,"September 11, 2024",27.8,1353.35,On-time
SH001021,W03,ST04,CR03,2024-09-14,15/09/2024,15/09/2024,28.6,1540.61,On-time
SH001022,W03,ST04,CR02,"September 16, 2024",17/09/2024,21/09/2024,15.9,1144.65,Delayed
SH001023,W03,ST04,CR01,"September 20, 2024",2024-09-21,21/09/2024,27.0,1743.45,Damaged
SH001024,W03,ST04,CR02,"September 23, 2024","September 24, 2024","September 24, 2024",24.4,1290.56,On-time
SH001025,W03,ST04,CR05,25/09/2024,"September 26, 2024","September 26, 2024",26.7,1499.71,Damaged
SH001026,W02,ST04,CR01,"September 28, 2024",01/10/2024,"October 1, 2024",259.5,21010.58,On-time
SH001027,W01,ST04,CR02,2024-09-30,"October 2, 2024",2024-10-04,210.3,9364.18,Delayed
SH001028,W03,ST04,CR01,2024-10-03,04/10/2024,"October 4, 2024",19.6,1420.07,On-time
SH001029,W03,ST04,CR03,"October 7, 2024","October 8, 2024",08/10/2024,14.7,1065.99,On-time
SH001030,W03,ST04,CR03,10/10/2024,"October 11, 2024",2024-10-11,32.9,1755.57,On-time
SH001031,W03,ST04,CR05,2024-10-14,"October 15, 2024","October 15, 2024",13.5,840.81,On-time
SH001032,W03,ST04,CR01,"October 17, 2024","October 18, 2024",2024-10-18,34.1,1914.66,On-time
SH001033,W03,ST04,CR04,2024-10-19,20/10/2024,"October 20, 2024",31.2,1693.33,On-time
SH001034,W02,ST04,CR01,"October 23, 2024","October 26, 2024","October 26, 2024",417.6,17956.32,On-time
SH001035,W03,ST04,CR03,2024-10-26,27/10/2024,31/10/2024,27.9,1494.99,Delayed
SH001036,W03,ST04,CR03,2024-10-30,"October 31, 2024",02/11/2024,17.6,1015.21,Delayed
SH001037,W03,ST04,CR02,02/11/2024,2024-11-03,03/11/2024,31.9,2067.82,On-time
SH001038,W03,ST04,CR02,"November 4, 2024",2024-11-05,"November 5, 2024",29.6,1726.24,On-time
SH001039,W01,ST04,CR04,"November 8, 2024",10/11/2024,10/11/2024,210.3,13137.06,On-time
SH001040,W03,ST04,CR04,"November 10, 2024",11/11/2024,15/11/2024,8.9,734.24,Delayed
SH001041,W03,ST04,CR03,"November 14, 2024",2024-11-15,2024-11-15,21.0,,On-time
SH001042,W03,ST04,CR01,"November 16, 2024",2024-11-17,"November 17, 2024",16.7,1125.6,On-time
SH001043,W02,ST04,CR03,2024-11-19,2024-11-22,"November 22, 2024",417.6,18294.29,On-time
SH001044,W03,ST04,CR05,2024-11-21,2024-11-22,"November 22, 2024",22.4,1307.91,On-time
SH001045,W03,ST04,CR02,25/11/2024,2024-11-26,"November 26, 2024",29.7,1945.76,On-time
SH001046,W03,ST04,CR02,2024-11-28,2024-11-29,30/11/2024,13.6,974.56,Delayed
SH001047,W03,ST04,CR02,"December 1, 2024","December 2, 2024","December 2, 2024",30.3,1505.47,On-time
SH001048,W03,ST04,CR02,05/12/2024,06/12/2024,"December 9, 2024",33.5,2032.64,Delayed
SH001049,W03,ST04,CR01,09/12/2024,2024-12-10,2024-12-10,12.8,1217.79,On-time
SH001050,W03,ST04,CR05,13/12/2024,"December 14, 2024",14/12/2024,24.7,1472.29,On-time
SH001051,W03,ST04,CR04,2024-12-16,"December 17, 2024",17/12/2024,14.1,1014.81,On-time
SH001052,W03,ST04,CR03,19/12/2024,2024-12-20,20/12/2024,10.8,1095.58,On-time
SH001053,W03,ST04,CR04,2024-12-23,2024-12-24,2024-12-24,14.6,1033.11,On-time
SH001054,W03,ST04,CR05,2024-12-25,"December 26, 2024",2024-12-26,26.7,1822.66,On-time
SH001055,W03,ST04,CR01,"December 29, 2024",30/12/2024,2024-12-30,6.3,583.74,On-time
SH001056,W03,ST04,CR04,01/01/2025,2025-01-02,02/01/2025,23.7,1217.85,On-time
SH001057,W03,ST04,CR01,04/01/2025,05/01/2025,05/01/2025,26.0,1399.13,On-time
SH001058,W01,ST04,CR03,2025-01-08,10/01/2025,10/01/2025,210.3,11895.63,On-time
SH001059,W03,ST04,CR04,11/01/2025,2025-01-12,"January 12, 2025",29.7,1429.66,On-time
SH001060,W03,ST04,CR03,"January 14, 2025",2025-01-15,2025-01-15,28.7,1288.39,On-time
SH001061,W03,ST04,CR03,2025-01-18,"January 19, 2025",2025-01-21,17.2,1751.42,Delayed
SH001062,W03,ST04,CR05,"January 20, 2025",2025-01-21,2025-01-21,23.3,,On-time
SH001063,W03,ST04,CR03,23/01/2025,"January 24, 2025","January 24, 2025",34.3,2323.09,On-time
SH001064,W03,ST04,CR04,27/01/2025,"January 28, 2025","January 28, 2025",28.8,1819.41,On-time
SH001065,W03,ST04,CR05,31/01/2025,2025-02-01,"February 5, 2025",23.6,1348.81,Delayed
SH001066,W03,ST04,CR04,"February 2, 2025",2025-02-03,03/02/2025,19.9,1187.83,On-time
SH001067,W01,ST04,CR02,05/02/2025,2025-02-07,07/02/2025,210.3,,On-time
SH001068,W03,ST04,CR01,08/02/2025,09/02/2025,09/02/2025,24.4,1559.56,On-time
SH001069,W03,ST04,CR03,11/02/2025,"February 12, 2025","February 12, 2025",5.3,750.18,On-time
SH001070,W03,ST04,CR05,"February 14, 2025","February 15, 2025",15/02/2025,23.7,1888.21,On-time
SH001071,W01,ST04,CR04,"February 17, 2025",2025-02-19,19/02/2025,210.3,8047.98,On-time
SH001072,W03,ST04,CR01,"February 19, 2025",20/02/2025,2025-02-20,24.6,1651.79,Damaged
SH001073,W03,ST04,CR03,2025-02-21,"February 22, 2025","February 24, 2025",30.1,2181.88,Delayed
SH001074,W03,ST04,CR05,"February 24, 2025",2025-02-25,25/02/2025,18.5,1043.55,On-time
SH001075,W03,ST04,CR05,2025-02-27,28/02/2025,2025-02-28,7.1,890.67,On-time
SH001076,W02,ST04,CR03,2025-03-03,"March 6, 2025","March 6, 2025",417.6,20670.89,On-time
SH001077,W03,ST04,CR04,"March 7, 2025","March 8, 2025","March 8, 2025",13.4,1250.73,On-time
SH001078,W03,ST04,CR01,11/03/2025,2025-03-12,2025-03-12,19.9,1444.19,On-time
SH001079,W03,ST04,CR05,2025-03-15,"March 16, 2025",16/03/2025,16.2,1293.47,On-time
SH001080,W01,ST04,CR02,"March 17, 2025",19/03/2025,"March 23, 2025",130.7,8574.95,Delayed
SH001081,W03,ST04,CR04,20/03/2025,2025-03-21,2025-03-23,11.8,665.61,Delayed
SH001082,W03,ST04,CR03,"March 22, 2025",23/03/2025,23/03/2025,34.8,2028.65,On-time
SH001083,W03,ST04,CR03,2025-03-26,2025-03-27,"March 27, 2025",19.1,1172.42,On-time
SH001084,W03,ST04,CR02,2025-03-29,2025-03-30,2025-03-30,15.1,1327.22,Damaged
SH001085,W03,ST04,CR05,"April 2, 2025",03/04/2025,2025-04-03,18.6,1093.85,On-time
SH001086,W03,ST04,CR02,"April 4, 2025",05/04/2025,"April 5, 2025",8.7,701.15,On-time
SH001087,W03,ST04,CR04,"April 8, 2025",2025-04-09,"April 10, 2025",20.8,948.88,Lost
SH001088,W02,ST04,CR02,2025-04-10,"April 13, 2025",13/04/2025,417.6,13634.21,Damaged
SH001089,W03,ST04,CR02,12/04/2025,13/04/2025,"April 13, 2025",10.3,871.81,On-time
SH001090,W03,ST04,CR01,15/04/2025,2025-04-16,"April 16, 2025",33.2,1901.51,On-time
SH001091,W03,ST04,CR03,"April 19, 2025",20/04/2025,"April 20, 2025",33.3,,On-time
SH001092,W03,ST04,CR05,23/04/2025,24/04/2025,"April 24, 2025",33.8,1526.61,On-time
SH001093,W03,ST04,CR02,"April 26, 2025","April 27, 2025",27/04/2025,14.0,1058.52,On-time
SH001094,W03,ST04,CR01,"April 30, 2025",2025-05-01,"May 1, 2025",7.7,1122.33,On-time
SH001095,W03,ST04,CR02,"May 4, 2025",2025-05-05,"May 5, 2025",17.0,1057.79,On-time
SH001096,W03,ST04,CR01,"May 8, 2025",09/05/2025,"May 9, 2025",15.5,1104.5,On-time
SH001097,W03,ST04,CR04,"May 11, 2025",12/05/2025,2025-05-15,16.3,1314.4,Delayed
SH001098,W03,ST04,CR03,2025-05-15,2025-05-16,"May 16, 2025",28.3,,On-time
SH001099,W03,ST04,CR01,17/05/2025,2025-05-18,18/05/2025,33.7,1873.78,On-time
SH001100,W03,ST04,CR02,"May 19, 2025","May 20, 2025","May 20, 2025",17.0,992.05,On-time
SH001101,W03,ST04,CR03,2025-05-23,"May 24, 2025",2025-05-24,17.7,1028.33,On-time
SH001102,W03,ST04,CR04,27/05/2025,2025-05-28,28/05/2025,21.4,2207.21,On-time
SH001103,W03,ST04,CR04,"May 29, 2025",2025-05-30,2025-05-30,24.0,1620.19,On-time
SH001104,W03,ST04,CR03,"June 2, 2025","June 3, 2025",07/06/2025,14.0,1310.46,Delayed
SH001105,W03,ST04,CR02,04/06/2025,05/06/2025,09/06/2025,27.1,1360.48,Delayed
SH001106,W03,ST04,CR01,"June 8, 2025",09/06/2025,2025-06-12,16.3,1148.57,Delayed
SH001107,W03,ST04,CR04,"June 10, 2025",11/06/2025,"June 12, 2025",14.5,1135.46,Delayed
SH001108,W03,ST04,CR05,"June 14, 2025",15/06/2025,2025-06-15,10.1,827.75,On-time
SH001109,W03,ST04,CR03,18/06/2025,19/06/2025,"June 23, 2025",34.0,1874.45,Delayed
SH001110,W03,ST04,CR03,22/06/2025,"June 23, 2025",23/06/2025,11.3,936.65,On-time
SH001111,W03,ST04,CR01,25/06/2025,2025-06-26,2025-06-26,30.4,1522.22,On-time
SH001112,W03,ST04,CR03,"June 29, 2025","June 30, 2025",2025-07-02,15.7,1098.69,Delayed
SH001113,W03,ST04,CR02,02/07/2025,03/07/2025,2025-07-04,17.1,1246.15,Delayed
SH001114,W03,ST04,CR01,06/07/2025,2025-07-07,2025-07-07,7.0,811.69,On-time
SH001115,W03,ST04,CR03,"July 10, 2025",11/07/2025,11/07/2025,27.5,1541.63,On-time
SH001116,W03,ST04,CR05,2025-07-12,13/07/2025,13/07/2025,15.3,1135.65,On-time
SH001117,W03,ST04,CR01,2025-07-15,"July 16, 2025",16/07/2025,25.3,1300.83,On-time
SH001118,W03,ST04,CR01,"July 17, 2025","July 18, 2025",2025-07-18,13.3,1033.78,On-time
SH001119,W03,ST04,CR02,"July 21, 2025",22/07/2025,2025-07-25,18.4,1121.37,Delayed
SH001120,W03,ST04,CR01,24/07/2025,"July 25, 2025","July 28, 2025",30.6,1728.31,Delayed
SH001121,W03,ST04,CR05,"July 28, 2025",29/07/2025,"July 29, 2025",26.4,1762.78,On-time
SH001122,W03,ST04,CR04,01/08/2025,02/08/2025,"August 2, 2025",24.7,1678.2,On-time
SH001123,W01,ST04,CR02,"August 4, 2025","August 6, 2025","August 6, 2025",210.3,9136.26,On-time
SH001124,W03,ST04,CR01,07/08/2025,2025-08-08,"August 12, 2025",21.6,1461.85,Delayed
SH001125,W03,ST04,CR05,10/08/2025,2025-08-11,"August 11, 2025",26.8,1815.79,On-time
SH001126,W03,ST04,CR01,"August 13, 2025",2025-08-14,17/08/2025,27.8,1552.68,Damaged
SH001127,W03,ST04,CR01,"August 17, 2025",18/08/2025,"August 18, 2025",24.8,1688.1,On-time
SH001128,W03,ST04,CR03,"August 20, 2025",2025-08-21,2025-08-23,9.8,1141.92,Delayed
SH001129,W03,ST04,CR03,"August 24, 2025",25/08/2025,29/08/2025,18.9,1504.63,Delayed
SH001130,W03,ST04,CR05,"August 27, 2025","August 28, 2025",2025-08-28,24.5,1620.8,On-time
SH001131,W03,ST04,CR03,29/08/2025,30/08/2025,"August 30, 2025",9.7,778.91,On-time
SH001132,W03,ST04,CR03,"September 2, 2025",2025-09-03,2025-09-03,34.7,1589.06,On-time
SH001133,W03,ST04,CR02,"September 6, 2025","September 7, 2025","September 7, 2025",12.3,1331.53,On-time
SH001134,W03,ST04,CR01,"September 9, 2025",10/09/2025,2025-09-10,26.5,1440.23,On-time
SH001135,W03,ST04,CR01,2025-09-12,13/09/2025,2025-09-13,7.6,846.44,On-time
SH001136,W03,ST04,CR03,16/09/2025,"September 17, 2025",2025-09-17,26.8,1792.93,On-time
SH001137,W03,ST04,CR01,19/09/2025,20/09/2025,2025-09-20,19.2,1428.14,On-time
SH001138,W03,ST04,CR02,"September 23, 2025",2025-09-24,28/09/2025,28.1,2058.53,Delayed
SH001139,W03,ST04,CR05,"September 27, 2025",2025-09-28,28/09/2025,9.6,898.58,On-time
SH001140,W03,ST04,CR04,01/10/2025,"October 2, 2025",02/10/2025,16.4,1213.38,On-time
SH001141,W03,ST04,CR01,2025-10-05,06/10/2025,06/10/2025,34.3,1644.96,On-time
SH001142,W03,ST04,CR02,"October 9, 2025",10/10/2025,"October 10, 2025",19.5,2208.3,On-time
SH001143,W03,ST04,CR02,"October 13, 2025","October 14, 2025",14/10/2025,11.7,792.74,On-time
SH001144,W02,ST04,CR02,16/10/2025,2025-10-19,20/10/2025,417.6,20582.39,Delayed
SH001145,W03,ST04,CR01,2025-10-20,21/10/2025,21/10/2025,27.8,,On-time
SH001146,W03,ST04,CR01,2025-10-24,2025-10-25,2025-10-25,15.8,1170.79,On-time
SH001147,W03,ST04,CR03,2025-10-28,2025-10-29,29/10/2025,32.0,1958.65,On-time
SH001148,W01,ST04,CR01,31/10/2025,2025-11-02,2025-11-02,210.3,11202.98,On-time
SH001149,W03,ST04,CR01,2025-11-04,05/11/2025,"November 5, 2025",21.8,1397.51,On-time
SH001150,W03,ST04,CR05,"November 6, 2025","November 7, 2025","November 7, 2025",14.0,985.21,On-time
SH001151,W03,ST04,CR03,"November 8, 2025","November 9, 2025",2025-11-11,35.0,1994.75,Delayed
SH001152,W03,ST04,CR05,2025-11-12,"November 13, 2025",2025-11-13,31.3,,On-time
SH001153,W03,ST04,CR03,"November 15, 2025",16/11/2025,"November 16, 2025",34.8,,On-time
SH001154,W03,ST04,CR04,2025-11-19,2025-11-20,20/11/2025,20.9,,On-time
SH001155,W03,ST04,CR05,21/11/2025,2025-11-22,"November 22, 2025",14.2,1108.4,On-time
SH001156,W03,ST04,CR01,23/11/2025,24/11/2025,"November 24, 2025",6.7,945.49,On-time
SH001157,W03,ST04,CR02,27/11/2025,2025-11-28,29/11/2025,34.9,2033.51,Delayed
SH001158,W03,ST04,CR03,2025-12-01,"December 2, 2025","December 2, 2025",23.9,1595.32,On-time
SH001159,W03,ST04,CR04,2025-12-03,"December 4, 2025",2025-12-04,19.6,1239.54,On-time
SH001160,W03,ST04,CR04,2025-12-07,2025-12-08,10/12/2025,33.1,1595.04,Delayed
SH001161,W03,ST04,CR02,"December 10, 2025",11/12/2025,2025-12-11,20.8,1524.18,On-time
SH001162,W03,ST04,CR04,14/12/2025,2025-12-15,"December 15, 2025",10.8,752.99,On-time
SH001163,W03,ST04,CR03,"December 17, 2025",2025-12-18,2025-12-18,20.4,2145.62,On-time
SH001164,W03,ST04,CR03,"December 21, 2025","December 22, 2025","December 22, 2025",27.5,1531.71,On-time
SH001165,W03,ST04,CR04,"December 23, 2025","December 24, 2025",27/12/2025,8.8,819.76,Delayed
SH001166,W03,ST04,CR01,"December 25, 2025",2025-12-26,26/12/2025,21.2,1652.98,On-time
SH001167,W03,ST04,CR02,2025-12-27,28/12/2025,2025-12-28,12.3,,On-time
SH001168,W03,ST04,CR04,31/12/2025,"January 1, 2026",,14.7,1430.67,In-Transit
SH001169,W01,ST05,CR01,01/01/2024,2024-01-02,2024-01-02,20.2,1542.67,On-time
SH001170,W01,ST05,CR05,02/01/2024,03/01/2024,03/01/2024,20.9,1111.31,On-time
SH001171,W01,ST05,CR03,"January 4, 2024",05/01/2024,"January 8, 2024",10.2,778.72,Delayed
SH001172,W01,ST05,CR02,"January 6, 2024",2024-01-07,2024-01-07,25.4,1418.34,On-time
SH001173,W01,ST05,CR04,2024-01-08,2024-01-09,2024-01-12,15.4,1705.89,Delayed
SH001174,W01,ST05,CR03,"January 10, 2024",2024-01-11,11/01/2024,22.4,1667.35,On-time
SH001175,W01,ST05,CR02,"January 12, 2024",13/01/2024,13/01/2024,10.6,1092.06,On-time
SH001176,W01,ST05,CR05,14/01/2024,15/01/2024,15/01/2024,34.3,1893.54,On-time
SH001177,W01,ST05,CR03,15/01/2024,16/01/2024,2024-01-16,25.6,1963.17,On-time
SH001178,W01,ST05,CR02,17/01/2024,2024-01-18,2024-01-18,21.7,1320.72,On-time
SH001179,W01,ST05,CR05,"January 19, 2024",20/01/2024,2024-01-20,8.0,955.37,On-time
SH001180,W01,ST05,CR04,"January 20, 2024",21/01/2024,2024-01-21,11.9,833.79,On-time
SH001181,W01,ST05,CR01,"January 21, 2024","January 22, 2024",22/01/2024,13.1,903.47,On-time
SH001182,W01,ST05,CR03,"January 23, 2024",24/01/2024,24/01/2024,22.2,1608.14,On-time
SH001183,W01,ST05,CR02,"January 24, 2024","January 25, 2024",25/01/2024,22.1,1537.75,On-time
SH001184,W01,ST05,CR05,"January 25, 2024",26/01/2024,26/01/2024,11.7,,On-time
SH001185,W01,ST05,CR01,27/01/2024,"January 28, 2024",2024-01-28,15.5,1219.45,On-time
SH001186,W01,ST05,CR05,2024-01-28,2024-01-29,"January 29, 2024",27.1,1687.59,On-time
SH001187,W01,ST05,CR03,2024-01-29,30/01/2024,30/01/2024,24.3,1694.11,On-time
SH001188,W01,ST05,CR05,31/01/2024,"February 1, 2024",01/02/2024,31.3,1354.76,On-time
SH001189,W01,ST05,CR05,02/02/2024,"February 3, 2024",03/02/2024,12.0,,On-time
SH001190,W01,ST05,CR05,04/02/2024,2024-02-05,2024-02-05,16.6,998.66,On-time
SH001191,W01,ST05,CR02,"February 6, 2024","February 7, 2024",07/02/2024,31.9,1726.55,On-time
SH001192,W01,ST05,CR05,08/02/2024,"February 9, 2024","February 9, 2024",21.3,,On-time
SH001193,W01,ST05,CR05,09/02/2024,"February 10, 2024",10/02/2024,16.9,1206.61,On-time
SH001194,W01,ST05,CR02,2024-02-11,12/02/2024,12/02/2024,22.0,1587.65,On-time
SH001195,W01,ST05,CR04,2024-02-13,2024-02-14,17/02/2024,23.6,1737.72,Delayed
SH001196,W01,ST05,CR05,"February 15, 2024",2024-02-16,16/02/2024,12.1,1083.46,On-time
SH001197,W01,ST05,CR03,"February 16, 2024","February 17, 2024","February 17, 2024",33.1,2063.81,On-time
SH001198,W01,ST05,CR03,2024-02-17,2024-02-18,"February 18, 2024",32.6,2031.08,On-time
SH001199,W01,ST05,CR02,19/02/2024,"February 20, 2024","February 20, 2024",14.8,845.44,On-time
SH001200,W02,ST05,CR03,21/02/2024,"February 23, 2024",2024-02-23,221.4,11115.56,On-time
SH001201,W01,ST05,CR03,22/02/2024,2024-02-23,"February 23, 2024",23.9,1103.3,On-time
SH001202,W01,ST05,CR04,2024-02-23,"February 24, 2024",2024-02-24,15.1,1001.0,Damaged
SH001203,W01,ST05,CR01,2024-02-25,2024-02-26,26/02/2024,23.1,1213.71,On-time
SH001204,W01,ST05,CR05,2024-02-26,2024-02-27,"February 27, 2024",12.3,731.99,On-time
SH001205,W01,ST05,CR05,2024-02-28,"February 29, 2024",29/02/2024,19.3,1077.29,On-time
SH001206,W01,ST05,CR04,01/03/2024,02/03/2024,2024-03-02,21.9,1301.51,On-time
SH001207,W01,ST05,CR04,"March 3, 2024",04/03/2024,"March 4, 2024",12.2,823.41,On-time
SH001208,W03,ST05,CR02,"March 5, 2024","March 7, 2024","March 7, 2024",210.3,10513.75,On-time
SH001209,W01,ST05,CR02,2024-03-07,2024-03-08,"March 9, 2024",24.5,1402.83,Delayed
SH001210,W01,ST05,CR01,2024-03-08,"March 9, 2024",2024-03-09,13.9,977.05,On-time
SH001211,W01,ST05,CR01,"March 10, 2024","March 11, 2024",11/03/2024,13.1,1019.09,On-time
SH001212,W01,ST05,CR05,"March 12, 2024",2024-03-13,13/03/2024,10.0,1140.1,On-time
SH001213,W01,ST05,CR01,2024-03-14,2024-03-15,"March 15, 2024",15.5,1104.87,On-time
SH001214,W01,ST05,CR05,2024-03-16,2024-03-17,17/03/2024,8.4,830.15,On-time
SH001215,W01,ST05,CR04,17/03/2024,2024-03-18,18/03/2024,25.5,1646.92,On-time
SH001216,W01,ST05,CR05,"March 18, 2024",19/03/2024,19/03/2024,13.9,1220.02,On-time
SH001217,W01,ST05,CR01,19/03/2024,"March 20, 2024",2024-03-20,14.7,1660.14,On-time
SH001218,W01,ST05,CR04,"March 21, 2024",22/03/2024,22/03/2024,5.8,914.57,On-time
SH001219,W01,ST05,CR04,"March 23, 2024","March 24, 2024",2024-03-24,15.4,1145.56,On-time
SH001220,W01,ST05,CR04,"March 26, 2024",27/03/2024,31/03/2024,15.7,1122.64,Delayed
SH001221,W01,ST05,CR01,28/03/2024,2024-03-29,01/04/2024,18.5,1105.79,Delayed
SH001222,W01,ST05,CR02,2024-03-30,"March 31, 2024","March 31, 2024",15.5,902.36,On-time
SH001223,W01,ST05,CR01,01/04/2024,"April 2, 2024",02/04/2024,18.2,1450.74,On-time
SH001224,W01,ST05,CR03,2024-04-03,2024-04-04,2024-04-06,29.6,2001.38,Delayed
SH001225,W01,ST05,CR03,2024-04-05,"April 6, 2024","April 6, 2024",22.5,1311.73,On-time
SH001226,W01,ST05,CR05,2024-04-07,2024-04-08,2024-04-08,20.3,1958.19,On-time
SH001227,W01,ST05,CR05,"April 8, 2024","April 9, 2024",09/04/2024,27.1,1799.3,On-time
SH001228,W01,ST05,CR03,10/04/2024,2024-04-11,11/04/2024,20.5,1382.14,On-time
SH001229,W01,ST05,CR01,11/04/2024,2024-04-12,12/04/2024,20.8,1579.89,On-time
SH001230,W01,ST05,CR01,"April 13, 2024",14/04/2024,"April 14, 2024",8.0,928.28,On-time
SH001231,W01,ST05,CR05,"April 15, 2024",2024-04-16,2024-04-16,21.7,,On-time
SH001232,W02,ST05,CR01,"April 16, 2024",18/04/2024,2024-04-18,221.4,11688.34,On-time
SH001233,W01,ST05,CR03,2024-04-18,19/04/2024,2024-04-19,10.0,758.79,On-time
SH001234,W02,ST05,CR01,"April 20, 2024",2024-04-22,"April 22, 2024",221.4,,On-time
SH001235,W01,ST05,CR03,22/04/2024,2024-04-23,26/04/2024,34.3,1688.92,Delayed
SH001236,W01,ST05,CR03,2024-04-24,"April 25, 2024","April 25, 2024",13.0,1074.76,On-time
SH001237,W01,ST05,CR01,"April 26, 2024",27/04/2024,"April 27, 2024",11.3,962.04,On-time
SH001238,W01,ST05,CR04,27/04/2024,2024-04-28,"April 28, 2024",32.7,1633.24,On-time
SH001239,W01,ST05,CR01,2024-04-28,29/04/2024,29/04/2024,33.0,1798.04,On-time
SH001240,W01,ST05,CR01,"April 30, 2024",2024-05-01,01/05/2024,13.6,1212.72,On-time
SH001241,W01,ST05,CR02,02/05/2024,2024-05-03,"May 7, 2024",32.4,1922.16,Delayed
SH001242,W01,ST05,CR04,"May 4, 2024",2024-05-05,05/05/2024,30.4,1782.58,On-time
SH001243,W01,ST05,CR03,06/05/2024,"May 7, 2024","May 7, 2024",21.3,1717.65,On-time
SH001244,W01,ST05,CR01,2024-05-08,2024-05-09,"May 9, 2024",8.0,887.69,On-time
SH001245,W01,ST05,CR01,09/05/2024,"May 10, 2024",10/05/2024,28.4,1697.16,On-time
SH001246,W01,ST05,CR01,"May 10, 2024",2024-05-11,11/05/2024,10.1,1284.92,On-time
SH001247,W01,ST05,CR02,12/05/2024,2024-05-13,"May 13, 2024",21.8,1180.31,On-time
SH001248,W01,ST05,CR04,"May 14, 2024",2024-05-15,"May 15, 2024",11.2,1466.26,On-time
SH001249,W01,ST05,CR03,"May 16, 2024",2024-05-17,17/05/2024,9.9,741.67,On-time
SH001250,W01,ST05,CR02,"May 18, 2024",19/05/2024,"May 21, 2024",28.8,2108.59,Delayed
SH001251,W01,ST05,CR04,"May 21, 2024",2024-05-22,"May 22, 2024",17.9,959.61,On-time
SH001252,W02,ST05,CR04,23/05/2024,25/05/2024,2024-05-27,221.4,8255.0,Lost
SH001253,W02,ST05,CR04,25/05/2024,2024-05-27,27/05/2024,221.4,11523.75,On-time
SH001254,W02,ST05,CR03,27/05/2024,29/05/2024,29/05/2024,221.4,8409.65,On-time
SH001255,W01,ST05,CR05,28/05/2024,29/05/2024,"May 29, 2024",32.1,1399.81,On-time
SH001256,W03,ST05,CR01,30/05/2024,01/06/2024,01/06/2024,130.7,10946.72,Damaged
SH001257,W01,ST05,CR01,2024-06-01,2024-06-02,02/06/2024,16.0,1576.37,On-time
SH001258,W02,ST05,CR02,"June 3, 2024",2024-06-05,05/06/2024,221.4,13003.04,Lost
SH001259,W01,ST05,CR02,2024-06-05,2024-06-06,2024-06-06,13.1,728.37,On-time
SH001260,W01,ST05,CR05,"June 7, 2024",08/06/2024,"June 8, 2024",34.3,1695.62,On-time
SH001261,W01,ST05,CR02,"June 9, 2024","June 10, 2024",10/06/2024,23.0,1253.33,On-time
SH001262,W01,ST05,CR02,2024-06-10,11/06/2024,11/06/2024,11.1,1021.42,On-time
SH001263,W01,ST05,CR04,12/06/2024,13/06/2024,16/06/2024,34.2,2144.48,Delayed
SH001264,W01,ST05,CR01,2024-06-14,2024-06-15,2024-06-15,16.5,1276.24,On-time
SH001265,W01,ST05,CR01,"June 15, 2024","June 16, 2024",2024-06-16,10.3,951.73,On-time
SH001266,W01,ST05,CR01,17/06/2024,18/06/2024,2024-06-18,17.0,1016.66,On-time
SH001267,W01,ST05,CR03,"June 19, 2024","June 20, 2024",2024-06-24,22.6,1471.93,Delayed
SH001268,W01,ST05,CR05,21/06/2024,22/06/2024,2024-06-26,23.7,1059.82,Delayed
SH001269,W03,ST05,CR04,22/06/2024,24/06/2024,2024-06-27,210.3,9390.07,Delayed
SH001270,W01,ST05,CR04,2024-06-23,24/06/2024,"June 26, 2024",23.5,1205.24,Delayed
SH001271,W02,ST05,CR05,"June 25, 2024",27/06/2024,"June 27, 2024",221.4,11758.72,On-time
SH001272,W01,ST05,CR03,27/06/2024,2024-06-28,"July 1, 2024",11.9,806.06,Delayed
SH001273,W01,ST05,CR04,"June 29, 2024",2024-06-30,"June 30, 2024",8.5,833.34,On-time
SH001274,W01,ST05,CR05,2024-06-30,"July 1, 2024",04/07/2024,13.7,810.34,Delayed
SH001275,W01,ST05,CR03,2024-07-02,"July 3, 2024","July 3, 2024",14.6,993.75,On-time
SH001276,W02,ST05,CR02,2024-07-03,05/07/2024,05/07/2024,221.4,10422.71,On-time
SH001277,W01,ST05,CR03,2024-07-05,"July 6, 2024","July 7, 2024",8.0,902.87,Delayed
SH001278,W01,ST05,CR03,06/07/2024,"July 7, 2024","July 7, 2024",30.2,1630.13,On-time
SH001279,W01,ST05,CR02,08/07/2024,"July 9, 2024","July 9, 2024",23.7,1237.85,On-time
SH001280,W01,ST05,CR05,"July 9, 2024",2024-07-10,"July 10, 2024",11.4,958.96,On-time
SH001281,W02,ST05,CR04,2024-07-11,2024-07-13,"July 14, 2024",221.4,8463.51,Delayed
SH001282,W01,ST05,CR03,2024-07-13,14/07/2024,"July 14, 2024",23.0,1353.47,On-time
SH001283,W01,ST05,CR01,15/07/2024,"July 16, 2024","July 16, 2024",16.7,1275.95,On-time
SH001284,W01,ST05,CR03,2024-07-17,"July 18, 2024",2024-07-22,29.5,1631.69,Delayed
SH001285,W03,ST05,CR05,19/07/2024,"July 21, 2024","July 21, 2024",130.7,10817.34,On-time
SH001286,W01,ST05,CR05,2024-07-21,2024-07-22,"July 22, 2024",26.7,1531.94,On-time
SH001287,W01,ST05,CR01,"July 23, 2024",24/07/2024,24/07/2024,28.1,1660.05,On-time
SH001288,W01,ST05,CR05,2024-07-25,26/07/2024,"July 26, 2024",8.5,1001.55,Damaged
SH001289,W01,ST05,CR02,"July 27, 2024","July 28, 2024",28/07/2024,27.7,1731.32,On-time
SH001290,W01,ST05,CR04,"July 29, 2024","July 30, 2024","August 3, 2024",33.5,1806.72,Delayed
SH001291,W01,ST05,CR02,31/07/2024,2024-08-01,2024-08-01,9.1,913.37,On-time
SH001292,W01,ST05,CR02,2024-08-02,"August 3, 2024",03/08/2024,22.0,1457.99,On-time
SH001293,W01,ST05,CR02,03/08/2024,2024-08-04,2024-08-04,15.4,1341.06,On-time
SH001294,W01,ST05,CR02,06/08/2024,07/08/2024,2024-08-07,9.5,1078.17,On-time
SH001295,W01,ST05,CR05,2024-08-08,"August 9, 2024",2024-08-09,25.9,1516.89,On-time
SH001296,W01,ST05,CR01,11/08/2024,2024-08-12,"August 12, 2024",31.8,,On-time
SH001297,W03,ST05,CR05,13/08/2024,15/08/2024,15/08/2024,210.3,10165.97,On-time
SH001298,W01,ST05,CR04,"August 15, 2024","August 16, 2024","August 16, 2024",23.4,,On-time
SH001299,W01,ST05,CR04,"August 17, 2024",18/08/2024,20/08/2024,16.9,1171.49,Delayed
SH001300,W01,ST05,CR05,"August 19, 2024","August 20, 2024",2024-08-20,29.3,1573.32,On-time
SH001301,W01,ST05,CR01,"August 21, 2024",2024-08-22,22/08/2024,15.1,1353.03,On-time
SH001302,W01,ST05,CR01,"August 23, 2024",2024-08-24,24/08/2024,19.5,1751.42,On-time
SH001303,W01,ST05,CR03,"August 24, 2024","August 25, 2024",2024-08-25,25.9,1311.01,On-time
SH001304,W01,ST05,CR01,"August 26, 2024",2024-08-27,29/08/2024,10.6,1013.3,Delayed
SH001305,W01,ST05,CR05,2024-08-28,29/08/2024,29/08/2024,31.7,,On-time
SH001306,W01,ST05,CR01,2024-08-29,2024-08-30,2024-09-02,11.4,838.92,Delayed
SH001307,W01,ST05,CR03,30/08/2024,"August 31, 2024",2024-08-31,30.8,1700.25,On-time
SH001308,W02,ST05,CR03,"August 31, 2024",2024-09-02,05/09/2024,221.4,9906.8,Delayed
SH001309,W01,ST05,CR05,02/09/2024,03/09/2024,2024-09-03,15.7,1321.01,On-time
SH001310,W01,ST05,CR04,"September 3, 2024",2024-09-04,2024-09-04,17.9,1096.22,On-time
SH001311,W03,ST05,CR05,"September 5, 2024",2024-09-07,"September 7, 2024",210.3,8500.81,On-time
SH001312,W01,ST05,CR02,"September 8, 2024","September 9, 2024",2024-09-09,23.7,1319.49,On-time
SH001313,W01,ST05,CR01,"September 10, 2024","September 11, 2024",2024-09-15,26.7,1689.56,Delayed
SH001314,W01,ST05,CR03,"September 12, 2024",13/09/2024,"September 13, 2024",29.9,1470.34,On-time
SH001315,W01,ST05,CR02,2024-09-13,14/09/2024,14/09/2024,27.5,2161.76,On-time
SH001316,W01,ST05,CR03,2024-09-15,16/09/2024,16/09/2024,10.5,1173.25,On-time
SH001317,W01,ST05,CR02,2024-09-17,18/09/2024,18/09/2024,12.5,1031.37,On-time
SH001318,W01,ST05,CR02,2024-09-19,20/09/2024,2024-09-21,8.3,997.84,Delayed
SH001319,W01,ST05,CR02,"September 21, 2024",2024-09-22,24/09/2024,24.1,1678.18,Delayed
SH001320,W02,ST05,CR01,"September 23, 2024",25/09/2024,"September 25, 2024",137.6,,On-time
SH001321,W01,ST05,CR03,25/09/2024,2024-09-26,26/09/2024,11.2,719.69,On-time
SH001322,W01,ST05,CR05,"September 28, 2024","September 29, 2024",2024-09-29,29.9,1611.64,On-time
SH001323,W01,ST05,CR04,30/09/2024,2024-10-01,2024-10-01,30.5,1770.61,Damaged
SH001324,W01,ST05,CR03,02/10/2024,"October 3, 2024",03/10/2024,14.5,824.64,On-time
SH001325,W02,ST05,CR01,04/10/2024,06/10/2024,"October 6, 2024",221.4,8841.84,On-time
SH001326,W01,ST05,CR05,2024-10-06,07/10/2024,2024-10-07,6.5,1152.37,On-time
SH001327,W01,ST05,CR03,08/10/2024,09/10/2024,09/10/2024,29.7,1568.46,On-time
SH001328,W01,ST05,CR05,10/10/2024,"October 11, 2024","October 11, 2024",14.9,845.83,On-time
SH001329,W01,ST05,CR03,2024-10-11,12/10/2024,2024-10-12,17.6,1502.06,On-time
SH001330,W01,ST05,CR03,"October 13, 2024","October 14, 2024",2024-10-14,10.3,,On-time
SH001331,W01,ST05,CR01,15/10/2024,2024-10-16,"October 16, 2024",28.1,1925.02,On-time
SH001332,W01,ST05,CR04,17/10/2024,"October 18, 2024","October 21, 2024",26.2,1776.98,Delayed
SH001333,W01,ST05,CR05,18/10/2024,2024-10-19,19/10/2024,12.4,824.93,On-time
SH001334,W02,ST05,CR02,20/10/2024,2024-10-22,2024-10-22,221.4,9753.59,On-time
SH001335,W01,ST05,CR02,"October 21, 2024",22/10/2024,"October 22, 2024",25.9,1216.54,On-time
SH001336,W01,ST05,CR05,2024-10-23,2024-10-24,"October 24, 2024",5.5,807.8,On-time
SH001337,W01,ST05,CR04,2024-10-25,"October 26, 2024","October 26, 2024",32.4,1777.17,On-time
SH001338,W01,ST05,CR05,26/10/2024,2024-10-27,27/10/2024,24.4,1691.77,On-time
SH001339,W01,ST05,CR02,"October 27, 2024",28/10/2024,"October 30, 2024",33.6,2032.42,Delayed
SH001340,W01,ST05,CR03,2024-10-29,"October 30, 2024","October 30, 2024",8.1,729.13,On-time
SH001341,W01,ST05,CR03,"October 31, 2024",2024-11-01,"November 1, 2024",34.3,2421.39,On-time
SH001342,W01,ST05,CR02,02/11/2024,2024-11-03,2024-11-03,10.3,1469.36,On-time
SH001343,W01,ST05,CR05,03/11/2024,04/11/2024,"November 4, 2024",21.2,1570.21,On-time
SH001344,W01,ST05,CR01,04/11/2024,"November 5, 2024",2024-11-05,14.6,1462.52,On-time
SH001345,W01,ST05,CR05,2024-11-06,"November 7, 2024",2024-11-07,27.7,1494.55,On-time
SH001346,W01,ST05,CR01,2024-11-08,09/11/2024,"November 9, 2024",19.4,1207.97,On-time
SH001347,W01,ST05,CR04,2024-11-10,"November 11, 2024",15/11/2024,17.8,1096.81,Delayed
SH001348,W01,ST05,CR04,11/11/2024,"November 12, 2024",2024-11-12,15.0,1326.29,On-time
SH001349,W01,ST05,CR01,13/11/2024,"November 14, 2024",14/11/2024,31.0,1699.75,On-time
SH001350,W01,ST05,CR02,14/11/2024,"November 15, 2024","November 15, 2024",25.5,1916.83,On-time
SH001351,W01,ST05,CR05,16/11/2024,"November 17, 2024",2024-11-17,8.4,814.83,On-time
SH001352,W01,ST05,CR05,17/11/2024,2024-11-18,"November 18, 2024",31.1,1685.37,On-time
SH001353,W01,ST05,CR01,2024-11-19,"November 20, 2024",20/11/2024,15.0,1359.48,On-time
SH001354,W01,ST05,CR03,2024-11-21,"November 22, 2024",22/11/2024,28.6,,On-time
SH001355,W01,ST05,CR04,23/11/2024,2024-11-24,2024-11-24,24.4,1388.45,On-time
SH001356,W01,ST05,CR05,25/11/2024,2024-11-26,26/11/2024,34.8,1694.1,On-time
SH001357,W01,ST05,CR01,"November 27, 2024",2024-11-28,"November 28, 2024",24.2,1709.12,On-time
SH001358,W01,ST05,CR01,28/11/2024,"November 29, 2024","November 29, 2024",29.2,1532.52,On-time
SH001359,W01,ST05,CR02,"November 29, 2024",2024-11-30,"December 3, 2024",23.3,1293.33,Delayed
SH001360,W01,ST05,CR05,30/11/2024,"December 1, 2024","December 3, 2024",30.3,1764.77,Delayed
SH001361,W01,ST05,CR05,"December 1, 2024","December 2, 2024",2024-12-02,15.5,1548.54,On-time
SH001362,W01,ST05,CR01,03/12/2024,04/12/2024,"December 6, 2024",17.3,1153.05,Delayed
SH001363,W01,ST05,CR03,"December 5, 2024",2024-12-06,2024-12-06,13.3,1201.65,On-time
SH001364,W03,ST05,CR05,"December 7, 2024","December 9, 2024",2024-12-09,210.3,9369.53,On-time
SH001365,W01,ST05,CR01,"December 9, 2024","December 10, 2024",2024-12-11,34.4,1852.84,Delayed
SH001366,W01,ST05,CR04,11/12/2024,12/12/2024,12/12/2024,22.3,1251.19,On-time
SH001367,W01,ST05,CR04,2024-12-13,2024-12-14,"December 16, 2024",16.3,962.78,Delayed
SH001368,W03,ST05,CR03,2024-12-16,18/12/2024,21/12/2024,210.3,11648.92,Delayed
SH001369,W01,ST05,CR04,"December 18, 2024","December 19, 2024",2024-12-19,11.2,745.76,On-time
SH001370,W03,ST05,CR02,21/12/2024,"December 23, 2024",26/12/2024,210.3,10281.77,Delayed
SH001371,W01,ST05,CR01,2024-12-23,2024-12-24,"December 24, 2024",5.7,814.3,On-time
SH001372,W01,ST05,CR05,2024-12-25,"December 26, 2024",27/12/2024,9.3,762.41,Delayed
SH001373,W01,ST05,CR01,27/12/2024,28/12/2024,2024-12-28,23.9,1453.68,On-time
SH001374,W01,ST05,CR05,2024-12-29,30/12/2024,"December 30, 2024",27.1,1734.5,On-time
SH001375,W01,ST05,CR03,"December 30, 2024","December 31, 2024",31/12/2024,15.0,1105.52,On-time
SH001376,W01,ST05,CR05,2025-01-01,"January 2, 2025","January 2, 2025",21.6,1095.36,On-time
SH001377,W01,ST05,CR03,"January 3, 2025","January 4, 2025",04/01/2025,27.7,1324.02,On-time
SH001378,W01,ST05,CR01,"January 4, 2025",2025-01-05,05/01/2025,26.8,1824.13,On-time
SH001379,W01,ST05,CR04,"January 5, 2025",06/01/2025,2025-01-06,34.2,1853.68,On-time
SH001380,W01,ST05,CR04,2025-01-06,07/01/2025,07/01/2025,22.4,1727.33,On-time
SH001381,W01,ST05,CR03,2025-01-08,"January 9, 2025",12/01/2025,32.3,1930.6,Delayed
SH001382,W01,ST05,CR03,"January 9, 2025","January 10, 2025","January 10, 2025",13.7,1085.71,On-time
SH001383,W01,ST05,CR05,"January 11, 2025","January 12, 2025",12/01/2025,27.7,1385.15,On-time
SH001384,W01,ST05,CR01,13/01/2025,14/01/2025,2025-01-14,22.2,1197.44,On-time
SH001385,W01,ST05,CR05,2025-01-14,"January 15, 2025","January 18, 2025",16.2,1135.99,Lost
SH001386,W01,ST05,CR01,"January 16, 2025","January 17, 2025",2025-01-17,16.9,1134.54,On-time
SH001387,W02,ST05,CR03,18/01/2025,2025-01-20,2025-01-20,221.4,12814.95,On-time
SH001388,W01,ST05,CR03,2025-01-20,2025-01-21,"January 21, 2025",25.3,1314.36,On-time
SH001389,W01,ST05,CR03,22/01/2025,"January 23, 2025","January 23, 2025",33.4,1574.4,On-time
SH001390,W01,ST05,CR01,2025-01-23,24/01/2025,24/01/2025,23.6,1762.36,On-time
SH001391,W01,ST05,CR05,2025-01-25,"January 26, 2025","January 26, 2025",9.9,1290.01,On-time
SH001392,W01,ST05,CR03,"January 27, 2025",28/01/2025,"January 29, 2025",31.1,1951.31,Delayed
SH001393,W01,ST05,CR03,2025-01-29,2025-01-30,30/01/2025,24.1,1415.89,On-time
SH001394,W01,ST05,CR01,"January 31, 2025","February 1, 2025",2025-02-01,15.3,1147.41,On-time
SH001395,W01,ST05,CR04,"February 2, 2025",03/02/2025,03/02/2025,30.1,1729.79,On-time
SH001396,W01,ST05,CR05,2025-02-04,"February 5, 2025",2025-02-05,13.7,850.02,On-time
SH001397,W01,ST05,CR01,"February 6, 2025",2025-02-07,"February 9, 2025",26.2,1211.42,Delayed
SH001398,W01,ST05,CR05,2025-02-08,2025-02-09,2025-02-09,10.2,1232.0,On-time
SH001399,W01,ST05,CR04,10/02/2025,11/02/2025,2025-02-15,16.5,1269.01,Damaged
SH001400,W01,ST05,CR01,2025-02-11,2025-02-12,2025-02-12,19.1,1490.94,Damaged
SH001401,W01,ST05,CR04,2025-02-12,13/02/2025,2025-02-14,32.2,2115.55,Delayed
SH001402,W01,ST05,CR05,14/02/2025,15/02/2025,15/02/2025,22.0,,On-time
SH001403,W01,ST05,CR01,2025-02-16,2025-02-17,2025-02-17,17.3,985.09,On-time
SH001404,W01,ST05,CR02,"February 18, 2025",19/02/2025,"February 19, 2025",29.3,1914.03,On-time
SH001405,W01,ST05,CR05,2025-02-20,2025-02-21,"February 21, 2025",10.3,1115.58,On-time
SH001406,W01,ST05,CR01,"February 22, 2025","February 23, 2025",2025-02-23,23.2,1756.69,On-time
SH001407,W01,ST05,CR03,24/02/2025,2025-02-25,2025-02-25,9.5,717.82,On-time
SH001408,W01,ST05,CR03,"February 25, 2025",2025-02-26,"February 26, 2025",24.8,1627.28,On-time
SH001409,W02,ST05,CR03,"February 28, 2025","March 2, 2025",2025-03-02,221.4,10268.55,On-time
SH001410,W01,ST05,CR01,2025-03-02,03/03/2025,2025-03-03,28.1,1500.62,On-time
SH001411,W01,ST05,CR04,03/03/2025,"March 4, 2025",2025-03-04,16.6,1225.59,On-time
SH001412,W01,ST05,CR02,"March 5, 2025",06/03/2025,"March 6, 2025",29.2,1605.07,On-time
SH001413,W01,ST05,CR04,"March 7, 2025",2025-03-08,2025-03-09,21.4,2211.83,Delayed
SH001414,W02,ST05,CR03,"March 9, 2025",11/03/2025,2025-03-11,221.4,12517.09,On-time
SH001415,W01,ST05,CR03,10/03/2025,2025-03-11,2025-03-11,8.3,1049.97,On-time
SH001416,W01,ST05,CR02,"March 11, 2025",2025-03-12,"March 14, 2025",23.6,,Delayed
SH001417,W01,ST05,CR05,"March 13, 2025",14/03/2025,"March 14, 2025",25.7,1596.89,On-time
SH001418,W01,ST05,CR05,"March 15, 2025",2025-03-16,16/03/2025,12.2,1427.04,On-time
SH001419,W01,ST05,CR02,2025-03-17,"March 18, 2025","March 18, 2025",20.8,1291.11,On-time
SH001420,W01,ST05,CR02,20/03/2025,"March 21, 2025",2025-03-21,16.7,1208.94,On-time
SH001421,W01,ST05,CR05,22/03/2025,2025-03-23,2025-03-23,20.9,1391.56,On-time
SH001422,W01,ST05,CR01,2025-03-24,2025-03-25,2025-03-25,24.3,,On-time
SH001423,W01,ST05,CR03,26/03/2025,"March 27, 2025",2025-03-27,30.9,,On-time
SH001424,W01,ST05,CR01,"March 28, 2025","March 29, 2025",29/03/2025,28.2,1835.53,On-time
SH001425,W01,ST05,CR03,2025-03-30,"March 31, 2025",31/03/2025,15.7,1619.14,On-time
SH001426,W03,ST05,CR05,01/04/2025,03/04/2025,04/04/2025,210.3,10805.21,Delayed
SH001427,W01,ST05,CR02,2025-04-02,2025-04-03,06/04/2025,14.0,824.24,Delayed
SH001428,W01,ST05,CR05,"April 4, 2025",2025-04-05,05/04/2025,30.4,1956.87,On-time
SH001429,W01,ST05,CR03,"April 6, 2025","April 7, 2025",2025-04-07,11.6,841.63,On-time
SH001430,W01,ST05,CR04,"April 8, 2025",09/04/2025,11/04/2025,17.7,1325.3,Delayed
SH001431,W01,ST05,CR01,2025-04-10,"April 11, 2025","April 11, 2025",26.3,2034.24,On-time
SH001432,W01,ST05,CR01,"April 12, 2025",13/04/2025,"April 13, 2025",15.2,1035.16,On-time
SH001433,W01,ST05,CR05,14/04/2025,"April 15, 2025",2025-04-15,8.4,,On-time
SH001434,W01,ST05,CR03,2025-04-16,"April 17, 2025","April 17, 2025",10.4,1087.51,On-time
SH001435,W01,ST05,CR02,2025-04-18,2025-04-19,"April 19, 2025",12.3,737.58,On-time
SH001436,W01,ST05,CR03,19/04/2025,20/04/2025,2025-04-20,19.8,1185.0,On-time
SH001437,W01,ST05,CR03,21/04/2025,2025-04-22,22/04/2025,19.8,1490.28,On-time
SH001438,W02,ST05,CR05,23/04/2025,25/04/2025,2025-04-25,221.4,8144.66,On-time
SH001439,W01,ST05,CR04,2025-04-25,26/04/2025,"April 30, 2025",14.8,1130.54,Delayed
SH001440,W01,ST05,CR01,"April 26, 2025",27/04/2025,2025-04-27,21.3,1530.94,On-time
SH001441,W01,ST05,CR02,28/04/2025,2025-04-29,29/04/2025,29.7,1757.14,On-time
SH001442,W01,ST05,CR03,29/04/2025,2025-04-30,01/05/2025,7.5,1060.91,Delayed
SH001443,W01,ST05,CR05,2025-05-01,"May 2, 2025",2025-05-02,8.9,609.68,On-time
SH001444,W01,ST05,CR05,2025-05-02,2025-05-03,"May 3, 2025",13.3,976.07,On-time
SH001445,W03,ST05,CR03,03/05/2025,05/05/2025,"May 9, 2025",210.3,9611.69,Delayed
SH001446,W02,ST05,CR03,2025-05-06,2025-05-08,08/05/2025,221.4,10962.52,On-time
SH001447,W01,ST05,CR05,"May 7, 2025",08/05/2025,2025-05-08,21.1,2230.6,On-time
SH001448,W01,ST05,CR01,2025-05-09,2025-05-10,2025-05-10,21.9,1209.72,On-time
SH001449,W01,ST05,CR05,2025-05-10,2025-05-11,"May 11, 2025",19.6,1260.94,On-time
SH001450,W01,ST05,CR05,2025-05-12,2025-05-13,16/05/2025,19.9,1104.84,Delayed
SH001451,W01,ST05,CR05,13/05/2025,14/05/2025,2025-05-14,31.8,1999.62,On-time
SH001452,W01,ST05,CR01,15/05/2025,16/05/2025,"May 16, 2025",28.5,1806.11,On-time
SH001453,W01,ST05,CR04,"May 17, 2025",18/05/2025,2025-05-21,9.7,733.01,Delayed
SH001454,W01,ST05,CR01,"May 18, 2025",2025-05-19,2025-05-19,25.3,1750.66,On-time
SH001455,W02,ST05,CR04,"May 20, 2025",22/05/2025,"May 25, 2025",221.4,11132.86,Delayed
SH001456,W01,ST05,CR02,2025-05-22,"May 23, 2025",23/05/2025,16.2,1493.75,On-time
SH001457,W01,ST05,CR01,2025-05-23,2025-05-24,2025-05-24,24.6,1631.73,On-time
SH001458,W01,ST05,CR05,25/05/2025,"May 26, 2025","May 26, 2025",13.5,1481.14,On-time
SH001459,W01,ST05,CR05,2025-05-27,28/05/2025,"May 28, 2025",22.1,1529.96,On-time
SH001460,W01,ST05,CR01,29/05/2025,2025-05-30,30/05/2025,33.8,2616.45,On-time
SH001461,W01,ST05,CR05,"May 31, 2025","June 1, 2025",2025-06-01,12.2,991.62,On-time
SH001462,W01,ST05,CR01,01/06/2025,"June 2, 2025","June 2, 2025",32.9,1934.49,On-time
SH001463,W01,ST05,CR05,2025-06-03,"June 4, 2025","June 4, 2025",25.9,1662.3,On-time
SH001464,W01,ST05,CR03,"June 6, 2025",2025-06-07,10/06/2025,23.5,1484.61,Delayed
SH001465,W01,ST05,CR05,"June 8, 2025",2025-06-09,"June 9, 2025",7.1,1015.85,On-time
SH001466,W02,ST05,CR02,10/06/2025,"June 12, 2025",2025-06-15,221.4,9938.2,Delayed
SH001467,W01,ST05,CR01,2025-06-11,12/06/2025,2025-06-12,16.7,1272.67,On-time
SH001468,W01,ST05,CR03,13/06/2025,"June 14, 2025",14/06/2025,21.2,1284.34,On-time
SH001469,W01,ST05,CR05,"June 15, 2025",16/06/2025,2025-06-17,19.5,1300.73,Delayed
SH001470,W01,ST05,CR01,2025-06-17,2025-06-18,"June 18, 2025",34.4,1776.72,On-time
SH001471,W01,ST05,CR04,18/06/2025,"June 19, 2025",21/06/2025,10.9,977.04,Delayed
SH001472,W01,ST05,CR02,20/06/2025,"June 21, 2025",23/06/2025,33.2,2088.93,Delayed
SH001473,W01,ST05,CR03,22/06/2025,23/06/2025,25/06/2025,30.0,1899.36,Delayed
SH001474,W03,ST05,CR01,24/06/2025,2025-06-26,2025-06-30,210.3,9797.62,Delayed
SH001475,W01,ST05,CR04,2025-06-25,26/06/2025,2025-06-29,8.8,631.44,Delayed
SH001476,W01,ST05,CR01,2025-06-28,2025-06-29,"July 1, 2025",8.7,768.44,Delayed
SH001477,W01,ST05,CR01,"June 30, 2025",2025-07-01,"July 1, 2025",30.6,2260.51,On-time
SH001478,W01,ST05,CR03,01/07/2025,2025-07-02,2025-07-02,30.6,1804.92,On-time
SH001479,W01,ST05,CR01,"July 3, 2025",2025-07-04,"July 6, 2025",32.5,,Delayed
SH001480,W01,ST05,CR01,05/07/2025,"July 6, 2025",2025-07-06,13.1,1094.37,On-time
SH001481,W01,ST05,CR03,"July 7, 2025",2025-07-08,"July 8, 2025",14.7,1033.5,On-time
SH001482,W01,ST05,CR05,2025-07-09,10/07/2025,"July 10, 2025",29.0,1682.49,On-time
SH001483,W01,ST05,CR02,"July 11, 2025",2025-07-12,"July 12, 2025",20.2,1612.59,On-time
SH001484,W03,ST05,CR03,2025-07-13,"July 15, 2025",15/07/2025,210.3,8663.45,On-time
SH001485,W01,ST05,CR03,15/07/2025,"July 16, 2025","July 16, 2025",8.1,613.63,On-time
SH001486,W01,ST05,CR03,"July 16, 2025",17/07/2025,"July 17, 2025",13.7,971.78,On-time
SH001487,W02,ST05,CR03,18/07/2025,"July 20, 2025","July 21, 2025",221.4,,Delayed
SH001488,W01,ST05,CR02,2025-07-20,2025-07-21,2025-07-21,24.0,1466.63,On-time
SH001489,W01,ST05,CR01,"July 21, 2025",22/07/2025,2025-07-24,19.8,1572.53,Delayed
SH001490,W01,ST05,CR05,2025-07-23,24/07/2025,24/07/2025,9.2,986.29,On-time
SH001491,W01,ST05,CR04,25/07/2025,2025-07-26,26/07/2025,16.0,1089.47,On-time
SH001492,W01,ST05,CR05,"July 27, 2025",28/07/2025,2025-07-31,12.8,977.32,Delayed
SH001493,W01,ST05,CR05,"July 29, 2025",2025-07-30,"August 3, 2025",25.9,1835.89,Delayed
SH001494,W01,ST05,CR03,2025-07-31,2025-08-01,2025-08-01,19.8,1296.83,On-time
SH001495,W01,ST05,CR03,02/08/2025,2025-08-03,"August 3, 2025",8.7,784.0,On-time
SH001496,W03,ST05,CR05,03/08/2025,05/08/2025,2025-08-08,210.3,8795.28,Delayed
SH001497,W01,ST05,CR01,2025-08-05,2025-08-06,"August 6, 2025",15.4,1110.22,On-time
SH001498,W01,ST05,CR02,2025-08-07,"August 8, 2025",2025-08-08,29.9,1777.55,On-time
SH001499,W01,ST05,CR03,2025-08-09,2025-08-10,"August 12, 2025",17.3,1629.57,Delayed
SH001500,W01,ST05,CR01,"August 11, 2025",2025-08-12,"August 12, 2025",24.7,1771.76,On-time
SH001501,W01,ST05,CR01,14/08/2025,"August 15, 2025",2025-08-15,18.5,1569.6,On-time
SH001502,W01,ST05,CR04,2025-08-16,"August 17, 2025",2025-08-17,18.7,1135.6,On-time
SH001503,W01,ST05,CR01,18/08/2025,19/08/2025,2025-08-19,24.0,1341.02,On-time
SH001504,W01,ST05,CR03,"August 20, 2025",21/08/2025,"August 21, 2025",18.9,,On-time
SH001505,W01,ST05,CR01,"August 21, 2025",22/08/2025,"August 22, 2025",16.7,1250.81,On-time
SH001506,W01,ST05,CR05,23/08/2025,2025-08-24,"August 24, 2025",23.4,1645.38,On-time
SH001507,W01,ST05,CR01,25/08/2025,2025-08-26,"August 26, 2025",21.4,1686.16,On-time
SH001508,W01,ST05,CR03,"August 26, 2025",2025-08-27,2025-08-27,12.5,935.95,On-time
SH001509,W01,ST05,CR03,"August 28, 2025",29/08/2025,2025-09-02,32.2,1791.23,Delayed
SH001510,W01,ST05,CR01,"August 29, 2025",2025-08-30,30/08/2025,34.0,1922.22,On-time
SH001511,W01,ST05,CR01,31/08/2025,"September 1, 2025",02/09/2025,19.4,1105.43,Delayed
SH001512,W01,ST05,CR02,02/09/2025,2025-09-03,03/09/2025,24.5,1766.32,On-time
SH001513,W01,ST05,CR05,"September 4, 2025",2025-09-05,2025-09-05,13.3,1072.96,On-time
SH001514,W01,ST05,CR01,"September 5, 2025","September 6, 2025",06/09/2025,21.2,,On-time
SH001515,W01,ST05,CR05,06/09/2025,"September 7, 2025","September 7, 2025",14.1,921.94,Damaged
SH001516,W01,ST05,CR01,2025-09-08,2025-09-09,2025-09-10,26.9,1626.95,Delayed
SH001517,W01,ST05,CR05,10/09/2025,"September 11, 2025",11/09/2025,19.8,1101.28,On-time
SH001518,W01,ST05,CR01,12/09/2025,13/09/2025,2025-09-13,9.5,901.12,On-time
SH001519,W01,ST05,CR03,14/09/2025,2025-09-15,15/09/2025,18.2,1124.51,On-time
SH001520,W01,ST05,CR05,16/09/2025,17/09/2025,2025-09-17,16.2,1089.13,On-time
SH001521,W01,ST05,CR05,2025-09-17,2025-09-18,2025-09-18,33.3,1807.85,On-time
SH001522,W01,ST05,CR02,19/09/2025,"September 20, 2025",24/09/2025,12.6,1677.5,Delayed
SH001523,W01,ST05,CR03,21/09/2025,2025-09-22,"September 22, 2025",16.8,,On-time
SH001524,W01,ST05,CR03,2025-09-23,2025-09-24,"September 28, 2025",21.9,1242.59,Delayed
SH001525,W01,ST05,CR01,24/09/2025,2025-09-25,27/09/2025,13.4,1008.72,Delayed
SH001526,W01,ST05,CR02,2025-09-26,"September 27, 2025",01/10/2025,10.9,849.03,Delayed
SH001527,W01,ST05,CR01,2025-09-27,28/09/2025,28/09/2025,34.5,2090.88,On-time
SH001528,W02,ST05,CR02,"September 29, 2025",2025-10-01,01/10/2025,221.4,11019.95,On-time
SH001529,W01,ST05,CR03,"October 1, 2025","October 2, 2025",02/10/2025,27.4,1520.46,On-time
SH001530,W01,ST05,CR02,"October 3, 2025",2025-10-04,"October 4, 2025",27.8,1890.94,On-time
SH001531,W01,ST05,CR02,05/10/2025,"October 6, 2025","October 6, 2025",23.3,1511.88,On-time
SH001532,W01,ST05,CR02,"October 6, 2025",07/10/2025,"October 7, 2025",26.4,2130.84,On-time
SH001533,W01,ST05,CR04,08/10/2025,2025-10-09,"October 9, 2025",13.6,1165.53,On-time
SH001534,W01,ST05,CR04,"October 10, 2025",11/10/2025,"October 11, 2025",30.2,1696.0,On-time
SH001535,W01,ST05,CR04,12/10/2025,"October 13, 2025",13/10/2025,34.3,2231.7,On-time
SH001536,W03,ST05,CR05,"October 13, 2025","October 15, 2025","October 15, 2025",210.3,11074.94,On-time
SH001537,W01,ST05,CR03,"October 15, 2025",2025-10-16,"October 16, 2025",8.5,673.43,On-time
SH001538,W01,ST05,CR02,2025-10-16,"October 17, 2025",17/10/2025,12.7,1092.67,On-time
SH001539,W01,ST05,CR03,2025-10-18,"October 19, 2025",2025-10-19,33.6,1847.72,On-time
SH001540,W01,ST05,CR04,2025-10-19,"October 20, 2025",2025-10-20,27.9,1416.75,On-time
SH001541,W01,ST05,CR03,2025-10-21,2025-10-22,"October 22, 2025",26.5,1413.08,On-time
SH001542,W01,ST05,CR04,23/10/2025,24/10/2025,26/10/2025,14.7,877.89,Delayed
SH001543,W01,ST05,CR03,24/10/2025,2025-10-25,25/10/2025,14.2,991.92,On-time
SH001544,W01,ST05,CR01,26/10/2025,"October 27, 2025","October 27, 2025",8.5,813.34,On-time
SH001545,W01,ST05,CR01,2025-10-28,29/10/2025,2025-10-29,31.7,1993.06,On-time
SH001546,W01,ST05,CR05,2025-10-29,"October 30, 2025",2025-10-30,16.8,1119.74,On-time
SH001547,W02,ST05,CR04,31/10/2025,2025-11-02,2025-11-02,137.6,8880.54,On-time
SH001548,W01,ST05,CR02,2025-11-01,2025-11-02,2025-11-02,25.5,1335.49,On-time
SH001549,W01,ST05,CR01,"November 2, 2025","November 3, 2025","November 3, 2025",18.0,1431.2,On-time
SH001550,W01,ST05,CR02,2025-11-04,05/11/2025,"November 5, 2025",10.0,783.62,On-time
SH001551,W01,ST05,CR04,06/11/2025,"November 7, 2025",07/11/2025,11.6,1366.45,On-time
SH001552,W03,ST05,CR02,08/11/2025,"November 10, 2025",14/11/2025,210.3,10062.59,Delayed
SH001553,W01,ST05,CR03,2025-11-10,2025-11-11,2025-11-11,22.1,1859.86,On-time
SH001554,W01,ST05,CR02,11/11/2025,2025-11-12,"November 12, 2025",14.5,1223.58,On-time
SH001555,W01,ST05,CR05,"November 13, 2025",14/11/2025,2025-11-14,20.5,1463.67,On-time
SH001556,W01,ST05,CR01,"November 14, 2025",2025-11-15,2025-11-15,8.6,907.04,On-time
SH001557,W01,ST05,CR03,2025-11-16,17/11/2025,17/11/2025,21.7,1176.18,On-time
SH001558,W01,ST05,CR01,18/11/2025,19/11/2025,"November 19, 2025",24.8,1609.82,On-time
SH001559,W01,ST05,CR05,19/11/2025,2025-11-20,20/11/2025,22.9,1884.57,On-time
SH001560,W01,ST05,CR03,2025-11-21,22/11/2025,22/11/2025,31.6,1994.7,On-time
SH001561,W01,ST05,CR05,2025-11-23,24/11/2025,24/11/2025,9.8,933.59,On-time
SH001562,W01,ST05,CR01,25/11/2025,2025-11-26,2025-11-26,22.9,1471.5,On-time
SH001563,W01,ST05,CR02,2025-11-27,"November 28, 2025","November 28, 2025",9.8,1037.41,On-time
SH001564,W01,ST05,CR02,29/11/2025,30/11/2025,30/11/2025,19.5,1377.03,On-time
SH001565,W01,ST05,CR03,01/12/2025,02/12/2025,02/12/2025,19.1,1284.88,On-time
SH001566,W01,ST05,CR01,02/12/2025,03/12/2025,"December 3, 2025",21.3,1358.75,On-time
SH001567,W01,ST05,CR05,2025-12-04,"December 5, 2025",05/12/2025,15.8,1134.48,On-time
SH001568,W01,ST05,CR02,2025-12-06,07/12/2025,"December 7, 2025",7.3,983.94,On-time
SH001569,W01,ST05,CR03,08/12/2025,09/12/2025,2025-12-09,8.6,815.39,On-time
SH001570,W01,ST05,CR05,"December 10, 2025","December 11, 2025",2025-12-11,24.5,1443.3,On-time
SH001571,W02,ST05,CR01,2025-12-13,15/12/2025,15/12/2025,221.4,8902.95,On-time
SH001572,W01,ST05,CR03,"December 15, 2025","December 16, 2025","December 19, 2025",18.8,1380.18,Delayed
SH001573,W01,ST05,CR03,2025-12-17,2025-12-18,2025-12-18,18.1,1172.58,On-time
SH001574,W01,ST05,CR03,19/12/2025,2025-12-20,2025-12-20,12.4,962.76,On-time
SH001575,W01,ST05,CR02,"December 21, 2025",2025-12-22,2025-12-22,8.8,815.73,On-time
SH001576,W01,ST05,CR05,"December 23, 2025",24/12/2025,2025-12-25,14.8,842.63,Delayed
SH001577,W01,ST05,CR04,"December 25, 2025",26/12/2025,2025-12-30,26.7,1650.69,Delayed
SH001578,W01,ST05,CR01,2025-12-27,28/12/2025,29/12/2025,7.5,1079.78,Delayed
SH001579,W01,ST05,CR02,2025-12-29,"December 30, 2025",2025-12-30,17.6,1194.23,On-time
SH001580,W01,ST05,CR05,31/12/2025,01/01/2026,,26.6,1699.11,In-Transit
SH001581,W01,ST06,CR03,03/01/2024,"January 4, 2024",2024-01-07,123.3,6117.84,Delayed
SH001582,W01,ST06,CR04,"January 5, 2024",2024-01-06,"January 6, 2024",123.3,6498.04,On-time
SH001583,W01,ST06,CR03,2024-01-07,2024-01-08,2024-01-08,123.3,5643.65,On-time
SH001584,W01,ST06,CR03,09/01/2024,2024-01-10,2024-01-10,123.3,5677.92,On-time
SH001585,W01,ST06,CR01,"January 11, 2024","January 12, 2024",2024-01-12,123.3,7973.63,On-time
SH001586,W01,ST06,CR02,13/01/2024,14/01/2024,14/01/2024,123.3,6574.44,On-time
SH001587,W01,ST06,CR05,16/01/2024,2024-01-17,"January 17, 2024",76.6,5749.92,On-time
SH001588,W01,ST06,CR05,"January 18, 2024","January 19, 2024","January 19, 2024",123.3,5057.07,On-time
SH001589,W01,ST06,CR03,"January 21, 2024","January 22, 2024",2024-01-24,123.3,,Delayed
SH001590,W01,ST06,CR01,24/01/2024,25/01/2024,25/01/2024,123.3,5437.74,On-time
SH001591,W01,ST06,CR02,26/01/2024,"January 27, 2024",2024-01-27,123.3,7040.4,On-time
SH001592,W01,ST06,CR05,29/01/2024,30/01/2024,30/01/2024,123.3,,On-time
SH001593,W01,ST06,CR01,"February 1, 2024",02/02/2024,2024-02-02,123.3,6320.75,On-time
SH001594,W01,ST06,CR03,2024-02-03,04/02/2024,"February 4, 2024",123.3,6675.87,On-time
SH001595,W01,ST06,CR02,05/02/2024,"February 6, 2024",06/02/2024,76.6,6440.75,On-time
SH001596,W01,ST06,CR03,"February 7, 2024",2024-02-08,2024-02-08,123.3,5586.87,On-time
SH001597,W03,ST06,CR01,"February 10, 2024",2024-02-12,12/02/2024,270.1,14879.47,On-time
SH001598,W01,ST06,CR01,2024-02-13,"February 14, 2024",14/02/2024,123.3,7359.12,On-time
SH001599,W03,ST06,CR03,2024-02-15,2024-02-17,"February 20, 2024",270.1,13875.6,Delayed
SH001600,W02,ST06,CR05,2024-02-18,"February 20, 2024",2024-02-20,161.0,8058.61,On-time
SH001601,W01,ST06,CR05,"February 20, 2024",2024-02-21,21/02/2024,123.3,7516.67,On-time
SH001602,W01,ST06,CR05,"February 23, 2024",24/02/2024,"February 24, 2024",123.3,6818.98,On-time
SH001603,W01,ST06,CR05,2024-02-26,27/02/2024,"February 27, 2024",123.3,5296.57,Damaged
SH001604,W01,ST06,CR01,2024-02-29,01/03/2024,01/03/2024,123.3,6664.77,On-time
SH001605,W01,ST06,CR05,2024-03-03,04/03/2024,2024-03-04,123.3,7902.33,Damaged
SH001606,W01,ST06,CR01,06/03/2024,2024-03-07,"March 7, 2024",123.3,7236.92,On-time
SH001607,W02,ST06,CR01,2024-03-08,2024-03-10,10/03/2024,100.1,7461.08,On-time
SH001608,W01,ST06,CR02,"March 10, 2024",11/03/2024,11/03/2024,123.3,5869.36,On-time
SH001609,W01,ST06,CR03,12/03/2024,"March 13, 2024",13/03/2024,123.3,6766.03,On-time
SH001610,W01,ST06,CR03,2024-03-15,2024-03-16,2024-03-16,76.6,4776.52,On-time
SH001611,W01,ST06,CR01,2024-03-18,19/03/2024,2024-03-19,123.3,7079.83,On-time
SH001612,W02,ST06,CR05,2024-03-21,"March 23, 2024","March 23, 2024",161.0,7967.15,On-time
SH001613,W01,ST06,CR02,2024-03-23,"March 24, 2024","March 24, 2024",123.3,6520.07,On-time
SH001614,W02,ST06,CR01,25/03/2024,"March 27, 2024",27/03/2024,161.0,8849.29,On-time
SH001615,W01,ST06,CR02,2024-03-28,"March 29, 2024",29/03/2024,123.3,6623.34,Lost
SH001616,W01,ST06,CR05,30/03/2024,31/03/2024,"March 31, 2024",123.3,5258.21,On-time
SH001617,W03,ST06,CR03,"April 1, 2024",2024-04-03,03/04/2024,270.1,10887.33,On-time
SH001618,W01,ST06,CR04,2024-04-04,"April 5, 2024",05/04/2024,76.6,6529.55,On-time
SH001619,W01,ST06,CR05,2024-04-06,2024-04-07,"April 7, 2024",123.3,8046.0,On-time
SH001620,W03,ST06,CR01,08/04/2024,"April 10, 2024",13/04/2024,270.1,16702.32,Delayed
SH001621,W01,ST06,CR04,2024-04-11,12/04/2024,12/04/2024,123.3,7187.66,On-time
SH001622,W01,ST06,CR01,"April 13, 2024",14/04/2024,"April 17, 2024",123.3,6362.22,Delayed
SH001623,W02,ST06,CR03,"April 15, 2024","April 17, 2024","April 17, 2024",100.1,7454.02,On-time
SH001624,W01,ST06,CR02,17/04/2024,"April 18, 2024","April 18, 2024",123.3,5380.41,On-time
SH001625,W01,ST06,CR05,2024-04-20,2024-04-21,"April 21, 2024",123.3,6197.82,On-time
SH001626,W01,ST06,CR02,2024-04-22,2024-04-23,23/04/2024,123.3,5314.85,On-time
SH001627,W01,ST06,CR02,2024-04-25,"April 26, 2024","April 26, 2024",76.6,5585.01,Damaged
SH001628,W01,ST06,CR05,28/04/2024,29/04/2024,2024-04-29,123.3,6576.41,On-time
SH001629,W01,ST06,CR03,2024-05-01,"May 2, 2024",2024-05-02,76.6,7166.5,On-time
SH001630,W01,ST06,CR02,2024-05-04,"May 5, 2024",05/05/2024,123.3,7215.65,On-time
SH001631,W01,ST06,CR04,"May 6, 2024",2024-05-07,2024-05-08,123.3,6299.39,Delayed
SH001632,W02,ST06,CR02,"May 9, 2024","May 11, 2024","May 11, 2024",161.0,7258.78,On-time
SH001633,W01,ST06,CR03,11/05/2024,2024-05-12,2024-05-12,123.3,6442.74,On-time
SH001634,W01,ST06,CR03,"May 13, 2024",2024-05-14,"May 14, 2024",123.3,7766.83,On-time
SH001635,W01,ST06,CR04,2024-05-15,16/05/2024,19/05/2024,123.3,5163.8,Delayed
SH001636,W03,ST06,CR02,18/05/2024,"May 20, 2024",2024-05-23,270.1,11831.16,Delayed
SH001637,W01,ST06,CR01,"May 21, 2024",2024-05-22,2024-05-22,123.3,7275.19,On-time
SH001638,W01,ST06,CR02,"May 24, 2024","May 25, 2024",25/05/2024,76.6,5734.92,On-time
SH001639,W01,ST06,CR02,2024-05-26,2024-05-27,2024-05-31,123.3,5406.72,Delayed
SH001640,W01,ST06,CR05,28/05/2024,2024-05-29,29/05/2024,76.6,6651.28,On-time
SH001641,W02,ST06,CR02,30/05/2024,"June 1, 2024","June 1, 2024",161.0,,On-time
SH001642,W01,ST06,CR02,2024-06-01,"June 2, 2024",2024-06-02,123.3,4534.16,On-time
SH001643,W01,ST06,CR01,2024-06-03,2024-06-04,2024-06-06,123.3,5304.33,Delayed
SH001644,W01,ST06,CR04,2024-06-05,"June 6, 2024",06/06/2024,76.6,7466.92,On-time
SH001645,W01,ST06,CR05,2024-06-08,2024-06-09,13/06/2024,123.3,6838.77,Delayed
SH001646,W02,ST06,CR05,10/06/2024,2024-06-12,2024-06-12,161.0,6611.79,On-time
SH001647,W01,ST06,CR01,"June 12, 2024","June 13, 2024","June 15, 2024",123.3,5298.75,Delayed
SH001648,W01,ST06,CR02,"June 14, 2024",2024-06-15,19/06/2024,76.6,7532.97,Delayed
SH001649,W01,ST06,CR03,"June 16, 2024",17/06/2024,"June 17, 2024",123.3,5655.34,On-time
SH001650,W01,ST06,CR02,19/06/2024,"June 20, 2024","June 22, 2024",123.3,6297.29,Delayed
SH001651,W01,ST06,CR04,2024-06-21,22/06/2024,2024-06-22,123.3,5859.55,Lost
SH001652,W01,ST06,CR05,23/06/2024,"June 24, 2024",2024-06-24,123.3,5666.05,On-time
SH001653,W01,ST06,CR05,2024-06-25,2024-06-26,26/06/2024,123.3,6190.51,On-time
SH001654,W01,ST06,CR03,"June 27, 2024",28/06/2024,"June 28, 2024",123.3,,On-time
SH001655,W01,ST06,CR02,30/06/2024,2024-07-01,01/07/2024,123.3,5867.55,On-time
SH001656,W01,ST06,CR05,02/07/2024,03/07/2024,03/07/2024,123.3,7754.09,On-time
SH001657,W01,ST06,CR03,"July 5, 2024",2024-07-06,2024-07-06,123.3,5272.66,On-time
SH001658,W01,ST06,CR04,08/07/2024,"July 9, 2024","July 9, 2024",123.3,5998.14,On-time
SH001659,W01,ST06,CR04,"July 11, 2024",12/07/2024,"July 12, 2024",123.3,5967.67,On-time
SH001660,W01,ST06,CR03,"July 14, 2024",2024-07-15,15/07/2024,123.3,6343.9,On-time
SH001661,W01,ST06,CR02,2024-07-17,2024-07-18,2024-07-18,123.3,7739.93,On-time
SH001662,W01,ST06,CR01,2024-07-20,21/07/2024,21/07/2024,76.6,5035.79,On-time
SH001663,W01,ST06,CR04,23/07/2024,2024-07-24,"July 28, 2024",76.6,5052.1,Delayed
SH001664,W01,ST06,CR02,25/07/2024,"July 26, 2024",27/07/2024,123.3,5999.13,Delayed
SH001665,W01,ST06,CR01,28/07/2024,2024-07-29,29/07/2024,76.6,6059.13,On-time
SH001666,W01,ST06,CR04,30/07/2024,2024-07-31,2024-08-03,123.3,7549.56,Damaged
SH001667,W02,ST06,CR01,2024-08-02,2024-08-04,2024-08-04,161.0,9174.36,Lost
SH001668,W01,ST06,CR02,2024-08-05,"August 6, 2024",2024-08-06,123.3,5378.58,On-time
SH001669,W01,ST06,CR03,07/08/2024,08/08/2024,2024-08-08,123.3,4830.82,On-time
SH001670,W01,ST06,CR02,"August 10, 2024",2024-08-11,"August 11, 2024",123.3,6120.21,On-time
SH001671,W01,ST06,CR05,2024-08-12,2024-08-13,2024-08-13,123.3,5915.39,On-time
SH001672,W02,ST06,CR02,2024-08-15,"August 17, 2024",2024-08-19,161.0,8526.12,Delayed
SH001673,W01,ST06,CR03,"August 17, 2024","August 18, 2024","August 18, 2024",123.3,6635.03,On-time
SH001674,W01,ST06,CR01,19/08/2024,20/08/2024,"August 20, 2024",123.3,4858.09,On-time
SH001675,W01,ST06,CR02,"August 22, 2024",23/08/2024,2024-08-23,123.3,6975.51,On-time
SH001676,W01,ST06,CR02,2024-08-24,25/08/2024,2024-08-25,123.3,6135.42,On-time
SH001677,W01,ST06,CR04,2024-08-26,27/08/2024,2024-08-30,123.3,5221.35,Delayed
SH001678,W01,ST06,CR05,"August 28, 2024",29/08/2024,29/08/2024,123.3,7078.55,On-time
SH001679,W03,ST06,CR05,30/08/2024,01/09/2024,"September 1, 2024",270.1,12133.84,On-time
SH001680,W01,ST06,CR03,"September 1, 2024",2024-09-02,2024-09-02,123.3,4584.44,On-time
SH001681,W01,ST06,CR05,2024-09-04,"September 5, 2024",2024-09-05,76.6,7517.15,On-time
SH001682,W01,ST06,CR03,2024-09-06,07/09/2024,"September 7, 2024",123.3,7799.1,On-time
SH001683,W01,ST06,CR04,09/09/2024,10/09/2024,2024-09-10,123.3,5849.99,On-time
SH001684,W01,ST06,CR01,12/09/2024,2024-09-13,"September 15, 2024",123.3,7624.55,Delayed
SH001685,W01,ST06,CR05,14/09/2024,"September 15, 2024","September 15, 2024",123.3,6743.94,On-time
SH001686,W01,ST06,CR02,17/09/2024,"September 18, 2024","September 22, 2024",123.3,7383.75,Delayed
SH001687,W01,ST06,CR03,20/09/2024,"September 21, 2024",2024-09-21,123.3,7260.61,On-time
SH001688,W01,ST06,CR02,23/09/2024,2024-09-24,24/09/2024,123.3,6788.08,On-time
SH001689,W02,ST06,CR03,26/09/2024,28/09/2024,"September 28, 2024",100.1,6748.09,On-time
SH001690,W03,ST06,CR01,28/09/2024,2024-09-30,"October 1, 2024",270.1,12399.81,Delayed
SH001691,W01,ST06,CR04,2024-09-30,01/10/2024,01/10/2024,123.3,7081.83,On-time
SH001692,W01,ST06,CR02,"October 3, 2024","October 4, 2024","October 4, 2024",123.3,5613.8,On-time
SH001693,W01,ST06,CR05,05/10/2024,06/10/2024,"October 6, 2024",123.3,6470.79,On-time
SH001694,W01,ST06,CR01,2024-10-07,2024-10-08,09/10/2024,76.6,6043.31,Delayed
SH001695,W01,ST06,CR01,10/10/2024,2024-10-11,11/10/2024,123.3,7936.98,On-time
SH001696,W01,ST06,CR05,2024-10-13,14/10/2024,"October 14, 2024",123.3,6333.55,On-time
SH001697,W01,ST06,CR04,"October 16, 2024",2024-10-17,"October 20, 2024",123.3,5363.84,Delayed
SH001698,W01,ST06,CR03,18/10/2024,19/10/2024,2024-10-19,123.3,5687.08,On-time
SH001699,W01,ST06,CR04,2024-10-20,"October 21, 2024","October 21, 2024",76.6,4939.26,On-time
SH001700,W01,ST06,CR03,"October 22, 2024",2024-10-23,2024-10-23,123.3,6962.57,On-time
SH001701,W01,ST06,CR05,25/10/2024,26/10/2024,"October 26, 2024",76.6,6182.77,On-time
SH001702,W01,ST06,CR02,"October 28, 2024",2024-10-29,"October 29, 2024",123.3,6987.23,On-time
SH001703,W01,ST06,CR04,2024-10-31,"November 1, 2024",2024-11-01,123.3,6375.55,On-time
SH001704,W01,ST06,CR01,"November 2, 2024",03/11/2024,"November 3, 2024",76.6,6758.84,On-time
SH001705,W01,ST06,CR05,"November 5, 2024","November 6, 2024",06/11/2024,123.3,7417.13,On-time
SH001706,W01,ST06,CR05,08/11/2024,"November 9, 2024","November 9, 2024",123.3,6679.07,On-time
SH001707,W01,ST06,CR02,2024-11-10,"November 11, 2024",11/11/2024,123.3,5458.03,On-time
SH001708,W01,ST06,CR05,13/11/2024,2024-11-14,2024-11-14,123.3,7081.82,On-time
SH001709,W01,ST06,CR03,"November 14, 2024","November 15, 2024",15/11/2024,123.3,6110.67,On-time
SH001710,W01,ST06,CR02,16/11/2024,2024-11-17,17/11/2024,123.3,5987.58,On-time
SH001711,W01,ST06,CR04,18/11/2024,"November 19, 2024","November 22, 2024",123.3,4977.75,Delayed
SH001712,W01,ST06,CR01,20/11/2024,21/11/2024,"November 21, 2024",123.3,5542.08,On-time
SH001713,W01,ST06,CR01,2024-11-22,2024-11-23,23/11/2024,123.3,7171.36,On-time
SH001714,W01,ST06,CR05,24/11/2024,2024-11-25,2024-11-25,123.3,6370.51,On-time
SH001715,W01,ST06,CR02,"November 26, 2024",27/11/2024,2024-11-27,76.6,7405.52,On-time
SH001716,W01,ST06,CR05,"November 29, 2024",2024-11-30,01/12/2024,123.3,6803.35,Delayed
SH001717,W01,ST06,CR05,2024-12-02,03/12/2024,03/12/2024,123.3,5378.95,On-time
SH001718,W01,ST06,CR05,"December 4, 2024",2024-12-05,"December 5, 2024",123.3,6529.04,On-time
SH001719,W01,ST06,CR01,2024-12-05,"December 6, 2024",06/12/2024,123.3,6106.95,On-time
SH001720,W01,ST06,CR03,"December 8, 2024",2024-12-09,2024-12-09,123.3,6481.0,On-time
SH001721,W01,ST06,CR02,"December 10, 2024",11/12/2024,"December 11, 2024",123.3,4902.71,On-time
SH001722,W01,ST06,CR01,12/12/2024,"December 13, 2024",13/12/2024,123.3,6589.83,On-time
SH001723,W01,ST06,CR02,15/12/2024,2024-12-16,2024-12-16,123.3,5474.43,On-time
SH001724,W02,ST06,CR01,"December 18, 2024",2024-12-20,2024-12-20,161.0,8894.43,On-time
SH001725,W01,ST06,CR02,21/12/2024,2024-12-22,"December 22, 2024",123.3,6493.07,On-time
SH001726,W03,ST06,CR05,23/12/2024,2024-12-25,2024-12-25,270.1,15218.57,On-time
SH001727,W01,ST06,CR04,2024-12-26,"December 27, 2024",2024-12-27,76.6,7458.79,On-time
SH001728,W01,ST06,CR01,29/12/2024,2024-12-30,2024-12-30,123.3,5211.03,On-time
SH001729,W01,ST06,CR03,2024-12-31,2025-01-01,"January 1, 2025",123.3,7570.71,On-time
SH001730,W01,ST06,CR04,"January 3, 2025",04/01/2025,06/01/2025,123.3,5938.79,Delayed
SH001731,W01,ST06,CR02,2025-01-05,06/01/2025,2025-01-06,76.6,6834.78,On-time
SH001732,W01,ST06,CR05,"January 8, 2025",09/01/2025,2025-01-09,123.3,6067.6,On-time
SH001733,W03,ST06,CR02,10/01/2025,2025-01-12,2025-01-12,270.1,16473.82,On-time
SH001734,W01,ST06,CR03,"January 12, 2025","January 13, 2025",13/01/2025,123.3,5380.67,On-time
SH001735,W01,ST06,CR02,15/01/2025,2025-01-16,2025-01-16,123.3,7007.7,On-time
SH001736,W01,ST06,CR04,17/01/2025,2025-01-18,"January 19, 2025",123.3,6600.81,Delayed
SH001737,W01,ST06,CR01,"January 20, 2025",21/01/2025,"January 21, 2025",123.3,5412.87,On-time
SH001738,W01,ST06,CR01,2025-01-22,2025-01-23,2025-01-23,123.3,7587.78,On-time
SH001739,W01,ST06,CR03,24/01/2025,"January 25, 2025","January 25, 2025",123.3,,On-time
SH001740,W01,ST06,CR01,26/01/2025,"January 27, 2025",27/01/2025,123.3,5705.02,On-time
SH001741,W01,ST06,CR05,2025-01-28,"January 29, 2025",29/01/2025,123.3,4779.17,On-time
SH001742,W01,ST06,CR01,30/01/2025,2025-01-31,2025-01-31,123.3,6080.4,On-time
SH001743,W01,ST06,CR02,2025-02-01,"February 2, 2025",02/02/2025,123.3,5737.54,Lost
SH001744,W02,ST06,CR01,2025-02-03,05/02/2025,"February 5, 2025",161.0,9017.87,On-time
SH001745,W01,ST06,CR01,2025-02-06,07/02/2025,2025-02-07,123.3,6293.09,On-time
SH001746,W01,ST06,CR05,"February 8, 2025",09/02/2025,"February 10, 2025",123.3,6438.97,Delayed
SH001747,W01,ST06,CR04,2025-02-10,"February 11, 2025","February 13, 2025",123.3,,Delayed
SH001748,W01,ST06,CR02,13/02/2025,"February 14, 2025","February 14, 2025",123.3,6645.67,On-time
SH001749,W01,ST06,CR02,2025-02-16,17/02/2025,"February 17, 2025",123.3,4893.5,On-time
SH001750,W01,ST06,CR03,2025-02-19,"February 20, 2025",20/02/2025,76.6,5754.4,On-time
SH001751,W02,ST06,CR02,2025-02-21,2025-02-23,"February 23, 2025",161.0,7875.68,On-time
SH001752,W01,ST06,CR04,2025-02-24,2025-02-25,25/02/2025,76.6,4800.27,On-time
SH001753,W01,ST06,CR03,2025-02-26,"February 27, 2025",2025-02-27,123.3,6848.35,On-time
SH001754,W01,ST06,CR05,28/02/2025,2025-03-01,2025-03-01,123.3,6078.79,On-time
SH001755,W01,ST06,CR04,2025-03-03,04/03/2025,"March 8, 2025",123.3,7845.11,Delayed
SH001756,W01,ST06,CR03,"March 6, 2025","March 7, 2025",2025-03-10,123.3,5464.1,Delayed
SH001757,W01,ST06,CR01,2025-03-09,2025-03-10,10/03/2025,123.3,6086.17,On-time
SH001758,W01,ST06,CR01,"March 12, 2025",2025-03-13,"March 13, 2025",123.3,,On-time
SH001759,W01,ST06,CR05,"March 15, 2025",2025-03-16,2025-03-16,123.3,6246.49,On-time
SH001760,W01,ST06,CR04,"March 17, 2025",2025-03-18,18/03/2025,123.3,5130.46,On-time
SH001761,W01,ST06,CR05,"March 20, 2025",21/03/2025,21/03/2025,123.3,7274.6,On-time
SH001762,W01,ST06,CR03,"March 23, 2025",24/03/2025,"March 24, 2025",123.3,6606.9,On-time
SH001763,W01,ST06,CR01,"March 25, 2025",2025-03-26,26/03/2025,123.3,6012.65,On-time
SH001764,W01,ST06,CR01,28/03/2025,"March 29, 2025",29/03/2025,123.3,6677.71,On-time
SH001765,W01,ST06,CR03,"March 30, 2025","March 31, 2025",2025-03-31,123.3,5656.92,On-time
SH001766,W01,ST06,CR01,"April 1, 2025",02/04/2025,"April 2, 2025",123.3,6920.67,On-time
SH001767,W01,ST06,CR03,2025-04-03,04/04/2025,2025-04-04,123.3,6950.8,On-time
SH001768,W01,ST06,CR03,"April 6, 2025",2025-04-07,2025-04-07,123.3,5016.37,On-time
SH001769,W01,ST06,CR01,09/04/2025,"April 10, 2025",10/04/2025,123.3,5316.7,On-time
SH001770,W01,ST06,CR01,12/04/2025,13/04/2025,"April 17, 2025",123.3,6817.02,Delayed
SH001771,W01,ST06,CR03,"April 15, 2025",16/04/2025,16/04/2025,123.3,5194.86,On-time
SH001772,W01,ST06,CR05,2025-04-17,2025-04-18,18/04/2025,123.3,5747.96,On-time
SH001773,W01,ST06,CR03,19/04/2025,"April 20, 2025",20/04/2025,123.3,7691.83,On-time
SH001774,W01,ST06,CR02,2025-04-22,2025-04-23,23/04/2025,123.3,4948.42,On-time
SH001775,W01,ST06,CR05,25/04/2025,26/04/2025,2025-04-26,123.3,,On-time
SH001776,W01,ST06,CR02,2025-04-28,2025-04-29,29/04/2025,123.3,5412.46,On-time
SH001777,W01,ST06,CR04,30/04/2025,2025-05-01,04/05/2025,123.3,5983.34,Delayed
SH001778,W01,ST06,CR04,02/05/2025,03/05/2025,2025-05-06,123.3,5935.0,Delayed
SH001779,W03,ST06,CR05,05/05/2025,"May 7, 2025",07/05/2025,270.1,13629.8,On-time
SH001780,W01,ST06,CR04,"May 7, 2025",08/05/2025,2025-05-08,76.6,7255.87,On-time
SH001781,W01,ST06,CR05,2025-05-10,11/05/2025,"May 11, 2025",123.3,5791.03,On-time
SH001782,W01,ST06,CR03,2025-05-13,2025-05-14,14/05/2025,123.3,6289.42,On-time
SH001783,W01,ST06,CR01,15/05/2025,16/05/2025,"May 19, 2025",76.6,6096.45,Delayed
SH001784,W01,ST06,CR01,17/05/2025,2025-05-18,2025-05-18,123.3,7198.03,On-time
SH001785,W01,ST06,CR03,20/05/2025,2025-05-21,2025-05-21,123.3,,On-time
SH001786,W01,ST06,CR05,"May 22, 2025",2025-05-23,23/05/2025,123.3,5198.92,On-time
SH001787,W01,ST06,CR03,"May 25, 2025",2025-05-26,2025-05-26,123.3,6271.65,On-time
SH001788,W01,ST06,CR02,2025-05-28,2025-05-29,29/05/2025,123.3,5274.7,On-time
SH001789,W01,ST06,CR05,"May 31, 2025",01/06/2025,2025-06-01,123.3,4831.25,Lost
SH001790,W01,ST06,CR03,2025-06-03,2025-06-04,04/06/2025,123.3,5715.07,On-time
SH001791,W02,ST06,CR01,"June 6, 2025",08/06/2025,2025-06-08,161.0,8489.08,On-time
SH001792,W01,ST06,CR02,07/06/2025,2025-06-08,"June 8, 2025",76.6,6316.15,On-time
SH001793,W01,ST06,CR04,2025-06-09,2025-06-10,"June 10, 2025",123.3,5124.21,On-time
SH001794,W01,ST06,CR05,"June 12, 2025",2025-06-13,2025-06-13,123.3,5802.69,On-time
SH001795,W01,ST06,CR01,"June 14, 2025",2025-06-15,15/06/2025,123.3,6426.72,On-time
SH001796,W01,ST06,CR01,16/06/2025,"June 17, 2025",17/06/2025,123.3,5938.98,On-time
SH001797,W01,ST06,CR04,2025-06-18,"June 19, 2025",19/06/2025,123.3,6627.86,On-time
SH001798,W01,ST06,CR03,2025-06-20,"June 21, 2025","June 21, 2025",123.3,4553.45,On-time
SH001799,W01,ST06,CR01,"June 22, 2025",2025-06-23,23/06/2025,123.3,7677.34,On-time
SH001800,W03,ST06,CR04,25/06/2025,"June 27, 2025",2025-06-29,270.1,15563.32,Delayed
SH001801,W01,ST06,CR02,27/06/2025,28/06/2025,28/06/2025,123.3,5672.71,On-time
SH001802,W01,ST06,CR01,"June 29, 2025","June 30, 2025","July 3, 2025",123.3,5657.48,Delayed
SH001803,W01,ST06,CR03,02/07/2025,2025-07-03,2025-07-03,123.3,7142.27,On-time
SH001804,W03,ST06,CR02,04/07/2025,06/07/2025,06/07/2025,270.1,12426.7,On-time
SH001805,W01,ST06,CR03,"July 6, 2025",07/07/2025,"July 7, 2025",123.3,7009.34,On-time
SH001806,W01,ST06,CR04,"July 8, 2025",2025-07-09,"July 9, 2025",123.3,7672.98,On-time
SH001807,W01,ST06,CR05,"July 10, 2025","July 11, 2025",2025-07-11,123.3,6254.71,On-time
SH001808,W01,ST06,CR03,13/07/2025,"July 14, 2025",17/07/2025,123.3,4562.01,Delayed
SH001809,W01,ST06,CR01,16/07/2025,2025-07-17,"July 17, 2025",123.3,6065.05,On-time
SH001810,W01,ST06,CR03,"July 19, 2025","July 20, 2025",2025-07-20,123.3,6929.89,On-time
SH001811,W01,ST06,CR04,"July 22, 2025",23/07/2025,2025-07-23,123.3,6151.8,On-time
SH001812,W01,ST06,CR03,2025-07-24,"July 25, 2025",25/07/2025,123.3,6284.71,On-time
SH001813,W01,ST06,CR03,2025-07-27,2025-07-28,"July 28, 2025",123.3,5094.05,On-time
SH001814,W01,ST06,CR01,2025-07-30,"July 31, 2025",31/07/2025,123.3,5502.77,On-time
SH001815,W01,ST06,CR03,2025-08-01,"August 2, 2025","August 2, 2025",76.6,,On-time
SH001816,W01,ST06,CR05,2025-08-04,2025-08-05,"August 7, 2025",123.3,,Delayed
SH001817,W01,ST06,CR04,"August 7, 2025",08/08/2025,2025-08-12,123.3,5747.91,Damaged
SH001818,W01,ST06,CR01,"August 10, 2025","August 11, 2025",2025-08-11,123.3,5389.72,On-time
SH001819,W01,ST06,CR03,2025-08-12,13/08/2025,"August 13, 2025",123.3,6788.93,On-time
SH001820,W01,ST06,CR03,"August 14, 2025","August 15, 2025",15/08/2025,76.6,5765.18,On-time
SH001821,W02,ST06,CR05,2025-08-16,2025-08-18,2025-08-18,161.0,7724.29,On-time
SH001822,W01,ST06,CR01,"August 18, 2025",19/08/2025,"August 19, 2025",123.3,,On-time
SH001823,W01,ST06,CR05,21/08/2025,2025-08-22,"August 25, 2025",123.3,6594.53,Delayed
SH001824,W01,ST06,CR02,2025-08-24,25/08/2025,"August 25, 2025",76.6,6529.26,On-time
SH001825,W01,ST06,CR01,2025-08-27,2025-08-28,28/08/2025,123.3,7533.12,On-time
SH001826,W01,ST06,CR05,2025-08-29,30/08/2025,30/08/2025,123.3,7358.17,On-time
SH001827,W01,ST06,CR01,31/08/2025,"September 1, 2025",2025-09-01,76.6,5896.43,On-time
SH001828,W01,ST06,CR01,2025-09-02,03/09/2025,07/09/2025,123.3,4654.43,Delayed
SH001829,W01,ST06,CR05,2025-09-04,2025-09-05,"September 5, 2025",123.3,7319.21,Lost
SH001830,W01,ST06,CR04,2025-09-06,"September 7, 2025",2025-09-07,123.3,5849.39,On-time
SH001831,W01,ST06,CR01,2025-09-09,"September 10, 2025","September 10, 2025",123.3,,On-time
SH001832,W01,ST06,CR05,11/09/2025,"September 12, 2025",12/09/2025,123.3,6066.66,On-time
SH001833,W01,ST06,CR03,2025-09-13,2025-09-14,2025-09-16,123.3,6080.35,Delayed
SH001834,W01,ST06,CR04,14/09/2025,2025-09-15,"September 17, 2025",123.3,5260.57,Delayed
SH001835,W01,ST06,CR05,2025-09-16,"September 17, 2025",2025-09-17,123.3,6236.02,On-time
SH001836,W01,ST06,CR04,2025-09-18,19/09/2025,23/09/2025,123.3,5523.08,Delayed
SH001837,W01,ST06,CR03,20/09/2025,2025-09-21,23/09/2025,76.6,5189.76,Delayed
SH001838,W01,ST06,CR04,"September 23, 2025",2025-09-24,27/09/2025,123.3,6848.03,Delayed
SH001839,W01,ST06,CR01,26/09/2025,27/09/2025,27/09/2025,123.3,5911.22,On-time
SH001840,W01,ST06,CR03,29/09/2025,30/09/2025,02/10/2025,123.3,6703.86,Delayed
SH001841,W01,ST06,CR01,2025-10-02,"October 3, 2025",2025-10-03,123.3,7020.98,On-time
SH001842,W01,ST06,CR05,"October 4, 2025",05/10/2025,"October 5, 2025",123.3,7750.84,On-time
SH001843,W01,ST06,CR01,"October 6, 2025",2025-10-07,2025-10-10,76.6,6681.71,Delayed
SH001844,W01,ST06,CR03,08/10/2025,2025-10-09,"October 9, 2025",123.3,6304.33,On-time
SH001845,W01,ST06,CR03,2025-10-10,11/10/2025,"October 11, 2025",123.3,5530.29,On-time
SH001846,W01,ST06,CR03,2025-10-12,"October 13, 2025",2025-10-13,123.3,6184.23,On-time
SH001847,W01,ST06,CR01,15/10/2025,2025-10-16,16/10/2025,123.3,7505.76,On-time
SH001848,W01,ST06,CR03,"October 18, 2025",2025-10-19,19/10/2025,76.6,5373.08,On-time
SH001849,W01,ST06,CR03,21/10/2025,"October 22, 2025",22/10/2025,123.3,5195.96,On-time
SH001850,W01,ST06,CR04,"October 24, 2025",25/10/2025,"October 25, 2025",76.6,5989.54,On-time
SH001851,W01,ST06,CR04,2025-10-26,27/10/2025,27/10/2025,123.3,5690.49,On-time
SH001852,W01,ST06,CR02,2025-10-28,"October 29, 2025",29/10/2025,123.3,4889.02,On-time
SH001853,W01,ST06,CR04,"October 31, 2025",2025-11-01,"November 3, 2025",123.3,,Delayed
SH001854,W02,ST06,CR05,03/11/2025,"November 5, 2025",2025-11-07,161.0,,Delayed
SH001855,W01,ST06,CR03,05/11/2025,06/11/2025,06/11/2025,123.3,5940.26,On-time
SH001856,W01,ST06,CR03,08/11/2025,09/11/2025,09/11/2025,123.3,7490.1,On-time
SH001857,W01,ST06,CR03,10/11/2025,2025-11-11,2025-11-11,123.3,7788.42,On-time
SH001858,W01,ST06,CR02,"November 12, 2025",13/11/2025,13/11/2025,123.3,6257.17,On-time
SH001859,W01,ST06,CR02,"November 15, 2025","November 16, 2025",2025-11-16,123.3,6332.49,On-time
SH001860,W01,ST06,CR01,17/11/2025,18/11/2025,2025-11-18,123.3,5313.05,On-time
SH001861,W01,ST06,CR03,2025-11-19,2025-11-20,2025-11-20,123.3,,On-time
SH001862,W03,ST06,CR03,2025-11-22,"November 24, 2025","November 27, 2025",270.1,9498.31,Delayed
SH001863,W01,ST06,CR05,2025-11-24,25/11/2025,2025-11-25,123.3,5066.41,On-time
SH001864,W01,ST06,CR05,"November 27, 2025",28/11/2025,"November 28, 2025",123.3,6849.96,On-time
SH001865,W01,ST06,CR03,2025-11-29,30/11/2025,2025-12-03,76.6,5724.51,Delayed
SH001866,W01,ST06,CR05,"December 2, 2025","December 3, 2025",2025-12-03,123.3,,On-time
SH001867,W01,ST06,CR02,"December 5, 2025",06/12/2025,2025-12-06,123.3,7194.49,On-time
SH001868,W02,ST06,CR03,07/12/2025,2025-12-09,"December 9, 2025",161.0,,On-time
SH001869,W03,ST06,CR01,10/12/2025,2025-12-12,2025-12-12,270.1,9371.55,On-time
SH001870,W01,ST06,CR03,2025-12-13,2025-12-14,14/12/2025,76.6,5308.39,Lost
SH001871,W01,ST06,CR05,2025-12-15,2025-12-16,"December 18, 2025",123.3,5497.17,Delayed
SH001872,W01,ST06,CR03,17/12/2025,"December 18, 2025",18/12/2025,123.3,5760.5,Damaged
SH001873,W02,ST06,CR02,19/12/2025,"December 21, 2025",2025-12-25,161.0,8164.03,Delayed
SH001874,W01,ST06,CR03,2025-12-22,"December 23, 2025","December 26, 2025",123.3,4746.82,Delayed
SH001875,W03,ST06,CR03,"December 24, 2025","December 26, 2025",2025-12-27,270.1,11160.68,Delayed
SH001876,W01,ST06,CR05,26/12/2025,27/12/2025,"December 27, 2025",123.3,7328.19,On-time
SH001877,W01,ST06,CR01,2025-12-28,29/12/2025,,76.6,5275.27,In-Transit
SH001878,W01,ST06,CR03,30/12/2025,31/12/2025,2025-12-31,123.3,5575.21,On-time
SH001879,W03,ST07,CR02,04/01/2024,"January 5, 2024",08/01/2024,19.3,1422.51,Delayed
SH001880,W03,ST07,CR01,06/01/2024,"January 7, 2024","January 7, 2024",17.8,1132.48,On-time
SH001881,W03,ST07,CR03,2024-01-08,09/01/2024,"January 9, 2024",30.3,1647.81,On-time
SH001882,W03,ST07,CR03,"January 10, 2024",11/01/2024,2024-01-11,11.5,1067.95,On-time
SH001883,W03,ST07,CR02,2024-01-11,"January 12, 2024",2024-01-12,16.8,1063.51,On-time
SH001884,W03,ST07,CR05,"January 12, 2024",13/01/2024,13/01/2024,17.0,,On-time
SH001885,W03,ST07,CR04,"January 14, 2024",15/01/2024,2024-01-18,35.0,1790.38,Delayed
SH001886,W03,ST07,CR03,"January 16, 2024",2024-01-17,2024-01-17,16.5,874.02,On-time
SH001887,W03,ST07,CR01,17/01/2024,2024-01-18,"January 22, 2024",30.4,1549.88,Delayed
SH001888,W02,ST07,CR05,19/01/2024,22/01/2024,22/01/2024,417.6,24076.02,On-time
SH001889,W01,ST07,CR03,21/01/2024,"January 23, 2024",23/01/2024,210.3,9824.86,On-time
SH001890,W03,ST07,CR02,"January 22, 2024",2024-01-23,24/01/2024,13.8,943.81,Lost
SH001891,W03,ST07,CR03,23/01/2024,24/01/2024,"January 24, 2024",34.7,2182.75,On-time
SH001892,W03,ST07,CR05,"January 25, 2024",26/01/2024,26/01/2024,15.3,912.6,On-time
SH001893,W03,ST07,CR02,2024-01-27,28/01/2024,2024-01-28,32.5,,On-time
SH001894,W03,ST07,CR02,2024-01-29,30/01/2024,2024-01-30,12.6,1365.19,On-time
SH001895,W03,ST07,CR03,"January 30, 2024",31/01/2024,2024-01-31,28.0,2046.68,On-time
SH001896,W03,ST07,CR01,01/02/2024,"February 2, 2024",02/02/2024,8.9,,On-time
SH001897,W03,ST07,CR05,2024-02-03,04/02/2024,2024-02-04,13.9,990.37,On-time
SH001898,W03,ST07,CR03,"February 4, 2024","February 5, 2024",05/02/2024,9.7,977.97,On-time
SH001899,W03,ST07,CR05,05/02/2024,06/02/2024,06/02/2024,20.0,1705.89,On-time
SH001900,W03,ST07,CR03,06/02/2024,07/02/2024,07/02/2024,13.4,1513.89,On-time
SH001901,W03,ST07,CR04,"February 7, 2024",08/02/2024,12/02/2024,17.5,933.85,Delayed
SH001902,W03,ST07,CR05,"February 9, 2024",2024-02-10,2024-02-10,34.1,2432.82,On-time
SH001903,W03,ST07,CR02,2024-02-11,12/02/2024,"February 12, 2024",13.7,1565.02,On-time
SH001904,W03,ST07,CR03,2024-02-13,2024-02-14,2024-02-14,26.7,1584.18,Lost
SH001905,W03,ST07,CR01,15/02/2024,"February 16, 2024",16/02/2024,23.2,1660.04,On-time
SH001906,W03,ST07,CR01,17/02/2024,18/02/2024,18/02/2024,32.2,,On-time
SH001907,W03,ST07,CR04,"February 18, 2024",2024-02-19,19/02/2024,19.8,1813.96,On-time
SH001908,W03,ST07,CR01,"February 20, 2024","February 21, 2024",21/02/2024,10.6,1176.7,On-time
SH001909,W03,ST07,CR05,2024-02-21,22/02/2024,22/02/2024,12.5,822.61,On-time
SH001910,W03,ST07,CR01,2024-02-23,24/02/2024,2024-02-24,26.1,1780.17,On-time
SH001911,W03,ST07,CR01,2024-02-24,25/02/2024,"February 25, 2024",13.0,1257.42,On-time
SH001912,W03,ST07,CR01,"February 26, 2024",27/02/2024,27/02/2024,28.8,1712.81,On-time
SH001913,W03,ST07,CR03,2024-02-28,"February 29, 2024",2024-02-29,32.8,2061.4,On-time
SH001914,W03,ST07,CR05,"March 1, 2024",02/03/2024,2024-03-02,29.0,2043.91,Lost
SH001915,W03,ST07,CR05,2024-03-03,"March 4, 2024","March 4, 2024",23.5,1474.45,On-time
SH001916,W03,ST07,CR05,05/03/2024,2024-03-06,2024-03-06,22.9,1217.17,On-time
SH001917,W03,ST07,CR01,2024-03-07,"March 8, 2024",08/03/2024,14.3,1093.02,On-time
SH001918,W03,ST07,CR02,2024-03-09,2024-03-10,10/03/2024,32.1,1848.12,On-time
SH001919,W03,ST07,CR01,11/03/2024,2024-03-12,"March 12, 2024",10.6,966.08,On-time
SH001920,W03,ST07,CR02,2024-03-13,"March 14, 2024",14/03/2024,13.2,841.04,On-time
SH001921,W03,ST07,CR05,2024-03-14,15/03/2024,2024-03-15,10.1,1124.22,On-time
SH001922,W03,ST07,CR03,"March 16, 2024","March 17, 2024","March 17, 2024",6.9,806.12,On-time
SH001923,W03,ST07,CR05,"March 18, 2024",2024-03-19,2024-03-19,18.2,1023.71,On-time
SH001924,W01,ST07,CR02,2024-03-20,2024-03-22,"March 22, 2024",130.7,10957.8,On-time
SH001925,W03,ST07,CR02,22/03/2024,2024-03-23,"March 23, 2024",18.3,,On-time
SH001926,W03,ST07,CR01,24/03/2024,"March 25, 2024","March 25, 2024",23.5,1400.82,On-time
SH001927,W03,ST07,CR03,26/03/2024,"March 27, 2024",2024-03-27,32.4,1835.27,On-time
SH001928,W03,ST07,CR02,2024-03-27,28/03/2024,28/03/2024,34.2,1772.18,On-time
SH001929,W03,ST07,CR03,29/03/2024,30/03/2024,02/04/2024,19.7,1536.6,Delayed
SH001930,W03,ST07,CR01,2024-03-30,31/03/2024,31/03/2024,15.9,1142.74,On-time
SH001931,W03,ST07,CR01,"April 1, 2024","April 2, 2024",02/04/2024,8.0,1077.88,Damaged
SH001932,W03,ST07,CR02,03/04/2024,04/04/2024,04/04/2024,17.5,1212.83,On-time
SH001933,W03,ST07,CR02,05/04/2024,2024-04-06,06/04/2024,18.6,1483.63,On-time
SH001934,W02,ST07,CR03,2024-04-07,"April 10, 2024",2024-04-10,417.6,13951.65,On-time
SH001935,W03,ST07,CR01,09/04/2024,2024-04-10,"April 10, 2024",8.9,743.7,Damaged
SH001936,W01,ST07,CR01,"April 11, 2024","April 13, 2024",2024-04-13,210.3,8558.71,On-time
SH001937,W03,ST07,CR03,"April 13, 2024","April 14, 2024","April 14, 2024",10.8,753.95,On-time
SH001938,W03,ST07,CR03,2024-04-15,16/04/2024,16/04/2024,17.2,1126.11,On-time
SH001939,W03,ST07,CR02,"April 17, 2024",2024-04-18,18/04/2024,21.5,1527.15,On-time
SH001940,W03,ST07,CR04,"April 19, 2024",20/04/2024,"April 21, 2024",19.8,1392.26,Delayed
SH001941,W03,ST07,CR02,20/04/2024,"April 21, 2024",21/04/2024,14.0,1396.48,On-time
SH001942,W03,ST07,CR03,2024-04-22,"April 23, 2024","April 23, 2024",23.8,1733.82,On-time
SH001943,W03,ST07,CR03,2024-04-23,"April 24, 2024",24/04/2024,10.3,745.29,On-time
SH001944,W01,ST07,CR05,2024-04-25,2024-04-27,"April 27, 2024",130.7,8680.19,On-time
SH001945,W03,ST07,CR03,"April 27, 2024",2024-04-28,"April 28, 2024",31.4,2281.13,On-time
SH001946,W01,ST07,CR05,29/04/2024,2024-05-01,2024-05-01,210.3,9045.31,On-time
SH001947,W01,ST07,CR02,01/05/2024,03/05/2024,2024-05-04,210.3,9906.3,Delayed
SH001948,W03,ST07,CR02,02/05/2024,03/05/2024,2024-05-03,26.0,1466.1,On-time
SH001949,W03,ST07,CR04,"May 4, 2024","May 5, 2024",07/05/2024,10.0,800.52,Delayed
SH001950,W03,ST07,CR02,"May 6, 2024",07/05/2024,2024-05-08,26.2,1447.54,Delayed
SH001951,W03,ST07,CR01,08/05/2024,2024-05-09,09/05/2024,24.6,1833.03,On-time
SH001952,W03,ST07,CR02,"May 9, 2024",2024-05-10,"May 13, 2024",12.8,914.68,Delayed
SH001953,W03,ST07,CR02,2024-05-11,12/05/2024,12/05/2024,21.4,1286.0,On-time
SH001954,W03,ST07,CR02,13/05/2024,14/05/2024,"May 14, 2024",23.9,1418.04,On-time
SH001955,W03,ST07,CR05,14/05/2024,"May 15, 2024",15/05/2024,8.1,,On-time
SH001956,W03,ST07,CR02,"May 16, 2024",2024-05-17,"May 17, 2024",13.0,1177.92,On-time
SH001957,W03,ST07,CR01,"May 18, 2024",19/05/2024,2024-05-19,13.5,1173.0,On-time
SH001958,W03,ST07,CR01,"May 20, 2024",21/05/2024,21/05/2024,21.6,1347.88,On-time
SH001959,W03,ST07,CR05,"May 21, 2024",22/05/2024,"May 22, 2024",34.2,,On-time
SH001960,W03,ST07,CR03,2024-05-23,"May 24, 2024",2024-05-28,8.2,1020.45,Delayed
SH001961,W03,ST07,CR04,2024-05-25,"May 26, 2024",2024-05-26,12.0,1131.84,On-time
SH001962,W03,ST07,CR03,2024-05-26,"May 27, 2024",27/05/2024,20.5,1222.51,On-time
SH001963,W03,ST07,CR01,28/05/2024,2024-05-29,"May 29, 2024",10.9,845.9,On-time
SH001964,W03,ST07,CR03,2024-05-29,2024-05-30,2024-05-30,9.9,932.98,On-time
SH001965,W03,ST07,CR01,2024-05-30,"May 31, 2024",2024-05-31,33.5,2327.32,On-time
SH001966,W03,ST99,CR05,2024-06-01,"June 2, 2024",2024-06-02,17.0,1072.15,On-time
SH001967,W03,ST07,CR01,"June 3, 2024",04/06/2024,04/06/2024,13.6,1473.3,Damaged
SH001968,W03,ST07,CR01,"June 5, 2024",2024-06-06,08/06/2024,16.2,982.3,Delayed
SH001969,W03,ST07,CR03,07/06/2024,"June 8, 2024","June 12, 2024",7.6,1098.46,Delayed
SH001970,W03,ST07,CR03,09/06/2024,10/06/2024,"June 10, 2024",27.4,1832.43,On-time
SH001971,W03,ST07,CR03,"June 10, 2024",11/06/2024,"June 15, 2024",9.3,1140.61,Delayed
SH001972,W03,ST07,CR02,"June 12, 2024",13/06/2024,2024-06-13,8.7,830.61,Damaged
SH001973,W03,ST07,CR01,"June 14, 2024","June 15, 2024",2024-06-15,27.9,2221.47,Damaged
SH001974,W03,ST07,CR05,2024-06-15,"June 16, 2024",2024-06-16,28.3,2056.02,On-time
SH001975,W03,ST07,CR05,"June 17, 2024",2024-06-18,"June 18, 2024",23.7,1355.73,On-time
SH001976,W03,ST07,CR05,19/06/2024,20/06/2024,23/06/2024,16.4,1039.34,Delayed
SH001977,W03,ST07,CR03,21/06/2024,2024-06-22,"June 25, 2024",21.3,1409.58,Delayed
SH001978,W03,ST07,CR02,22/06/2024,23/06/2024,"June 23, 2024",26.6,1405.12,On-time
SH001979,W03,ST07,CR05,2024-06-23,"June 24, 2024",24/06/2024,33.0,1968.57,On-time
SH001980,W03,ST07,CR05,"June 25, 2024",26/06/2024,2024-06-29,9.3,758.77,Delayed
SH001981,W03,ST07,CR03,"June 27, 2024",28/06/2024,01/07/2024,12.7,1593.62,Delayed
SH001982,W03,ST07,CR03,28/06/2024,29/06/2024,2024-06-29,24.2,,On-time
SH001983,W03,ST07,CR05,"June 29, 2024",2024-06-30,30/06/2024,27.1,1777.37,On-time
SH001984,W03,ST07,CR05,2024-07-01,"July 2, 2024","July 2, 2024",29.4,1767.35,On-time
SH001985,W03,ST07,CR05,2024-07-02,03/07/2024,03/07/2024,28.5,1744.05,On-time
SH001986,W03,ST07,CR05,2024-07-04,05/07/2024,05/07/2024,15.5,1743.37,On-time
SH001987,W02,ST07,CR01,05/07/2024,2024-07-08,"July 9, 2024",417.6,23250.73,Delayed
SH001988,W01,ST07,CR02,06/07/2024,"July 8, 2024",08/07/2024,210.3,10771.33,On-time
SH001989,W03,ST07,CR03,07/07/2024,08/07/2024,08/07/2024,33.9,1792.02,Damaged
SH001990,W03,ST07,CR05,2024-07-08,"July 9, 2024",2024-07-09,33.2,1875.76,On-time
SH001991,W03,ST07,CR02,"July 10, 2024",11/07/2024,2024-07-11,32.4,1998.54,On-time
SH001992,W01,ST07,CR03,"July 11, 2024","July 13, 2024",13/07/2024,210.3,7758.2,On-time
SH001993,W03,ST07,CR04,12/07/2024,13/07/2024,2024-07-16,31.0,1631.2,Damaged
SH001994,W03,ST07,CR01,2024-07-13,"July 14, 2024","July 15, 2024",26.8,1266.85,Delayed
SH001995,W03,ST07,CR03,"July 14, 2024","July 15, 2024","July 15, 2024",32.9,1957.77,On-time
SH001996,W03,ST07,CR05,16/07/2024,17/07/2024,17/07/2024,12.2,1024.71,On-time
SH001997,W03,ST07,CR04,"July 18, 2024",19/07/2024,23/07/2024,8.0,921.93,Delayed
SH001998,W03,ST07,CR04,20/07/2024,21/07/2024,"July 21, 2024",26.9,1731.47,On-time
SH001999,W03,ST07,CR05,"July 22, 2024",2024-07-23,2024-07-23,35.0,1880.56,On-time
SH002000,W01,ST07,CR01,24/07/2024,2024-07-26,"July 26, 2024",210.3,11615.14,On-time
SH002001,W03,ST07,CR04,2024-07-25,26/07/2024,"July 29, 2024",15.7,1416.48,Delayed
SH002002,W03,ST07,CR03,26/07/2024,"July 27, 2024",27/07/2024,33.1,1761.68,On-time
SH002003,W03,ST07,CR04,"July 28, 2024",2024-07-29,29/07/2024,19.9,1302.6,On-time
SH002004,W03,ST07,CR02,30/07/2024,"July 31, 2024",2024-07-31,11.7,1203.95,On-time
SH002005,W03,ST07,CR01,2024-08-01,"August 2, 2024","August 2, 2024",33.9,2348.02,On-time
SH002006,W03,ST07,CR04,03/08/2024,04/08/2024,2024-08-04,15.4,939.22,Lost
SH002007,W03,ST07,CR05,"August 5, 2024",2024-08-06,"August 6, 2024",28.8,1415.64,On-time
SH002008,W03,ST07,CR01,"August 7, 2024","August 8, 2024","August 8, 2024",28.7,1937.74,On-time
SH002009,W03,ST07,CR01,"August 9, 2024","August 10, 2024",10/08/2024,34.4,2086.74,On-time
SH002010,W03,ST07,CR03,11/08/2024,"August 12, 2024",12/08/2024,16.8,1118.85,On-time
SH002011,W03,ST07,CR02,2024-08-13,14/08/2024,"August 14, 2024",12.2,1026.73,On-time
SH002012,W03,ST07,CR05,"August 14, 2024","August 15, 2024",2024-08-15,22.3,1440.05,On-time
SH002013,W03,ST07,CR01,"August 16, 2024","August 17, 2024","August 17, 2024",17.3,1645.11,On-time
SH002014,W03,ST07,CR01,"August 17, 2024",2024-08-18,18/08/2024,13.2,1083.99,On-time
SH002015,W03,ST07,CR03,19/08/2024,2024-08-20,"August 20, 2024",11.8,1172.28,Damaged
SH002016,W03,ST07,CR02,2024-08-20,21/08/2024,"August 21, 2024",10.1,989.55,On-time
SH002017,W03,ST07,CR03,"August 22, 2024",23/08/2024,"August 23, 2024",24.7,,On-time
SH002018,W03,ST07,CR01,2024-08-23,"August 24, 2024","August 24, 2024",27.2,1853.38,On-time
SH002019,W03,ST07,CR05,2024-08-25,26/08/2024,26/08/2024,32.6,2307.06,On-time
SH002020,W03,ST07,CR02,27/08/2024,2024-08-28,31/08/2024,22.7,1213.08,Delayed
SH002021,W03,ST07,CR01,29/08/2024,30/08/2024,"August 30, 2024",28.9,2156.54,On-time
SH002022,W03,ST07,CR05,30/08/2024,31/08/2024,"August 31, 2024",34.9,1844.34,On-time
SH002023,W01,ST07,CR01,"September 1, 2024",03/09/2024,06/09/2024,210.3,9445.61,Delayed
SH002024,W03,ST07,CR02,2024-09-03,04/09/2024,"September 4, 2024",17.8,1583.36,On-time
SH002025,W03,ST07,CR04,2024-09-05,"September 6, 2024","September 6, 2024",34.5,2052.44,On-time
SH002026,W03,ST07,CR05,07/09/2024,"September 8, 2024",2024-09-08,32.2,1651.58,On-time
SH002027,W03,ST07,CR02,2024-09-09,2024-09-10,2024-09-11,26.4,1573.27,Delayed
SH002028,W03,ST07,CR03,"September 11, 2024",2024-09-12,2024-09-12,19.6,1390.32,On-time
SH002029,W03,ST07,CR01,"September 13, 2024",14/09/2024,2024-09-17,26.7,1345.7,Delayed
SH002030,W02,ST07,CR02,"September 15, 2024",18/09/2024,18/09/2024,417.6,20796.34,On-time
SH002031,W03,ST07,CR02,17/09/2024,2024-09-18,"September 21, 2024",9.4,1005.35,Delayed
SH002032,W03,ST07,CR01,"September 19, 2024",2024-09-20,"September 20, 2024",10.6,675.06,On-time
SH002033,W03,ST07,CR05,"September 21, 2024",2024-09-22,22/09/2024,33.2,,On-time
SH002034,W03,ST07,CR05,2024-09-23,"September 24, 2024",24/09/2024,11.4,708.71,On-time
SH002035,W03,ST07,CR02,2024-09-25,"September 26, 2024",2024-09-26,11.5,1110.26,On-time
SH002036,W03,ST07,CR02,27/09/2024,28/09/2024,28/09/2024,33.6,2507.56,On-time
SH002037,W03,ST07,CR02,"September 29, 2024",2024-09-30,30/09/2024,29.2,1647.7,On-time
SH002038,W03,ST07,CR02,01/10/2024,2024-10-02,2024-10-06,5.7,959.03,Delayed
SH002039,W01,ST07,CR01,02/10/2024,"October 4, 2024","October 8, 2024",210.3,11588.25,Delayed
SH002040,W03,ST07,CR05,03/10/2024,"October 4, 2024","October 4, 2024",28.2,1801.93,On-time
SH002041,W03,ST07,CR04,2024-10-05,"October 6, 2024",2024-10-10,19.8,1072.76,Delayed
SH002042,W03,ST07,CR02,2024-10-07,"October 8, 2024",2024-10-08,31.5,1754.18,On-time
SH002043,W01,ST07,CR04,2024-10-08,"October 10, 2024",13/10/2024,210.3,9952.0,Delayed
SH002044,W03,ST99,CR05,09/10/2024,2024-10-10,"October 10, 2024",33.5,2020.64,On-time
SH002045,W03,ST07,CR01,2024-10-11,12/10/2024,2024-10-12,20.8,1401.1,On-time
SH002046,W03,ST07,CR05,13/10/2024,2024-10-14,2024-10-14,20.2,,On-time
SH002047,W03,ST07,CR01,2024-10-15,16/10/2024,20/10/2024,20.5,1386.77,Delayed
SH002048,W03,ST07,CR04,17/10/2024,18/10/2024,"October 20, 2024",8.5,1000.9,Delayed
SH002049,W03,ST07,CR01,18/10/2024,2024-10-19,"October 19, 2024",13.2,1004.77,On-time
SH002050,W03,ST07,CR04,"October 20, 2024",21/10/2024,21/10/2024,19.3,919.35,On-time
SH002051,W03,ST07,CR05,22/10/2024,"October 23, 2024",23/10/2024,18.5,1164.36,On-time
SH002052,W03,ST07,CR03,2024-10-23,24/10/2024,2024-10-28,25.0,1582.62,Delayed
SH002053,W03,ST07,CR05,25/10/2024,"October 26, 2024",2024-10-30,11.4,908.83,Delayed
SH002054,W03,ST07,CR05,2024-10-26,27/10/2024,"October 27, 2024",21.6,1627.32,On-time
SH002055,W03,ST07,CR03,"October 28, 2024",29/10/2024,"October 29, 2024",28.4,1632.36,On-time
SH002056,W03,ST07,CR05,29/10/2024,"October 30, 2024",30/10/2024,11.2,1069.48,Lost
SH002057,W03,ST07,CR04,30/10/2024,31/10/2024,03/11/2024,12.6,1261.53,Delayed
SH002058,W03,ST07,CR01,01/11/2024,02/11/2024,"November 2, 2024",28.9,2115.64,On-time
SH002059,W03,ST07,CR05,03/11/2024,2024-11-04,04/11/2024,33.5,2056.73,On-time
SH002060,W03,ST07,CR02,"November 5, 2024","November 6, 2024",2024-11-06,18.2,1492.52,On-time
SH002061,W03,ST07,CR01,2024-11-07,"November 8, 2024",08/11/2024,6.7,1146.2,On-time
SH002062,W03,ST07,CR02,08/11/2024,"November 9, 2024","November 9, 2024",20.0,1028.96,On-time
SH002063,W01,ST07,CR02,"November 10, 2024","November 12, 2024",2024-11-12,210.3,8949.01,On-time
SH002064,W03,ST07,CR02,"November 12, 2024",13/11/2024,"November 15, 2024",28.4,1400.8,Delayed
SH002065,W03,ST07,CR01,2024-11-14,2024-11-15,2024-11-15,29.9,1554.43,On-time
SH002066,W03,ST07,CR04,16/11/2024,17/11/2024,17/11/2024,23.0,1395.12,On-time
SH002067,W03,ST07,CR01,"November 18, 2024","November 19, 2024",20/11/2024,26.0,2000.73,Delayed
SH002068,W03,ST07,CR02,20/11/2024,2024-11-21,"November 21, 2024",34.8,1645.53,On-time
SH002069,W03,ST07,CR03,"November 21, 2024",2024-11-22,2024-11-22,9.9,842.18,On-time
SH002070,W03,ST07,CR05,22/11/2024,23/11/2024,"November 24, 2024",15.5,1257.34,Delayed
SH002071,W03,ST07,CR04,24/11/2024,2024-11-25,2024-11-25,24.3,1297.67,On-time
SH002072,W03,ST07,CR03,25/11/2024,2024-11-26,2024-11-26,31.1,2080.41,On-time
SH002073,W03,ST07,CR03,26/11/2024,27/11/2024,"November 29, 2024",19.4,1369.13,Delayed
SH002074,W03,ST07,CR02,27/11/2024,28/11/2024,2024-11-28,19.4,1158.09,On-time
SH002075,W03,ST07,CR03,28/11/2024,"November 29, 2024","November 29, 2024",13.8,960.93,On-time
SH002076,W03,ST07,CR01,"November 29, 2024",2024-11-30,"November 30, 2024",29.5,1818.01,On-time
SH002077,W03,ST07,CR03,"December 1, 2024","December 2, 2024","December 2, 2024",17.3,1404.74,On-time
SH002078,W03,ST07,CR01,2024-12-03,"December 4, 2024","December 4, 2024",15.2,1172.45,On-time
SH002079,W03,ST07,CR02,"December 5, 2024","December 6, 2024",06/12/2024,25.0,1298.17,On-time
SH002080,W03,ST07,CR05,"December 6, 2024","December 7, 2024",2024-12-07,24.3,1497.81,On-time
SH002081,W03,ST07,CR03,08/12/2024,"December 9, 2024","December 9, 2024",21.9,1360.29,On-time
SH002082,W02,ST07,CR01,09/12/2024,12/12/2024,"December 14, 2024",417.6,18580.28,Delayed
SH002083,W03,ST07,CR01,11/12/2024,2024-12-12,"December 12, 2024",31.1,2172.47,On-time
SH002084,W03,ST07,CR03,13/12/2024,"December 14, 2024",2024-12-14,17.9,935.63,On-time
SH002085,W03,ST07,CR03,"December 15, 2024",16/12/2024,"December 16, 2024",13.8,857.61,On-time
SH002086,W03,ST07,CR01,"December 17, 2024","December 18, 2024","December 19, 2024",29.3,1636.4,Delayed
SH002087,W03,ST07,CR05,"December 18, 2024","December 19, 2024","December 19, 2024",23.0,1653.73,On-time
SH002088,W03,ST07,CR04,2024-12-20,21/12/2024,"December 21, 2024",14.3,1114.28,On-time
SH002089,W03,ST07,CR02,"December 22, 2024","December 23, 2024",23/12/2024,8.4,742.34,On-time
SH002090,W03,ST07,CR02,"December 23, 2024",2024-12-24,24/12/2024,33.2,2035.5,On-time
SH002091,W03,ST07,CR01,25/12/2024,2024-12-26,"December 27, 2024",21.5,1454.53,Delayed
SH002092,W03,ST07,CR02,2024-12-27,2024-12-28,28/12/2024,18.5,1859.64,On-time
SH002093,W03,ST07,CR03,29/12/2024,30/12/2024,"December 30, 2024",23.1,1275.76,On-time
SH002094,W03,ST07,CR01,"December 30, 2024","December 31, 2024","December 31, 2024",8.5,629.92,On-time
SH002095,W01,ST07,CR05,"January 1, 2025",03/01/2025,2025-01-03,210.3,11198.69,On-time
SH002096,W03,ST07,CR04,02/01/2025,"January 3, 2025","January 5, 2025",9.1,965.91,Delayed
SH002097,W03,ST07,CR03,2025-01-04,2025-01-05,07/01/2025,21.5,2033.67,Delayed
SH002098,W03,ST07,CR05,2025-01-06,2025-01-07,2025-01-07,26.7,1525.59,On-time
SH002099,W03,ST07,CR02,"January 8, 2025",09/01/2025,12/01/2025,20.8,1494.9,Delayed
SH002100,W03,ST07,CR05,2025-01-10,2025-01-11,"January 11, 2025",10.7,671.51,On-time
SH002101,W03,ST07,CR03,12/01/2025,13/01/2025,2025-01-13,14.5,951.46,On-time
SH002102,W03,ST07,CR04,2025-01-14,"January 15, 2025",2025-01-15,5.9,1046.34,On-time
SH002103,W03,ST07,CR02,16/01/2025,2025-01-17,"January 20, 2025",31.0,1892.26,Delayed
SH002104,W03,ST07,CR02,17/01/2025,"January 18, 2025","January 19, 2025",19.8,1560.85,Delayed
SH002105,W03,ST07,CR01,"January 19, 2025","January 20, 2025",20/01/2025,26.1,1624.03,On-time
SH002106,W03,ST07,CR05,"January 21, 2025",2025-01-22,"January 22, 2025",32.2,1670.64,On-time
SH002107,W03,ST07,CR04,"January 23, 2025",24/01/2025,"January 26, 2025",23.8,1628.19,Delayed
SH002108,W03,ST07,CR05,"January 25, 2025","January 26, 2025",27/01/2025,7.5,1007.88,Delayed
SH002109,W03,ST07,CR03,2025-01-27,"January 28, 2025",28/01/2025,28.5,1565.4,On-time
SH002110,W03,ST07,CR05,29/01/2025,30/01/2025,30/01/2025,25.7,1188.87,On-time
SH002111,W03,ST07,CR01,31/01/2025,2025-02-01,01/02/2025,34.3,1981.12,On-time
SH002112,W03,ST07,CR04,02/02/2025,03/02/2025,04/02/2025,12.8,907.7,Delayed
SH002113,W03,ST07,CR05,04/02/2025,2025-02-05,05/02/2025,10.1,922.75,On-time
SH002114,W03,ST07,CR03,"February 6, 2025",2025-02-07,10/02/2025,8.6,695.92,Damaged
SH002115,W03,ST07,CR02,2025-02-08,"February 9, 2025",2025-02-09,11.4,1207.79,On-time
SH002116,W03,ST07,CR05,"February 9, 2025",2025-02-10,2025-02-10,25.7,1525.08,On-time
SH002117,W01,ST07,CR04,2025-02-10,12/02/2025,2025-02-12,210.3,11129.91,On-time
SH002118,W03,ST07,CR03,12/02/2025,2025-02-13,2025-02-17,12.8,985.28,Delayed
SH002119,W03,ST07,CR05,2025-02-14,15/02/2025,15/02/2025,8.8,777.95,On-time
SH002120,W03,ST07,CR03,2025-02-16,2025-02-17,"February 20, 2025",15.4,1158.16,Delayed
SH002121,W03,ST07,CR01,18/02/2025,19/02/2025,2025-02-19,33.2,1607.02,On-time
SH002122,W03,ST07,CR04,"February 20, 2025","February 21, 2025","February 24, 2025",34.3,1748.1,Delayed
SH002123,W03,ST07,CR04,22/02/2025,23/02/2025,"February 25, 2025",13.0,1110.06,Delayed
SH002124,W03,ST07,CR04,23/02/2025,2025-02-24,24/02/2025,18.2,1202.28,On-time
SH002125,W03,ST07,CR03,25/02/2025,26/02/2025,26/02/2025,19.0,1361.81,On-time
SH002126,W01,ST07,CR01,2025-02-27,2025-03-01,"March 2, 2025",210.3,9854.11,Delayed
SH002127,W03,ST07,CR01,"March 1, 2025","March 2, 2025","March 2, 2025",11.6,862.59,On-time
SH002128,W03,ST07,CR05,2025-03-03,04/03/2025,2025-03-04,27.4,1668.14,On-time
SH002129,W03,ST07,CR01,2025-03-05,2025-03-06,10/03/2025,20.4,1483.38,Delayed
SH002130,W02,ST07,CR01,06/03/2025,2025-03-09,2025-03-09,259.5,18344.68,On-time
SH002131,W03,ST07,CR03,08/03/2025,"March 9, 2025",2025-03-09,14.4,1006.49,On-time
SH002132,W03,ST07,CR03,10/03/2025,2025-03-11,2025-03-11,15.1,1759.27,On-time
SH002133,W03,ST07,CR02,2025-03-11,"March 12, 2025","March 12, 2025",22.5,1408.5,On-time
SH002134,W03,ST07,CR05,"March 12, 2025",13/03/2025,2025-03-13,31.9,1815.06,On-time
SH002135,W02,ST07,CR05,2025-03-13,16/03/2025,2025-03-16,417.6,18369.43,Damaged
SH002136,W03,ST07,CR03,"March 15, 2025",16/03/2025,"March 16, 2025",32.6,2503.39,On-time
SH002137,W03,ST07,CR04,"March 17, 2025","March 18, 2025","March 18, 2025",20.4,1667.65,On-time
SH002138,W03,ST07,CR03,18/03/2025,2025-03-19,19/03/2025,11.7,975.4,On-time
SH002139,W03,ST07,CR05,2025-03-20,2025-03-21,21/03/2025,12.5,1034.42,On-time
SH002140,W03,ST07,CR04,21/03/2025,"March 22, 2025","March 22, 2025",31.1,1589.6,On-time
SH002141,W03,ST07,CR04,2025-03-23,"March 24, 2025","March 24, 2025",19.9,1740.85,On-time
SH002142,W03,ST07,CR04,2025-03-24,2025-03-25,25/03/2025,10.0,1003.12,On-time
SH002143,W03,ST07,CR01,26/03/2025,2025-03-27,27/03/2025,34.5,1342.57,On-time
SH002144,W03,ST07,CR01,2025-03-27,"March 28, 2025",2025-03-30,34.2,2244.49,Delayed
SH002145,W03,ST07,CR03,29/03/2025,30/03/2025,30/03/2025,11.3,944.76,On-time
SH002146,W03,ST07,CR01,2025-03-30,"March 31, 2025",31/03/2025,10.8,945.36,On-time
SH002147,W03,ST07,CR05,01/04/2025,02/04/2025,2025-04-05,28.8,1672.25,Delayed
SH002148,W03,ST07,CR03,2025-04-03,2025-04-04,04/04/2025,17.6,1349.99,On-time
SH002149,W03,ST07,CR05,2025-04-04,2025-04-05,2025-04-09,12.1,994.75,Delayed
SH002150,W03,ST07,CR04,"April 6, 2025","April 7, 2025",07/04/2025,24.1,,On-time
SH002151,W03,ST07,CR02,"April 7, 2025",08/04/2025,08/04/2025,22.4,1575.42,On-time
SH002152,W03,ST07,CR05,2025-04-08,2025-04-09,2025-04-09,21.7,1512.74,On-time
SH002153,W03,ST07,CR02,09/04/2025,10/04/2025,10/04/2025,8.9,823.8,On-time
SH002154,W03,ST07,CR05,10/04/2025,11/04/2025,2025-04-11,20.4,1256.57,On-time
SH002155,W03,ST07,CR03,2025-04-12,"April 13, 2025",2025-04-15,11.1,1111.59,Delayed
SH002156,W03,ST07,CR04,14/04/2025,"April 15, 2025",2025-04-19,24.2,1656.29,Delayed
SH002157,W03,ST07,CR03,"April 16, 2025",17/04/2025,"April 20, 2025",8.5,883.59,Delayed
SH002158,W03,ST07,CR03,"April 18, 2025","April 19, 2025",2025-04-19,27.1,1485.28,On-time
SH002159,W02,ST07,CR02,2025-04-19,2025-04-22,22/04/2025,417.6,20163.52,On-time
SH002160,W03,ST07,CR01,20/04/2025,2025-04-21,"April 25, 2025",13.3,1235.73,Delayed
SH002161,W03,ST07,CR04,22/04/2025,"April 23, 2025",25/04/2025,19.6,1236.48,Delayed
SH002162,W03,ST07,CR01,"April 24, 2025",25/04/2025,"April 29, 2025",12.2,820.53,Delayed
SH002163,W03,ST07,CR04,2025-04-25,2025-04-26,"April 26, 2025",31.1,2140.88,On-time
SH002164,W01,ST07,CR03,2025-04-27,29/04/2025,2025-04-29,210.3,9913.79,On-time
SH002165,W03,ST07,CR01,"April 29, 2025",2025-04-30,"May 3, 2025",9.4,742.77,Delayed
SH002166,W03,ST07,CR02,"May 1, 2025",02/05/2025,"May 5, 2025",14.7,1179.79,Delayed
SH002167,W03,ST07,CR03,03/05/2025,04/05/2025,"May 4, 2025",14.4,1105.47,On-time
SH002168,W03,ST07,CR05,2025-05-05,2025-05-06,2025-05-06,29.0,,On-time
SH002169,W01,ST07,CR03,06/05/2025,"May 8, 2025","May 8, 2025",210.3,10317.57,On-time
SH002170,W03,ST07,CR02,"May 8, 2025",09/05/2025,"May 9, 2025",12.5,843.19,On-time
SH002171,W03,ST07,CR03,2025-05-09,10/05/2025,"May 10, 2025",34.0,2172.61,On-time
SH002172,W03,ST07,CR05,"May 11, 2025",2025-05-12,12/05/2025,25.0,1446.41,On-time
SH002173,W03,ST07,CR03,13/05/2025,"May 14, 2025","May 17, 2025",10.1,1176.46,Delayed
SH002174,W03,ST07,CR03,15/05/2025,2025-05-16,16/05/2025,27.3,2004.91,On-time
SH002175,W03,ST07,CR03,"May 16, 2025","May 17, 2025","May 21, 2025",26.0,1888.95,Delayed
SH002176,W03,ST07,CR04,"May 17, 2025",2025-05-18,2025-05-18,26.0,1285.78,On-time
SH002177,W03,ST07,CR03,19/05/2025,20/05/2025,2025-05-20,27.3,1949.51,On-time
SH002178,W03,ST07,CR04,"May 21, 2025",2025-05-22,2025-05-22,28.5,1774.78,On-time
SH002179,W03,ST07,CR03,23/05/2025,"May 24, 2025",2025-05-24,11.5,901.35,On-time
SH002180,W03,ST07,CR05,25/05/2025,"May 26, 2025","May 27, 2025",16.9,1413.36,Delayed
SH002181,W03,ST07,CR01,26/05/2025,2025-05-27,2025-05-27,6.7,844.02,On-time
SH002182,W01,ST07,CR05,27/05/2025,29/05/2025,29/05/2025,210.3,10127.51,On-time
SH002183,W03,ST07,CR04,"May 28, 2025",2025-05-29,29/05/2025,17.8,1123.19,On-time
SH002184,W03,ST07,CR03,2025-05-30,2025-05-31,2025-06-02,17.8,1820.46,Delayed
SH002185,W03,ST07,CR01,2025-06-01,"June 2, 2025",02/06/2025,18.9,1522.08,On-time
SH002186,W03,ST07,CR02,2025-06-03,"June 4, 2025",2025-06-04,25.6,,On-time
SH002187,W03,ST07,CR05,"June 5, 2025","June 6, 2025",06/06/2025,26.3,1721.03,On-time
SH002188,W03,ST07,CR05,07/06/2025,"June 8, 2025",2025-06-08,27.2,1423.83,On-time
SH002189,W03,ST07,CR01,"June 9, 2025",2025-06-10,10/06/2025,15.3,1174.52,On-time
SH002190,W03,ST07,CR04,10/06/2025,11/06/2025,"June 11, 2025",30.9,2141.18,On-time
SH002191,W03,ST07,CR05,11/06/2025,"June 12, 2025","June 12, 2025",14.8,879.1,On-time
SH002192,W03,ST07,CR03,"June 12, 2025",13/06/2025,15/06/2025,28.2,2339.83,Damaged
SH002193,W03,ST07,CR03,2025-06-14,"June 15, 2025",15/06/2025,10.3,933.72,On-time
SH002194,W03,ST07,CR03,15/06/2025,16/06/2025,16/06/2025,5.9,704.21,On-time
SH002195,W02,ST07,CR02,"June 16, 2025",2025-06-19,21/06/2025,417.6,23292.14,Damaged
SH002196,W03,ST07,CR02,18/06/2025,"June 19, 2025",19/06/2025,25.7,1313.48,On-time
SH002197,W03,ST07,CR03,2025-06-20,"June 21, 2025",21/06/2025,31.6,1696.28,On-time
SH002198,W03,ST07,CR02,"June 22, 2025",2025-06-23,23/06/2025,13.7,1044.32,On-time
SH002199,W03,ST07,CR05,24/06/2025,25/06/2025,29/06/2025,26.7,1652.34,Delayed
SH002200,W03,ST07,CR01,25/06/2025,"June 26, 2025","June 26, 2025",22.3,1453.17,On-time
SH002201,W02,ST07,CR01,2025-06-26,"June 29, 2025",2025-07-03,417.6,25154.27,Delayed
SH002202,W03,ST07,CR05,28/06/2025,2025-06-29,"June 29, 2025",6.3,637.88,On-time
SH002203,W03,ST07,CR02,2025-06-29,"June 30, 2025","June 30, 2025",19.9,1217.89,On-time
SH002204,W03,ST07,CR04,01/07/2025,"July 2, 2025",02/07/2025,29.6,1994.36,On-time
SH002205,W03,ST07,CR05,"July 2, 2025","July 3, 2025","July 3, 2025",27.5,1887.79,On-time
SH002206,W03,ST07,CR03,04/07/2025,"July 5, 2025",05/07/2025,29.1,1857.73,On-time
SH002207,W03,ST07,CR02,"July 6, 2025",2025-07-07,07/07/2025,25.3,1505.96,On-time
SH002208,W03,ST07,CR03,08/07/2025,"July 9, 2025","July 9, 2025",18.9,1234.51,On-time
SH002209,W03,ST07,CR04,09/07/2025,2025-07-10,2025-07-13,22.8,1321.57,Delayed
SH002210,W03,ST07,CR02,11/07/2025,2025-07-12,"July 12, 2025",34.4,1929.31,On-time
SH002211,W03,ST07,CR01,"July 12, 2025",13/07/2025,"July 13, 2025",22.8,1331.39,On-time
SH002212,W03,ST07,CR03,"July 14, 2025","July 15, 2025",15/07/2025,30.8,1649.51,On-time
SH002213,W03,ST07,CR01,16/07/2025,17/07/2025,"July 17, 2025",18.5,1380.13,On-time
SH002214,W03,ST07,CR02,"July 18, 2025","July 19, 2025",19/07/2025,13.8,710.9,On-time
SH002215,W03,ST07,CR04,20/07/2025,21/07/2025,22/07/2025,33.3,2022.39,Lost
SH002216,W01,ST07,CR01,"July 21, 2025","July 23, 2025",27/07/2025,210.3,7720.06,Damaged
SH002217,W03,ST07,CR02,23/07/2025,"July 24, 2025",27/07/2025,23.7,1790.81,Delayed
SH002218,W02,ST07,CR03,"July 24, 2025",2025-07-27,"July 27, 2025",417.6,17471.46,On-time
SH002219,W03,ST07,CR05,2025-07-26,"July 27, 2025",2025-07-28,15.8,1131.1,Delayed
SH002220,W03,ST07,CR01,28/07/2025,2025-07-29,29/07/2025,17.4,930.35,On-time
SH002221,W03,ST07,CR01,2025-07-30,2025-07-31,"July 31, 2025",8.1,1056.21,On-time
SH002222,W03,ST07,CR04,"August 1, 2025","August 2, 2025",02/08/2025,26.5,1302.14,On-time
SH002223,W03,ST07,CR01,"August 3, 2025",04/08/2025,2025-08-04,19.7,1425.86,On-time
SH002224,W02,ST07,CR03,04/08/2025,"August 7, 2025","August 7, 2025",417.6,15699.94,On-time
SH002225,W03,ST07,CR05,2025-08-05,"August 6, 2025","August 6, 2025",34.5,1733.36,On-time
SH002226,W03,ST07,CR01,2025-08-07,2025-08-08,08/08/2025,23.0,1370.6,On-time
SH002227,W03,ST07,CR01,2025-08-08,09/08/2025,2025-08-09,25.8,1282.64,On-time
SH002228,W03,ST07,CR01,2025-08-10,11/08/2025,2025-08-11,24.3,1368.96,On-time
SH002229,W03,ST07,CR01,"August 12, 2025",2025-08-13,"August 13, 2025",17.7,1245.37,On-time
SH002230,W03,ST07,CR03,"August 13, 2025",2025-08-14,2025-08-16,10.2,810.64,Lost
SH002231,W03,ST07,CR01,"August 15, 2025",2025-08-16,2025-08-16,10.9,612.72,On-time
SH002232,W01,ST07,CR03,"August 17, 2025",19/08/2025,20/08/2025,210.3,9644.72,Delayed
SH002233,W03,ST07,CR05,"August 19, 2025",2025-08-20,"August 20, 2025",25.0,1400.0,Damaged
SH002234,W03,ST07,CR04,21/08/2025,22/08/2025,"August 22, 2025",16.0,1718.44,On-time
SH002235,W02,ST07,CR02,"August 23, 2025",26/08/2025,"August 30, 2025",417.6,22153.63,Delayed
SH002236,W03,ST07,CR04,2025-08-25,2025-08-26,26/08/2025,22.3,1564.17,On-time
SH002237,W03,ST07,CR01,2025-08-26,27/08/2025,27/08/2025,20.6,1389.03,On-time
SH002238,W03,ST07,CR02,27/08/2025,2025-08-28,"August 30, 2025",8.4,559.56,Delayed
SH002239,W03,ST07,CR01,"August 29, 2025",2025-08-30,"August 30, 2025",18.1,1601.36,On-time
SH002240,W03,ST07,CR04,2025-08-31,01/09/2025,2025-09-01,27.1,1650.19,On-time
SH002241,W03,ST07,CR01,2025-09-02,03/09/2025,2025-09-06,12.4,1051.33,Delayed
SH002242,W03,ST07,CR05,2025-09-04,05/09/2025,"September 5, 2025",25.1,1450.11,On-time
SH002243,W03,ST07,CR01,"September 6, 2025",07/09/2025,07/09/2025,21.9,1429.55,On-time
SH002244,W03,ST07,CR05,08/09/2025,2025-09-09,09/09/2025,24.2,1261.64,On-time
SH002245,W03,ST07,CR03,2025-09-09,10/09/2025,"September 12, 2025",25.6,1734.39,Delayed
SH002246,W03,ST07,CR03,11/09/2025,12/09/2025,"September 12, 2025",14.2,1113.31,On-time
SH002247,W02,ST07,CR04,13/09/2025,"September 16, 2025",2025-09-16,417.6,14850.68,On-time
SH002248,W03,ST07,CR04,"September 15, 2025","September 16, 2025","September 18, 2025",9.6,829.08,Delayed
SH002249,W03,ST07,CR01,17/09/2025,2025-09-18,18/09/2025,25.2,1407.54,On-time
SH002250,W03,ST07,CR01,19/09/2025,20/09/2025,"September 22, 2025",29.1,1740.26,Delayed
SH002251,W03,ST07,CR05,"September 21, 2025",2025-09-22,22/09/2025,11.5,1067.66,On-time
SH002252,W03,ST07,CR03,2025-09-22,"September 23, 2025",23/09/2025,22.1,1092.68,On-time
SH002253,W03,ST07,CR02,2025-09-23,"September 24, 2025",2025-09-24,29.6,1988.1,On-time
SH002254,W03,ST07,CR04,2025-09-25,26/09/2025,26/09/2025,31.7,1520.27,On-time
SH002255,W03,ST07,CR04,2025-09-27,2025-09-28,2025-10-02,21.6,1411.61,Delayed
SH002256,W01,ST07,CR02,2025-09-29,"October 1, 2025",2025-10-05,210.3,10934.51,Delayed
SH002257,W03,ST07,CR02,"October 1, 2025","October 2, 2025",05/10/2025,27.2,1496.22,Delayed
SH002258,W03,ST07,CR04,03/10/2025,04/10/2025,"October 4, 2025",19.4,1084.24,On-time
SH002259,W03,ST07,CR03,"October 5, 2025",2025-10-06,"October 8, 2025",34.3,2099.94,Delayed
SH002260,W03,ST07,CR01,07/10/2025,"October 8, 2025","October 8, 2025",19.6,1585.23,On-time
SH002261,W03,ST07,CR01,"October 8, 2025",09/10/2025,09/10/2025,19.3,1209.13,On-time
SH002262,W03,ST07,CR03,2025-10-09,2025-10-10,10/10/2025,28.9,1553.5,On-time
SH002263,W03,ST07,CR03,"October 11, 2025",2025-10-12,15/10/2025,19.4,1289.31,Delayed
SH002264,W01,ST07,CR02,2025-10-12,2025-10-14,"October 14, 2025",210.3,,On-time
SH002265,W03,ST07,CR03,"October 13, 2025",14/10/2025,"October 14, 2025",24.0,1137.39,On-time
SH002266,W03,ST07,CR01,"October 15, 2025","October 16, 2025","October 16, 2025",21.5,1491.24,On-time
SH002267,W03,ST07,CR03,"October 16, 2025","October 17, 2025",20/10/2025,27.3,1633.18,Delayed
SH002268,W03,ST07,CR05,"October 18, 2025",2025-10-19,19/10/2025,33.3,2095.89,On-time
SH002269,W03,ST07,CR04,2025-10-20,2025-10-21,"October 23, 2025",13.9,1129.73,Delayed
SH002270,W03,ST07,CR02,"October 22, 2025","October 23, 2025",23/10/2025,14.6,1055.56,On-time
SH002271,W03,ST07,CR01,"October 23, 2025",2025-10-24,"October 24, 2025",28.1,1731.78,On-time
SH002272,W03,ST07,CR05,2025-10-25,26/10/2025,"October 30, 2025",16.2,765.28,Delayed
SH002273,W03,ST07,CR01,2025-10-27,2025-10-28,2025-10-28,10.6,1249.94,On-time
SH002274,W03,ST07,CR01,"October 29, 2025","October 30, 2025","October 30, 2025",12.1,1008.45,On-time
SH002275,W03,ST07,CR02,30/10/2025,2025-10-31,31/10/2025,31.4,1526.77,On-time
SH002276,W03,ST07,CR04,01/11/2025,2025-11-02,2025-11-02,13.5,909.42,On-time
SH002277,W03,ST07,CR03,03/11/2025,04/11/2025,"November 4, 2025",17.9,903.75,On-time
SH002278,W03,ST07,CR05,2025-11-05,06/11/2025,"November 6, 2025",32.5,,On-time
SH002279,W03,ST07,CR02,07/11/2025,2025-11-08,"November 8, 2025",16.5,,On-time
SH002280,W03,ST07,CR03,2025-11-09,10/11/2025,2025-11-10,17.3,1200.21,On-time
SH002281,W03,ST07,CR03,11/11/2025,2025-11-12,"November 12, 2025",19.6,1127.8,On-time
SH002282,W03,ST07,CR05,2025-11-12,2025-11-13,"November 13, 2025",28.5,1836.7,Damaged
SH002283,W03,ST07,CR01,14/11/2025,"November 15, 2025","November 15, 2025",23.7,1649.77,On-time
SH002284,W03,ST07,CR03,16/11/2025,2025-11-17,2025-11-21,25.1,1844.07,Delayed
SH002285,W03,ST07,CR03,"November 18, 2025",2025-11-19,19/11/2025,9.3,764.97,On-time
SH002286,W03,ST07,CR05,2025-11-19,2025-11-20,2025-11-20,30.7,2208.63,On-time
SH002287,W03,ST07,CR01,2025-11-21,2025-11-22,"November 26, 2025",13.1,1290.27,Delayed
SH002288,W03,ST99,CR02,"November 23, 2025",2025-11-24,24/11/2025,24.9,1713.54,On-time
SH002289,W03,ST07,CR01,"November 25, 2025",26/11/2025,26/11/2025,29.8,1979.27,On-time
SH002290,W03,ST07,CR05,27/11/2025,"November 28, 2025",28/11/2025,13.6,1169.56,Lost
SH002291,W03,ST07,CR01,2025-11-29,30/11/2025,2025-11-30,19.1,1424.23,On-time
SH002292,W03,ST07,CR02,"December 1, 2025","December 2, 2025",2025-12-03,19.7,1389.52,Delayed
SH002293,W03,ST07,CR03,"December 3, 2025",2025-12-04,04/12/2025,28.9,1664.29,On-time
SH002294,W03,ST07,CR05,2025-12-04,2025-12-05,05/12/2025,25.4,1464.81,On-time
SH002295,W03,ST07,CR03,"December 6, 2025",2025-12-07,07/12/2025,12.8,,On-time
SH002296,W03,ST07,CR03,2025-12-08,09/12/2025,2025-12-09,18.5,1048.36,On-time
SH002297,W03,ST07,CR03,10/12/2025,"December 11, 2025","December 11, 2025",14.0,1110.09,On-time
SH002298,W03,ST07,CR03,12/12/2025,"December 13, 2025",2025-12-13,29.3,1716.13,On-time
SH002299,W03,ST07,CR03,"December 13, 2025",2025-12-14,"December 14, 2025",15.6,925.42,On-time
SH002300,W03,ST07,CR05,15/12/2025,2025-12-16,2025-12-16,25.1,1211.74,On-time
SH002301,W03,ST07,CR03,17/12/2025,2025-12-18,"December 18, 2025",27.3,1883.15,On-time
SH002302,W03,ST07,CR01,19/12/2025,"December 20, 2025",2025-12-20,11.1,942.69,On-time
SH002303,W03,ST07,CR02,20/12/2025,21/12/2025,2025-12-21,15.5,1273.8,On-time
SH002304,W03,ST07,CR03,"December 21, 2025","December 22, 2025","December 26, 2025",11.2,1157.08,Delayed
SH002305,W03,ST07,CR02,23/12/2025,24/12/2025,"December 25, 2025",27.1,1775.8,Delayed
SH002306,W03,ST07,CR03,2025-12-25,2025-12-26,2025-12-26,25.3,1508.47,Damaged
SH002307,W03,ST07,CR01,"December 26, 2025",2025-12-27,31/12/2025,16.7,1648.9,Delayed
SH002308,W03,ST07,CR05,27/12/2025,28/12/2025,2025-12-28,32.0,1928.78,Damaged
SH002309,W03,ST07,CR05,28/12/2025,29/12/2025,29/12/2025,8.7,720.02,On-time
SH002310,W03,ST07,CR05,2025-12-30,31/12/2025,31/12/2025,31.7,1981.58,On-time
SH002311,W02,ST08,CR03,"January 2, 2024","January 5, 2024","January 5, 2024",417.6,,On-time
SH002312,W03,ST08,CR05,"January 3, 2024",2024-01-04,"January 4, 2024",24.1,1286.3,On-time
SH002313,W03,ST08,CR05,04/01/2024,"January 5, 2024",05/01/2024,33.7,1990.71,On-time
SH002314,W03,ST08,CR05,"January 5, 2024",06/01/2024,06/01/2024,31.3,1498.11,On-time
SH002315,W03,ST08,CR02,2024-01-06,07/01/2024,2024-01-07,22.8,1296.86,On-time
SH002316,W03,ST08,CR01,2024-01-07,2024-01-08,2024-01-08,12.6,1082.6,On-time
SH002317,W03,ST08,CR03,2024-01-08,"January 9, 2024",2024-01-09,21.4,1560.41,On-time
SH002318,W03,ST08,CR01,2024-01-09,2024-01-10,10/01/2024,20.4,1391.03,On-time
SH002319,W03,ST08,CR02,10/01/2024,11/01/2024,"January 11, 2024",8.4,621.46,On-time
SH002320,W03,ST08,CR04,11/01/2024,"January 12, 2024",2024-01-12,17.6,1097.32,On-time
SH002321,W03,ST08,CR04,"January 12, 2024",13/01/2024,2024-01-13,28.4,1380.99,On-time
SH002322,W03,ST08,CR04,"January 13, 2024",2024-01-14,14/01/2024,14.9,,On-time
SH002323,W01,ST08,CR02,"January 14, 2024","January 16, 2024","January 16, 2024",210.3,10017.48,On-time
SH002324,W03,ST08,CR05,"January 15, 2024",16/01/2024,16/01/2024,24.0,1628.81,On-time
SH002325,W03,ST08,CR03,"January 16, 2024",17/01/2024,17/01/2024,33.5,1611.81,On-time
SH002326,W03,ST08,CR04,"January 17, 2024","January 18, 2024",2024-01-18,12.9,1052.03,On-time
SH002327,W01,ST08,CR03,2024-01-18,"January 20, 2024",20/01/2024,210.3,10190.97,On-time
SH002328,W03,ST99,CR02,"January 19, 2024","January 20, 2024",2024-01-20,14.8,1139.95,On-time
SH002329,W01,ST08,CR02,20/01/2024,"January 22, 2024","January 22, 2024",210.3,11286.22,On-time
SH002330,W03,ST08,CR05,2024-01-21,22/01/2024,2024-01-22,15.2,,On-time
SH002331,W03,ST08,CR02,2024-01-22,2024-01-23,23/01/2024,6.3,802.82,On-time
SH002332,W03,ST08,CR03,2024-01-23,2024-01-24,"January 24, 2024",20.3,,On-time
SH002333,W03,ST08,CR02,"January 24, 2024",2024-01-25,26/01/2024,9.2,884.66,Delayed
SH002334,W03,ST08,CR04,2024-01-25,2024-01-26,"January 26, 2024",8.0,796.6,On-time
SH002335,W03,ST08,CR03,2024-01-26,27/01/2024,27/01/2024,27.0,1949.97,On-time
SH002336,W01,ST08,CR01,2024-01-27,"January 29, 2024",29/01/2024,210.3,9301.32,On-time
SH002337,W03,ST08,CR05,"January 28, 2024",2024-01-29,2024-02-02,14.6,1162.99,Delayed
SH002338,W03,ST08,CR03,29/01/2024,"January 30, 2024",02/02/2024,21.7,1121.67,Delayed
SH002339,W03,ST08,CR01,"January 30, 2024","January 31, 2024",31/01/2024,24.2,1441.23,On-time
SH002340,W03,ST08,CR01,2024-01-31,01/02/2024,"February 5, 2024",22.7,1547.86,Delayed
SH002341,W03,ST08,CR04,2024-02-01,"February 2, 2024",2024-02-02,28.9,1599.22,On-time
SH002342,W03,ST08,CR01,"February 2, 2024",03/02/2024,2024-02-03,11.6,988.61,On-time
SH002343,W03,ST08,CR02,"February 3, 2024",04/02/2024,2024-02-04,29.7,2087.25,On-time
SH002344,W03,ST08,CR02,2024-02-04,"February 5, 2024",05/02/2024,25.9,1953.96,On-time
SH002345,W03,ST08,CR03,"February 5, 2024","February 6, 2024","February 6, 2024",27.6,1745.54,On-time
SH002346,W02,ST08,CR04,06/02/2024,09/02/2024,2024-02-10,417.6,20854.58,Delayed
SH002347,W03,ST08,CR02,"February 7, 2024","February 8, 2024","February 11, 2024",30.5,,Delayed
SH002348,W03,ST08,CR02,"February 8, 2024","February 9, 2024",2024-02-09,23.6,1856.94,On-time
SH002349,W03,ST08,CR05,2024-02-09,10/02/2024,2024-02-10,28.4,1392.73,On-time
SH002350,W03,ST08,CR02,"February 10, 2024",11/02/2024,12/02/2024,34.9,1832.63,Delayed
SH002351,W02,ST08,CR03,11/02/2024,2024-02-14,2024-02-14,417.6,20592.17,On-time
SH002352,W03,ST08,CR03,"February 12, 2024","February 13, 2024","February 13, 2024",9.8,1265.24,On-time
SH002353,W03,ST08,CR03,13/02/2024,"February 14, 2024","February 14, 2024",10.3,,Damaged
SH002354,W03,ST08,CR03,14/02/2024,2024-02-15,"February 15, 2024",29.2,1747.02,On-time
SH002355,W03,ST08,CR03,2024-02-15,2024-02-16,16/02/2024,24.5,1585.15,On-time
SH002356,W03,ST08,CR05,16/02/2024,17/02/2024,17/02/2024,12.7,1782.69,On-time
SH002357,W03,ST08,CR02,2024-02-17,2024-02-18,18/02/2024,9.1,859.9,On-time
SH002358,W03,ST08,CR05,18/02/2024,19/02/2024,19/02/2024,33.2,1810.22,On-time
SH002359,W03,ST08,CR02,19/02/2024,2024-02-20,2024-02-20,15.6,1066.24,On-time
SH002360,W03,ST08,CR05,20/02/2024,"February 21, 2024",2024-02-21,11.2,1028.53,On-time
SH002361,W03,ST08,CR05,21/02/2024,22/02/2024,2024-02-22,18.1,1168.75,On-time
SH002362,W03,ST08,CR01,"February 22, 2024",23/02/2024,23/02/2024,19.7,1371.31,On-time
SH002363,W03,ST08,CR01,2024-02-23,"February 24, 2024","February 24, 2024",14.1,,On-time
SH002364,W03,ST08,CR02,24/02/2024,25/02/2024,2024-02-25,29.3,1805.66,On-time
SH002365,W03,ST08,CR01,2024-02-25,26/02/2024,26/02/2024,26.9,1940.67,On-time
SH002366,W03,ST08,CR02,2024-02-26,"February 27, 2024","February 27, 2024",21.4,1334.29,On-time
SH002367,W03,ST08,CR02,2024-02-27,2024-02-28,2024-02-28,8.2,762.5,On-time
SH002368,W03,ST08,CR04,28/02/2024,2024-02-29,29/02/2024,18.0,1390.21,On-time
SH002369,W03,ST08,CR02,29/02/2024,"March 1, 2024","March 1, 2024",12.8,,On-time
SH002370,W03,ST08,CR04,"March 1, 2024",2024-03-02,"March 2, 2024",27.1,1623.68,On-time
SH002371,W03,ST08,CR01,"March 2, 2024",03/03/2024,"March 3, 2024",22.0,1516.58,On-time
SH002372,W03,ST08,CR04,03/03/2024,2024-03-04,2024-03-04,10.5,1023.41,On-time
SH002373,W03,ST08,CR04,2024-03-04,"March 5, 2024","March 8, 2024",12.6,887.09,Delayed
SH002374,W03,ST08,CR05,2024-03-05,06/03/2024,"March 6, 2024",26.9,1843.89,On-time
SH002375,W03,ST08,CR03,"March 6, 2024",2024-03-07,"March 7, 2024",28.6,1959.29,On-time
SH002376,W03,ST08,CR02,"March 7, 2024",08/03/2024,"March 8, 2024",31.3,1619.21,On-time
SH002377,W03,ST08,CR05,2024-03-08,2024-03-09,"March 12, 2024",5.0,,Delayed
SH002378,W03,ST08,CR01,09/03/2024,2024-03-10,10/03/2024,34.9,2093.43,On-time
SH002379,W03,ST08,CR01,10/03/2024,2024-03-11,2024-03-11,10.7,1292.16,On-time
SH002380,W03,ST08,CR02,2024-03-11,12/03/2024,2024-03-12,20.3,1421.54,On-time
SH002381,W03,ST08,CR04,"March 12, 2024","March 13, 2024",13/03/2024,8.9,964.53,On-time
SH002382,W03,ST08,CR02,2024-03-13,2024-03-14,"March 14, 2024",31.4,1881.09,On-time
SH002383,W03,ST08,CR03,"March 14, 2024",15/03/2024,"March 15, 2024",23.9,1519.24,On-time
SH002384,W03,ST08,CR01,15/03/2024,"March 16, 2024","March 16, 2024",17.4,1120.26,On-time
SH002385,W03,ST08,CR05,2024-03-16,17/03/2024,19/03/2024,15.9,1040.0,Delayed
SH002386,W03,ST08,CR03,2024-03-17,"March 18, 2024","March 18, 2024",16.7,1344.26,On-time
SH002387,W03,ST08,CR03,2024-03-18,"March 19, 2024","March 19, 2024",16.8,943.42,On-time
SH002388,W03,ST08,CR02,"March 19, 2024",20/03/2024,2024-03-20,17.2,1571.27,On-time
SH002389,W03,ST08,CR05,2024-03-20,"March 21, 2024",21/03/2024,11.9,671.99,On-time
SH002390,W03,ST08,CR02,2024-03-21,"March 22, 2024",2024-03-22,30.9,2177.18,On-time
SH002391,W03,ST08,CR03,2024-03-22,23/03/2024,23/03/2024,20.0,1329.43,Damaged
SH002392,W03,ST08,CR02,2024-03-23,24/03/2024,2024-03-24,8.4,723.78,On-time
SH002393,W03,ST08,CR04,24/03/2024,25/03/2024,29/03/2024,24.4,1372.75,Delayed
SH002394,W03,ST08,CR04,"March 25, 2024","March 26, 2024",2024-03-29,10.1,647.92,Delayed
SH002395,W03,ST08,CR05,26/03/2024,"March 27, 2024",2024-03-27,18.2,1293.89,On-time
SH002396,W03,ST08,CR05,27/03/2024,28/03/2024,2024-03-28,20.8,1325.07,Damaged
SH002397,W03,ST99,CR02,28/03/2024,29/03/2024,29/03/2024,18.1,1401.71,On-time
SH002398,W03,ST08,CR04,29/03/2024,2024-03-30,30/03/2024,8.0,600.61,On-time
SH002399,W03,ST08,CR02,"March 30, 2024","March 31, 2024","March 31, 2024",20.2,1493.46,Damaged
SH002400,W03,ST08,CR05,2024-03-31,01/04/2024,2024-04-01,29.1,1665.22,On-time
SH002401,W02,ST08,CR02,01/04/2024,04/04/2024,"April 4, 2024",417.6,19013.22,On-time
SH002402,W03,ST08,CR01,02/04/2024,"April 3, 2024","April 3, 2024",21.6,1232.83,On-time
SH002403,W03,ST08,CR01,03/04/2024,04/04/2024,"April 4, 2024",27.1,1689.99,On-time
SH002404,W03,ST08,CR05,"April 4, 2024",05/04/2024,"April 5, 2024",16.1,1168.04,On-time
SH002405,W03,ST08,CR02,05/04/2024,"April 6, 2024","April 6, 2024",23.8,1335.43,On-time
SH002406,W03,ST08,CR01,"April 6, 2024",2024-04-07,07/04/2024,10.1,813.51,On-time
SH002407,W03,ST08,CR03,2024-04-07,2024-04-08,"April 8, 2024",8.1,790.45,On-time
SH002408,W03,ST08,CR04,2024-04-08,09/04/2024,"April 9, 2024",8.3,889.55,On-time
SH002409,W03,ST08,CR04,09/04/2024,10/04/2024,2024-04-14,17.4,1211.79,Delayed
SH002410,W02,ST08,CR03,"April 10, 2024",2024-04-13,2024-04-13,417.6,20402.94,On-time
SH002411,W03,ST08,CR04,"April 11, 2024",12/04/2024,"April 12, 2024",16.4,955.85,On-time
SH002412,W03,ST08,CR04,"April 12, 2024",2024-04-13,13/04/2024,16.5,1279.88,On-time
SH002413,W03,ST08,CR03,2024-04-13,2024-04-14,2024-04-14,23.9,1236.21,On-time
SH002414,W03,ST08,CR04,"April 14, 2024",2024-04-15,"April 15, 2024",12.1,771.88,On-time
SH002415,W03,ST08,CR05,"April 15, 2024",16/04/2024,"April 16, 2024",25.2,1633.96,On-time
SH002416,W03,ST08,CR01,2024-04-16,17/04/2024,17/04/2024,16.8,1129.7,On-time
SH002417,W03,ST08,CR05,2024-04-17,"April 18, 2024",18/04/2024,8.6,979.81,On-time
SH002418,W03,ST08,CR05,2024-04-18,19/04/2024,2024-04-19,13.7,846.63,On-time
SH002419,W02,ST08,CR02,19/04/2024,2024-04-22,23/04/2024,417.6,20011.47,Delayed
SH002420,W03,ST08,CR01,2024-04-20,"April 21, 2024","April 24, 2024",13.3,1103.1,Delayed
SH002421,W03,ST08,CR01,"April 21, 2024","April 22, 2024",2024-04-22,14.3,1268.12,On-time
SH002422,W03,ST08,CR02,"April 22, 2024",2024-04-23,"April 23, 2024",27.3,1525.22,On-time
SH002423,W03,ST08,CR04,"April 23, 2024","April 24, 2024","April 24, 2024",20.0,1226.26,On-time
SH002424,W03,ST08,CR03,24/04/2024,2024-04-25,2024-04-25,9.0,839.58,On-time
SH002425,W03,ST08,CR02,"April 25, 2024",2024-04-26,27/04/2024,32.6,1631.64,Delayed
SH002426,W03,ST08,CR04,"April 26, 2024",27/04/2024,2024-04-27,16.3,1010.19,On-time
SH002427,W03,ST08,CR03,27/04/2024,28/04/2024,28/04/2024,27.7,,On-time
SH002428,W03,ST08,CR01,2024-04-28,29/04/2024,2024-04-29,17.3,1367.62,On-time
SH002429,W03,ST08,CR02,"April 29, 2024","April 30, 2024",30/04/2024,14.9,1032.83,On-time
SH002430,W03,ST08,CR05,2024-04-30,2024-05-01,2024-05-01,23.4,1583.99,On-time
SH002431,W03,ST08,CR02,2024-05-01,02/05/2024,2024-05-02,27.6,1328.12,On-time
SH002432,W03,ST08,CR01,2024-05-02,2024-05-03,03/05/2024,23.3,1786.47,On-time
SH002433,W03,ST08,CR04,2024-05-03,2024-05-04,04/05/2024,28.0,1596.17,On-time
SH002434,W01,ST08,CR01,"May 4, 2024","May 6, 2024",06/05/2024,210.3,9308.89,Damaged
SH002435,W01,ST08,CR05,2024-05-05,07/05/2024,"May 8, 2024",210.3,11070.86,Delayed
SH002436,W01,ST08,CR05,"May 6, 2024","May 8, 2024","May 8, 2024",210.3,7989.54,On-time
SH002437,W03,ST08,CR01,"May 7, 2024",08/05/2024,2024-05-08,18.1,1196.0,On-time
SH002438,W03,ST08,CR04,08/05/2024,2024-05-09,09/05/2024,20.9,1572.46,On-time
SH002439,W03,ST08,CR03,09/05/2024,2024-05-10,12/05/2024,11.7,603.03,Delayed
SH002440,W03,ST08,CR02,"May 10, 2024","May 11, 2024",15/05/2024,13.5,1019.56,Delayed
SH002441,W03,ST08,CR03,"May 11, 2024",12/05/2024,"May 12, 2024",35.0,2416.79,On-time
SH002442,W03,ST08,CR04,12/05/2024,2024-05-13,"May 13, 2024",27.1,1719.09,On-time
SH002443,W03,ST08,CR01,2024-05-13,"May 14, 2024",2024-05-14,22.6,1282.17,On-time
SH002444,W03,ST08,CR04,14/05/2024,"May 15, 2024","May 15, 2024",29.5,1857.21,On-time
SH002445,W03,ST08,CR01,"May 15, 2024",16/05/2024,2024-05-16,27.9,1653.48,On-time
SH002446,W03,ST08,CR01,16/05/2024,2024-05-17,"May 17, 2024",16.7,1017.83,On-time
SH002447,W03,ST08,CR05,"May 17, 2024",2024-05-18,18/05/2024,34.8,,On-time
SH002448,W03,ST08,CR05,2024-05-18,19/05/2024,2024-05-19,14.0,908.3,On-time
SH002449,W03,ST08,CR03,19/05/2024,"May 20, 2024",2024-05-20,13.1,799.17,On-time
SH002450,W03,ST08,CR02,20/05/2024,"May 21, 2024","May 21, 2024",12.4,1339.15,On-time
SH002451,W03,ST08,CR03,21/05/2024,"May 22, 2024",22/05/2024,17.3,1299.98,Lost
SH002452,W03,ST08,CR02,2024-05-22,2024-05-23,23/05/2024,25.6,1398.06,On-time
SH002453,W03,ST08,CR02,"May 23, 2024",24/05/2024,24/05/2024,12.7,1032.08,On-time
SH002454,W03,ST08,CR02,2024-05-24,2024-05-25,2024-05-29,30.9,1830.31,Delayed
SH002455,W03,ST08,CR03,"May 25, 2024",2024-05-26,"May 26, 2024",21.9,1310.29,On-time
SH002456,W03,ST08,CR03,"May 26, 2024",2024-05-27,27/05/2024,28.6,1569.96,On-time
SH002457,W03,ST08,CR03,2024-05-27,28/05/2024,"May 28, 2024",16.3,1113.5,On-time
SH002458,W02,ST08,CR03,"May 28, 2024","May 31, 2024","May 31, 2024",259.5,17109.14,On-time
SH002459,W03,ST08,CR05,2024-05-29,30/05/2024,2024-06-02,10.6,1081.97,Delayed
SH002460,W03,ST08,CR04,2024-05-30,31/05/2024,2024-05-31,31.4,1830.67,On-time
SH002461,W03,ST08,CR03,2024-05-31,2024-06-01,"June 1, 2024",15.9,1204.7,Lost
SH002462,W03,ST08,CR02,"June 1, 2024",2024-06-02,02/06/2024,30.6,1876.8,On-time
SH002463,W03,ST08,CR02,2024-06-02,03/06/2024,"June 6, 2024",25.0,1612.37,Delayed
SH002464,W03,ST08,CR03,2024-06-03,"June 4, 2024",04/06/2024,28.4,1916.75,On-time
SH002465,W03,ST08,CR02,04/06/2024,05/06/2024,2024-06-05,11.1,947.57,On-time
SH002466,W03,ST08,CR03,"June 5, 2024",06/06/2024,2024-06-06,26.8,1232.43,On-time
SH002467,W03,ST08,CR01,2024-06-06,"June 7, 2024","June 7, 2024",33.7,1740.07,On-time
SH002468,W02,ST08,CR05,"June 7, 2024",2024-06-10,"June 10, 2024",417.6,,On-time
SH002469,W03,ST08,CR05,2024-06-08,09/06/2024,2024-06-09,25.1,1975.18,On-time
SH002470,W01,ST08,CR02,2024-06-09,"June 11, 2024",11/06/2024,210.3,11083.55,On-time
SH002471,W03,ST08,CR05,10/06/2024,2024-06-11,2024-06-11,34.1,2273.58,Damaged
SH002472,W03,ST08,CR02,"June 11, 2024",12/06/2024,2024-06-12,14.7,,On-time
SH002473,W03,ST08,CR01,12/06/2024,13/06/2024,2024-06-13,34.5,1889.62,On-time
SH002474,W03,ST08,CR05,"June 13, 2024","June 14, 2024",14/06/2024,11.8,1213.36,On-time
SH002475,W03,ST08,CR04,"June 14, 2024",2024-06-15,"June 17, 2024",23.0,1173.46,Delayed
SH002476,W03,ST08,CR03,2024-06-15,"June 16, 2024",16/06/2024,9.6,601.32,On-time
SH002477,W03,ST08,CR01,2024-06-16,2024-06-17,2024-06-17,12.0,,On-time
SH002478,W03,ST08,CR02,17/06/2024,"June 18, 2024",2024-06-18,22.2,1336.44,On-time
SH002479,W03,ST08,CR02,18/06/2024,"June 19, 2024",2024-06-19,14.3,1151.59,On-time
SH002480,W03,ST08,CR03,2024-06-19,20/06/2024,2024-06-20,27.6,2038.97,On-time
SH002481,W01,ST08,CR01,"June 20, 2024",22/06/2024,"June 25, 2024",210.3,10899.93,Delayed
SH002482,W03,ST08,CR02,"June 21, 2024",2024-06-22,22/06/2024,17.0,1131.62,On-time
SH002483,W03,ST08,CR01,22/06/2024,"June 23, 2024","June 24, 2024",28.1,1790.0,Delayed
SH002484,W03,ST08,CR03,23/06/2024,"June 24, 2024",24/06/2024,30.7,1771.24,On-time
SH002485,W03,ST08,CR01,"June 24, 2024",2024-06-25,2024-06-25,18.3,1235.15,On-time
SH002486,W03,ST08,CR05,25/06/2024,26/06/2024,"June 26, 2024",22.0,1913.0,On-time
SH002487,W03,ST08,CR01,2024-06-26,2024-06-27,27/06/2024,14.4,,On-time
SH002488,W03,ST08,CR02,27/06/2024,"June 28, 2024","June 28, 2024",26.4,1700.91,On-time
SH002489,W03,ST08,CR02,"June 28, 2024","June 29, 2024","June 29, 2024",21.4,1163.45,On-time
SH002490,W03,ST08,CR02,2024-06-29,30/06/2024,"June 30, 2024",26.8,,On-time
SH002491,W03,ST08,CR05,30/06/2024,"July 1, 2024",01/07/2024,12.0,1081.23,On-time
SH002492,W03,ST08,CR01,2024-07-01,2024-07-02,02/07/2024,20.3,1377.93,On-time
SH002493,W03,ST08,CR01,"July 2, 2024","July 3, 2024","July 4, 2024",13.8,1354.28,Delayed
SH002494,W03,ST08,CR04,"July 3, 2024",2024-07-04,2024-07-08,10.8,1015.81,Delayed
SH002495,W03,ST08,CR01,2024-07-04,2024-07-05,05/07/2024,34.6,2434.51,On-time
SH002496,W03,ST08,CR03,"July 5, 2024","July 6, 2024",06/07/2024,15.0,1129.51,On-time
SH002497,W02,ST08,CR01,"July 6, 2024",2024-07-09,"July 9, 2024",417.6,15697.2,On-time
SH002498,W03,ST08,CR04,07/07/2024,"July 8, 2024",10/07/2024,10.1,1096.58,Delayed
SH002499,W03,ST08,CR05,"July 8, 2024","July 9, 2024",2024-07-09,16.4,1262.37,Lost
SH002500,W03,ST08,CR05,2024-07-09,"July 10, 2024","July 10, 2024",23.9,1421.31,On-time
SH002501,W03,ST08,CR03,2024-07-10,"July 11, 2024",15/07/2024,26.8,1775.84,Delayed
SH002502,W03,ST08,CR01,11/07/2024,"July 12, 2024","July 12, 2024",32.0,,Damaged
SH002503,W02,ST08,CR04,2024-07-12,2024-07-15,15/07/2024,417.6,19472.46,On-time
SH002504,W03,ST08,CR03,"July 13, 2024","July 14, 2024","July 14, 2024",7.0,854.45,On-time
SH002505,W03,ST08,CR01,2024-07-14,2024-07-15,15/07/2024,12.8,684.21,On-time
SH002506,W01,ST08,CR03,"July 15, 2024","July 17, 2024","July 17, 2024",130.7,11437.12,On-time
SH002507,W03,ST08,CR02,16/07/2024,2024-07-17,20/07/2024,15.8,986.99,Delayed
SH002508,W03,ST08,CR02,17/07/2024,"July 18, 2024",18/07/2024,9.4,780.59,On-time
SH002509,W03,ST08,CR03,2024-07-18,2024-07-19,19/07/2024,16.2,1199.33,On-time
SH002510,W03,ST08,CR04,2024-07-19,"July 20, 2024",24/07/2024,14.3,783.26,Delayed
SH002511,W03,ST08,CR05,"July 20, 2024","July 21, 2024",22/07/2024,21.4,1241.24,Delayed
SH002512,W03,ST08,CR01,21/07/2024,2024-07-22,22/07/2024,8.0,1041.94,Damaged
SH002513,W03,ST08,CR04,22/07/2024,23/07/2024,"July 26, 2024",17.5,1307.46,Delayed
SH002514,W03,ST08,CR04,2024-07-23,"July 24, 2024",24/07/2024,15.8,1283.55,On-time
SH002515,W03,ST08,CR04,24/07/2024,"July 25, 2024",25/07/2024,14.7,1332.74,On-time
SH002516,W03,ST08,CR03,25/07/2024,26/07/2024,2024-07-26,30.3,2007.93,On-time
SH002517,W03,ST08,CR05,2024-07-26,27/07/2024,27/07/2024,33.6,1980.65,On-time
SH002518,W03,ST08,CR05,2024-07-27,28/07/2024,2024-07-28,23.2,1261.07,On-time
SH002519,W02,ST08,CR02,2024-07-28,2024-07-31,2024-07-31,417.6,18247.23,On-time
SH002520,W03,ST08,CR05,29/07/2024,2024-07-30,30/07/2024,12.2,959.02,On-time
SH002521,W03,ST08,CR02,"July 30, 2024",2024-07-31,03/08/2024,20.9,2090.83,Delayed
SH002522,W01,ST08,CR02,"July 31, 2024",02/08/2024,"August 2, 2024",210.3,9170.14,On-time
SH002523,W01,ST08,CR02,"August 1, 2024",03/08/2024,03/08/2024,210.3,8652.72,On-time
SH002524,W03,ST08,CR03,"August 2, 2024",03/08/2024,06/08/2024,34.4,,Delayed
SH002525,W03,ST08,CR05,03/08/2024,04/08/2024,2024-08-04,34.7,2314.78,On-time
SH002526,W03,ST08,CR04,2024-08-04,05/08/2024,07/08/2024,15.3,1154.74,Delayed
SH002527,W03,ST08,CR03,2024-08-05,2024-08-06,2024-08-06,7.5,1237.63,On-time
SH002528,W03,ST08,CR02,"August 6, 2024",07/08/2024,10/08/2024,15.3,1193.42,Delayed
SH002529,W03,ST08,CR05,"August 7, 2024","August 8, 2024","August 8, 2024",17.9,1267.08,On-time
SH002530,W03,ST08,CR04,08/08/2024,"August 9, 2024",2024-08-09,30.9,1578.31,On-time
SH002531,W03,ST08,CR05,2024-08-09,10/08/2024,14/08/2024,21.2,1311.11,Delayed
SH002532,W03,ST08,CR05,2024-08-10,2024-08-11,11/08/2024,29.5,1842.95,On-time
SH002533,W03,ST08,CR02,"August 11, 2024",12/08/2024,2024-08-14,25.8,1896.67,Delayed
SH002534,W03,ST08,CR02,2024-08-12,2024-08-13,2024-08-13,19.3,1147.11,On-time
SH002535,W03,ST08,CR04,2024-08-13,2024-08-14,18/08/2024,14.3,1156.78,Delayed
SH002536,W03,ST08,CR05,2024-08-14,15/08/2024,15/08/2024,22.9,1252.33,On-time
SH002537,W03,ST08,CR01,"August 15, 2024","August 16, 2024",2024-08-16,19.8,1339.29,On-time
SH002538,W03,ST08,CR05,16/08/2024,2024-08-17,"August 17, 2024",12.6,1128.64,On-time
SH002539,W03,ST08,CR03,2024-08-17,"August 18, 2024",2024-08-18,16.9,1066.78,On-time
SH002540,W03,ST08,CR02,18/08/2024,19/08/2024,2024-08-23,20.2,1335.48,Delayed
SH002541,W03,ST08,CR04,19/08/2024,2024-08-20,2024-08-20,20.1,1438.1,On-time
SH002542,W03,ST08,CR01,2024-08-20,2024-08-21,2024-08-21,19.1,1076.28,On-time
SH002543,W03,ST08,CR02,21/08/2024,"August 22, 2024",2024-08-22,16.0,1344.71,On-time
SH002544,W03,ST08,CR02,"August 22, 2024",23/08/2024,"August 23, 2024",7.7,959.3,On-time
SH002545,W03,ST08,CR01,23/08/2024,24/08/2024,24/08/2024,17.6,1199.59,On-time
SH002546,W03,ST08,CR03,2024-08-24,25/08/2024,26/08/2024,12.1,1016.7,Delayed
SH002547,W03,ST08,CR05,2024-08-25,26/08/2024,2024-08-26,20.1,1277.78,On-time
SH002548,W03,ST08,CR03,26/08/2024,"August 27, 2024","August 27, 2024",31.3,1683.65,On-time
SH002549,W03,ST08,CR05,"August 27, 2024","August 28, 2024",2024-08-28,24.5,1452.79,On-time
SH002550,W03,ST08,CR05,2024-08-28,"August 29, 2024","August 29, 2024",9.1,734.01,On-time
SH002551,W03,ST08,CR01,"August 29, 2024","August 30, 2024",2024-08-30,26.0,1295.94,On-time
SH002552,W03,ST08,CR02,2024-08-30,31/08/2024,"September 3, 2024",34.0,,Delayed
SH002553,W03,ST08,CR01,"August 31, 2024",01/09/2024,"September 4, 2024",19.1,1371.45,Delayed
SH002554,W01,ST08,CR01,01/09/2024,"September 3, 2024","September 3, 2024",210.3,11114.95,On-time
SH002555,W03,ST08,CR01,"September 2, 2024",2024-09-03,"September 3, 2024",12.9,1240.89,On-time
SH002556,W03,ST08,CR05,"September 3, 2024",04/09/2024,"September 8, 2024",32.1,2016.21,Delayed
SH002557,W03,ST08,CR02,2024-09-04,"September 5, 2024",2024-09-07,30.2,1543.99,Delayed
SH002558,W03,ST08,CR01,05/09/2024,2024-09-06,"September 6, 2024",21.7,1463.11,On-time
SH002559,W03,ST08,CR03,06/09/2024,07/09/2024,"September 8, 2024",34.1,2150.44,Delayed
SH002560,W03,ST08,CR02,"September 7, 2024",2024-09-08,08/09/2024,20.2,1568.6,On-time
SH002561,W03,ST08,CR01,08/09/2024,2024-09-09,"September 9, 2024",17.1,1210.74,On-time
SH002562,W03,ST08,CR02,2024-09-09,2024-09-10,10/09/2024,18.3,1441.74,On-time
SH002563,W03,ST08,CR05,"September 10, 2024",2024-09-11,2024-09-11,27.2,1576.4,On-time
SH002564,W03,ST08,CR05,11/09/2024,2024-09-12,"September 15, 2024",19.1,1085.92,Delayed
SH002565,W03,ST08,CR01,"September 12, 2024","September 13, 2024",17/09/2024,26.8,1742.74,Delayed
SH002566,W03,ST08,CR01,"September 13, 2024",2024-09-14,2024-09-14,26.8,1386.03,On-time
SH002567,W03,ST08,CR05,2024-09-14,"September 15, 2024",2024-09-17,13.7,892.81,Delayed
SH002568,W03,ST08,CR02,15/09/2024,2024-09-16,"September 16, 2024",33.7,2057.48,On-time
SH002569,W03,ST08,CR02,16/09/2024,"September 17, 2024","September 17, 2024",18.4,1951.38,On-time
SH002570,W03,ST08,CR02,2024-09-17,2024-09-18,18/09/2024,10.0,962.45,On-time
SH002571,W03,ST08,CR05,18/09/2024,19/09/2024,19/09/2024,13.9,1035.38,On-time
SH002572,W03,ST08,CR02,"September 19, 2024",20/09/2024,"September 20, 2024",21.0,1333.23,On-time
SH002573,W03,ST08,CR03,20/09/2024,21/09/2024,2024-09-21,23.7,1507.79,On-time
SH002574,W03,ST08,CR03,"September 21, 2024",2024-09-22,"September 22, 2024",10.4,1025.48,On-time
SH002575,W03,ST08,CR05,22/09/2024,2024-09-23,23/09/2024,21.4,1210.37,On-time
SH002576,W03,ST08,CR02,23/09/2024,2024-09-24,"September 25, 2024",15.7,1181.95,Delayed
SH002577,W03,ST08,CR02,2024-09-24,2024-09-25,2024-09-25,16.4,998.97,On-time
SH002578,W03,ST08,CR03,25/09/2024,26/09/2024,"September 27, 2024",14.0,1130.3,Delayed
SH002579,W03,ST08,CR02,2024-09-26,"September 27, 2024",27/09/2024,23.3,1772.9,On-time
SH002580,W03,ST08,CR05,2024-09-27,2024-09-28,"October 2, 2024",18.0,1189.63,Delayed
SH002581,W03,ST08,CR05,2024-09-28,"September 29, 2024",2024-09-29,13.9,1111.58,On-time
SH002582,W03,ST08,CR02,"September 29, 2024",30/09/2024,2024-10-03,34.2,1815.7,Delayed
SH002583,W03,ST08,CR04,"September 30, 2024","October 1, 2024",2024-10-05,17.2,,Delayed
SH002584,W03,ST08,CR01,"October 1, 2024",02/10/2024,2024-10-05,11.5,,Delayed
SH002585,W03,ST08,CR05,02/10/2024,2024-10-03,03/10/2024,9.1,,On-time
SH002586,W03,ST08,CR02,2024-10-03,04/10/2024,"October 4, 2024",28.6,2187.28,On-time
SH002587,W03,ST08,CR01,"October 4, 2024","October 5, 2024",07/10/2024,20.4,1266.58,Delayed
SH002588,W03,ST08,CR03,05/10/2024,"October 6, 2024",06/10/2024,20.6,1058.78,On-time
SH002589,W03,ST08,CR04,2024-10-06,07/10/2024,2024-10-08,23.2,1584.02,Delayed
SH002590,W03,ST08,CR03,"October 7, 2024",2024-10-08,2024-10-08,11.1,,On-time
SH002591,W03,ST08,CR02,"October 8, 2024",2024-10-09,2024-10-12,32.1,1685.36,Delayed
SH002592,W03,ST08,CR04,2024-10-09,2024-10-10,10/10/2024,9.7,737.76,On-time
SH002593,W03,ST08,CR01,"October 10, 2024","October 11, 2024",2024-10-11,16.7,1265.08,On-time
SH002594,W03,ST08,CR03,2024-10-11,2024-10-12,2024-10-12,17.8,1255.87,On-time
SH002595,W03,ST08,CR03,12/10/2024,"October 13, 2024",2024-10-13,10.4,1002.64,On-time
SH002596,W02,ST08,CR05,13/10/2024,16/10/2024,"October 17, 2024",417.6,18590.83,Delayed
SH002597,W01,ST08,CR03,2024-10-14,16/10/2024,16/10/2024,210.3,9383.09,On-time
SH002598,W03,ST08,CR05,2024-10-15,16/10/2024,16/10/2024,13.9,1032.49,On-time
SH002599,W03,ST08,CR05,16/10/2024,"October 17, 2024",18/10/2024,9.1,961.7,Delayed
SH002600,W03,ST08,CR05,17/10/2024,"October 18, 2024",2024-10-18,24.5,1424.0,On-time
SH002601,W03,ST08,CR03,"October 18, 2024",2024-10-19,2024-10-19,16.6,1160.09,On-time
SH002602,W03,ST08,CR01,19/10/2024,2024-10-20,20/10/2024,12.5,1066.19,On-time
SH002603,W01,ST08,CR02,2024-10-20,"October 22, 2024",2024-10-25,210.3,10279.21,Delayed
SH002604,W03,ST08,CR02,2024-10-21,"October 22, 2024","October 22, 2024",14.3,1258.19,On-time
SH002605,W03,ST08,CR03,"October 22, 2024",2024-10-23,23/10/2024,27.1,,Damaged
SH002606,W03,ST08,CR01,23/10/2024,"October 24, 2024","October 24, 2024",25.1,1667.85,On-time
SH002607,W03,ST08,CR01,2024-10-24,2024-10-25,2024-10-25,29.4,1868.84,On-time
SH002608,W03,ST08,CR02,2024-10-25,"October 26, 2024",2024-10-26,12.7,720.54,On-time
SH002609,W03,ST08,CR01,"October 26, 2024",2024-10-27,2024-10-27,23.6,1080.02,On-time
SH002610,W03,ST08,CR03,27/10/2024,2024-10-28,2024-10-28,26.8,,On-time
SH002611,W03,ST08,CR01,2024-10-28,"October 29, 2024",2024-10-29,31.9,1765.34,On-time
SH002612,W03,ST08,CR02,2024-10-29,30/10/2024,2024-10-30,9.1,989.32,On-time
SH002613,W03,ST08,CR05,"October 30, 2024","October 31, 2024",31/10/2024,25.1,1785.94,On-time
SH002614,W03,ST08,CR02,2024-10-31,01/11/2024,2024-11-01,11.9,1398.44,On-time
SH002615,W03,ST08,CR05,01/11/2024,2024-11-02,"November 2, 2024",32.0,1745.78,On-time
SH002616,W03,ST08,CR02,2024-11-02,03/11/2024,2024-11-03,20.4,1467.86,On-time
SH002617,W03,ST08,CR01,03/11/2024,04/11/2024,2024-11-04,30.3,1901.15,On-time
SH002618,W03,ST08,CR05,"November 4, 2024",05/11/2024,2024-11-05,15.9,936.4,On-time
SH002619,W03,ST08,CR05,05/11/2024,"November 6, 2024","November 8, 2024",28.9,1747.15,Delayed
SH002620,W03,ST08,CR05,"November 6, 2024",2024-11-07,"November 7, 2024",14.8,1221.09,On-time
SH002621,W03,ST08,CR02,07/11/2024,08/11/2024,2024-11-11,20.5,1867.53,Delayed
SH002622,W01,ST08,CR01,"November 8, 2024","November 10, 2024",2024-11-10,210.3,10524.94,On-time
SH002623,W03,ST08,CR01,09/11/2024,10/11/2024,2024-11-10,26.9,1415.65,On-time
SH002624,W03,ST08,CR01,10/11/2024,2024-11-11,11/11/2024,17.9,1585.95,On-time
SH002625,W01,ST08,CR01,2024-11-11,13/11/2024,2024-11-13,210.3,,On-time
SH002626,W02,ST08,CR04,12/11/2024,15/11/2024,"November 17, 2024",417.6,21240.17,Delayed
SH002627,W03,ST08,CR01,13/11/2024,2024-11-14,"November 14, 2024",23.5,1313.24,On-time
SH002628,W03,ST08,CR03,2024-11-14,2024-11-15,15/11/2024,22.4,,On-time
SH002629,W03,ST08,CR04,"November 15, 2024","November 16, 2024",16/11/2024,11.0,983.12,On-time
SH002630,W03,ST08,CR03,2024-11-16,"November 17, 2024","November 17, 2024",26.8,1705.1,On-time
SH002631,W03,ST08,CR02,17/11/2024,2024-11-18,20/11/2024,24.6,1739.06,Delayed
SH002632,W03,ST08,CR02,2024-11-18,"November 19, 2024",2024-11-23,20.3,1193.79,Delayed
SH002633,W03,ST08,CR04,2024-11-19,2024-11-20,"November 20, 2024",33.8,2028.36,On-time
SH002634,W03,ST08,CR02,2024-11-20,2024-11-21,2024-11-21,14.9,1251.67,On-time
SH002635,W03,ST08,CR02,2024-11-21,2024-11-22,"November 22, 2024",17.2,1190.08,On-time
SH002636,W03,ST08,CR02,22/11/2024,23/11/2024,2024-11-23,19.4,1205.56,On-time
SH002637,W03,ST08,CR01,2024-11-23,24/11/2024,2024-11-26,10.7,803.38,Delayed
SH002638,W01,ST08,CR01,24/11/2024,26/11/2024,2024-11-26,210.3,9442.29,On-time
SH002639,W03,ST08,CR01,"November 25, 2024","November 26, 2024","November 26, 2024",25.3,1701.34,On-time
SH002640,W03,ST08,CR04,"November 26, 2024",2024-11-27,"November 27, 2024",24.8,,On-time
SH002641,W03,ST08,CR04,2024-11-27,"November 28, 2024",02/12/2024,13.8,790.6,Delayed
SH002642,W03,ST08,CR04,2024-11-28,29/11/2024,"December 2, 2024",23.8,1559.81,Delayed
SH002643,W03,ST08,CR01,2024-11-29,2024-11-30,30/11/2024,27.0,1394.54,Damaged
SH002644,W03,ST08,CR05,2024-11-30,"December 1, 2024",2024-12-01,29.2,1558.75,On-time
SH002645,W03,ST08,CR05,"December 1, 2024",2024-12-02,2024-12-02,26.1,1490.19,On-time
SH002646,W03,ST08,CR01,02/12/2024,03/12/2024,2024-12-03,20.6,,On-time
SH002647,W03,ST08,CR03,2024-12-03,2024-12-04,2024-12-04,18.1,1054.45,On-time
SH002648,W03,ST08,CR01,04/12/2024,05/12/2024,2024-12-05,32.6,1439.96,On-time
SH002649,W03,ST08,CR03,"December 5, 2024",2024-12-06,2024-12-06,25.3,1447.56,On-time
SH002650,W03,ST08,CR05,06/12/2024,2024-12-07,2024-12-07,14.0,1073.82,On-time
SH002651,W03,ST08,CR01,07/12/2024,08/12/2024,08/12/2024,16.1,992.91,On-time
SH002652,W03,ST08,CR04,"December 8, 2024",2024-12-09,09/12/2024,11.4,744.99,On-time
SH002653,W03,ST08,CR03,2024-12-09,2024-12-10,"December 10, 2024",28.3,1722.38,On-time
SH002654,W03,ST08,CR03,"December 10, 2024",11/12/2024,2024-12-15,6.4,738.35,Delayed
SH002655,W03,ST08,CR05,11/12/2024,12/12/2024,12/12/2024,20.3,1075.33,On-time
SH002656,W02,ST08,CR02,2024-12-12,"December 15, 2024","December 19, 2024",417.6,,Delayed
SH002657,W03,ST08,CR02,"December 13, 2024",2024-12-14,2024-12-14,29.6,2060.8,Damaged
SH002658,W03,ST08,CR01,"December 14, 2024",2024-12-15,"December 15, 2024",22.8,1279.86,On-time
SH002659,W03,ST08,CR04,"December 15, 2024",2024-12-16,2024-12-16,13.1,1019.84,On-time
SH002660,W03,ST08,CR03,16/12/2024,"December 17, 2024",2024-12-17,32.1,1669.4,On-time
SH002661,W03,ST08,CR01,2024-12-17,18/12/2024,18/12/2024,6.4,880.84,Lost
SH002662,W03,ST08,CR03,18/12/2024,"December 19, 2024",2024-12-19,23.5,1565.85,On-time
SH002663,W03,ST08,CR03,2024-12-19,2024-12-20,"December 20, 2024",10.9,1088.13,On-time
SH002664,W03,ST08,CR02,20/12/2024,21/12/2024,"December 21, 2024",23.8,1169.31,On-time
SH002665,W03,ST08,CR02,"December 21, 2024","December 22, 2024",2024-12-22,9.6,746.6,Lost
SH002666,W03,ST08,CR03,"December 22, 2024",2024-12-23,2024-12-23,26.8,1626.03,On-time
SH002667,W03,ST08,CR05,"December 23, 2024",24/12/2024,24/12/2024,29.9,1900.8,On-time
SH002668,W03,ST08,CR01,"December 24, 2024",2024-12-25,25/12/2024,16.9,1367.03,On-time
SH002669,W03,ST08,CR01,"December 25, 2024",2024-12-26,2024-12-26,33.8,2057.78,On-time
SH002670,W03,ST08,CR03,26/12/2024,"December 27, 2024",2024-12-27,14.1,,On-time
SH002671,W03,ST08,CR05,27/12/2024,28/12/2024,28/12/2024,32.9,,On-time
SH002672,W03,ST08,CR04,28/12/2024,"December 29, 2024","December 29, 2024",11.6,804.54,On-time
SH002673,W03,ST08,CR04,2024-12-29,"December 30, 2024",2024-12-30,24.9,1595.53,On-time
SH002674,W03,ST08,CR01,2024-12-30,2024-12-31,2024-12-31,18.8,1491.32,On-time
SH002675,W03,ST08,CR05,31/12/2024,01/01/2025,01/01/2025,10.8,1208.64,On-time
SH002676,W03,ST08,CR01,01/01/2025,2025-01-02,2025-01-02,20.1,1615.69,On-time
SH002677,W03,ST08,CR04,"January 2, 2025",03/01/2025,"January 3, 2025",13.3,1070.76,On-time
SH002678,W03,ST08,CR02,03/01/2025,"January 4, 2025","January 4, 2025",25.7,1421.58,On-time
SH002679,W03,ST08,CR03,"January 4, 2025","January 5, 2025","January 5, 2025",29.5,1872.8,On-time
SH002680,W03,ST08,CR05,2025-01-05,2025-01-06,2025-01-06,30.0,,On-time
SH002681,W03,ST08,CR02,06/01/2025,"January 7, 2025",07/01/2025,24.0,1498.53,Lost
SH002682,W03,ST08,CR01,"January 7, 2025","January 8, 2025",08/01/2025,14.5,,On-time
SH002683,W03,ST08,CR02,2025-01-08,2025-01-09,"January 13, 2025",21.2,1651.1,Delayed
SH002684,W03,ST08,CR05,"January 9, 2025",2025-01-10,2025-01-10,11.5,1088.21,On-time
SH002685,W03,ST08,CR03,10/01/2025,11/01/2025,11/01/2025,17.9,1164.14,On-time
SH002686,W03,ST08,CR01,11/01/2025,"January 12, 2025","January 12, 2025",30.4,1813.02,Lost
SH002687,W03,ST08,CR05,2025-01-12,2025-01-13,2025-01-13,28.0,1379.19,On-time
SH002688,W03,ST08,CR03,2025-01-13,2025-01-14,"January 14, 2025",15.4,1028.61,On-time
SH002689,W03,ST08,CR01,"January 14, 2025",15/01/2025,15/01/2025,9.2,579.66,On-time
SH002690,W03,ST08,CR02,"January 15, 2025",16/01/2025,"January 16, 2025",14.2,1119.38,On-time
SH002691,W03,ST08,CR05,"January 16, 2025",17/01/2025,17/01/2025,5.7,743.02,On-time
SH002692,W01,ST08,CR03,17/01/2025,2025-01-19,19/01/2025,210.3,10212.31,On-time
SH002693,W03,ST08,CR05,18/01/2025,"January 19, 2025",2025-01-19,10.6,936.13,On-time
SH002694,W03,ST08,CR01,2025-01-19,"January 20, 2025",20/01/2025,23.5,1624.26,On-time
SH002695,W03,ST08,CR03,2025-01-20,"January 21, 2025","January 21, 2025",25.1,1432.37,On-time
SH002696,W03,ST08,CR02,21/01/2025,22/01/2025,22/01/2025,33.0,2026.83,On-time
SH002697,W03,ST08,CR05,2025-01-22,2025-01-23,"January 23, 2025",7.9,,On-time
SH002698,W03,ST08,CR04,23/01/2025,2025-01-24,2025-01-27,27.2,1937.05,Delayed
SH002699,W02,ST08,CR01,"January 24, 2025","January 27, 2025",30/01/2025,417.6,21148.71,Delayed
SH002700,W03,ST08,CR02,"January 25, 2025","January 26, 2025",2025-01-26,11.9,1313.08,On-time
SH002701,W03,ST08,CR05,2025-01-26,27/01/2025,27/01/2025,13.5,944.62,On-time
SH002702,W03,ST08,CR03,2025-01-27,2025-01-28,28/01/2025,27.1,1583.85,On-time
SH002703,W03,ST08,CR03,28/01/2025,29/01/2025,2025-01-29,21.7,1350.51,On-time
SH002704,W03,ST08,CR03,"January 29, 2025","January 30, 2025",2025-01-30,30.5,1459.76,On-time
SH002705,W03,ST08,CR04,"January 30, 2025",2025-01-31,31/01/2025,19.2,1190.21,On-time
SH002706,W03,ST08,CR05,31/01/2025,"February 1, 2025",2025-02-01,23.2,1396.66,On-time
SH002707,W01,ST08,CR02,01/02/2025,03/02/2025,2025-02-03,210.3,11821.31,On-time
SH002708,W02,ST08,CR05,02/02/2025,2025-02-05,"February 5, 2025",417.6,21356.37,On-time
SH002709,W03,ST08,CR02,03/02/2025,04/02/2025,2025-02-04,21.6,1571.98,On-time
SH002710,W03,ST08,CR04,2025-02-04,2025-02-05,2025-02-05,30.3,1740.44,On-time
SH002711,W03,ST08,CR02,2025-02-05,2025-02-06,2025-02-06,16.5,1100.89,On-time
SH002712,W03,ST08,CR01,"February 6, 2025",07/02/2025,07/02/2025,19.7,1376.24,On-time
SH002713,W03,ST08,CR03,07/02/2025,2025-02-08,2025-02-12,8.2,1039.58,Delayed
SH002714,W03,ST08,CR01,08/02/2025,"February 9, 2025",2025-02-09,14.2,1012.55,On-time
SH002715,W03,ST08,CR01,"February 9, 2025","February 10, 2025","February 10, 2025",27.5,1560.41,On-time
SH002716,W01,ST08,CR01,10/02/2025,"February 12, 2025","February 12, 2025",130.7,10343.56,Damaged
SH002717,W03,ST08,CR01,2025-02-11,2025-02-12,12/02/2025,26.7,1430.11,On-time
SH002718,W03,ST08,CR03,12/02/2025,2025-02-13,13/02/2025,13.3,1075.47,On-time
SH002719,W03,ST08,CR01,"February 13, 2025",14/02/2025,14/02/2025,20.9,952.19,On-time
SH002720,W03,ST08,CR01,14/02/2025,"February 15, 2025",15/02/2025,15.4,1440.06,On-time
SH002721,W03,ST08,CR04,"February 15, 2025",2025-02-16,"February 19, 2025",24.6,1702.41,Delayed
SH002722,W03,ST08,CR03,2025-02-16,2025-02-17,"February 17, 2025",13.8,953.37,On-time
SH002723,W03,ST08,CR03,17/02/2025,"February 18, 2025","February 18, 2025",27.3,1749.38,On-time
SH002724,W03,ST08,CR03,"February 18, 2025","February 19, 2025","February 19, 2025",10.9,975.34,Damaged
SH002725,W03,ST08,CR05,"February 19, 2025","February 20, 2025",2025-02-20,30.0,1795.33,On-time
SH002726,W03,ST08,CR04,"February 20, 2025","February 21, 2025",2025-02-21,27.9,1847.93,On-time
SH002727,W03,ST08,CR03,21/02/2025,2025-02-22,22/02/2025,33.2,1685.21,On-time
SH002728,W03,ST08,CR01,22/02/2025,2025-02-23,23/02/2025,31.8,1954.37,On-time
SH002729,W03,ST08,CR03,2025-02-23,2025-02-24,24/02/2025,25.4,1429.81,On-time
SH002730,W03,ST08,CR05,"February 24, 2025","February 25, 2025",2025-02-25,19.2,1151.87,On-time
SH002731,W03,ST08,CR03,25/02/2025,26/02/2025,2025-02-26,27.6,1648.71,On-time
SH002732,W03,ST08,CR02,26/02/2025,"February 27, 2025",27/02/2025,16.1,1370.98,On-time
SH002733,W03,ST08,CR03,2025-02-27,2025-02-28,2025-02-28,29.9,1621.62,On-time
SH002734,W03,ST08,CR03,2025-02-28,01/03/2025,2025-03-01,8.9,870.68,On-time
SH002735,W03,ST08,CR04,01/03/2025,02/03/2025,02/03/2025,24.1,,On-time
SH002736,W03,ST08,CR01,02/03/2025,03/03/2025,"March 3, 2025",34.8,2064.83,On-time
SH002737,W03,ST08,CR03,"March 3, 2025",04/03/2025,"March 4, 2025",10.3,1175.07,On-time
SH002738,W03,ST08,CR01,2025-03-04,2025-03-05,"March 5, 2025",33.1,2104.78,On-time
SH002739,W03,ST08,CR05,"March 5, 2025",06/03/2025,"March 6, 2025",23.0,1691.06,On-time
SH002740,W03,ST08,CR01,06/03/2025,2025-03-07,08/03/2025,15.0,1370.91,Delayed
SH002741,W03,ST08,CR02,07/03/2025,"March 8, 2025",2025-03-08,29.4,2118.73,On-time
SH002742,W03,ST08,CR02,2025-03-08,2025-03-09,"March 9, 2025",17.2,1062.45,On-time
SH002743,W03,ST08,CR04,09/03/2025,"March 10, 2025",10/03/2025,22.6,1392.23,On-time
SH002744,W02,ST08,CR05,2025-03-10,"March 13, 2025",2025-03-13,259.5,20440.16,On-time
SH002745,W03,ST08,CR03,"March 11, 2025",12/03/2025,"March 12, 2025",20.2,1558.96,On-time
SH002746,W03,ST08,CR01,2025-03-12,"March 13, 2025","March 13, 2025",8.5,609.96,On-time
SH002747,W03,ST08,CR05,13/03/2025,14/03/2025,"March 14, 2025",32.9,2097.11,On-time
SH002748,W03,ST08,CR05,"March 14, 2025","March 15, 2025","March 15, 2025",9.6,995.16,On-time
SH002749,W03,ST08,CR01,2025-03-15,2025-03-16,2025-03-16,30.5,2373.33,On-time
SH002750,W03,ST08,CR01,"March 16, 2025",2025-03-17,"March 17, 2025",24.8,1220.6,On-time
SH002751,W03,ST08,CR05,2025-03-17,"March 18, 2025",2025-03-21,6.5,1001.86,Delayed
SH002752,W03,ST08,CR01,"March 18, 2025",19/03/2025,2025-03-19,17.8,1366.03,On-time
SH002753,W03,ST08,CR02,"March 19, 2025","March 20, 2025","March 20, 2025",33.9,1662.43,On-time
SH002754,W03,ST08,CR04,20/03/2025,"March 21, 2025","March 21, 2025",28.6,1852.98,On-time
SH002755,W03,ST08,CR01,21/03/2025,22/03/2025,"March 22, 2025",9.4,,On-time
SH002756,W02,ST08,CR03,"March 22, 2025",25/03/2025,25/03/2025,417.6,16774.29,On-time
SH002757,W03,ST08,CR01,2025-03-23,"March 24, 2025",24/03/2025,10.2,,On-time
SH002758,W03,ST08,CR02,24/03/2025,2025-03-25,2025-03-25,34.2,2365.7,On-time
SH002759,W03,ST08,CR03,"March 25, 2025",2025-03-26,2025-03-26,10.4,787.76,On-time
SH002760,W03,ST08,CR03,26/03/2025,27/03/2025,2025-03-27,29.9,1793.26,On-time
SH002761,W03,ST08,CR03,27/03/2025,"March 28, 2025",28/03/2025,27.3,1408.57,On-time
SH002762,W03,ST08,CR01,2025-03-28,29/03/2025,2025-03-29,7.6,849.73,On-time
SH002763,W03,ST08,CR03,"March 29, 2025",2025-03-30,"March 30, 2025",21.8,1167.84,On-time
SH002764,W03,ST08,CR03,2025-03-30,2025-03-31,"April 2, 2025",32.4,1562.09,Damaged
SH002765,W03,ST08,CR01,"March 31, 2025",2025-04-01,"April 1, 2025",10.4,1022.82,On-time
SH002766,W01,ST08,CR02,01/04/2025,2025-04-03,05/04/2025,210.3,11100.53,Delayed
SH002767,W03,ST08,CR03,2025-04-02,03/04/2025,05/04/2025,29.6,1712.5,Delayed
SH002768,W02,ST08,CR05,03/04/2025,06/04/2025,2025-04-06,417.6,,Damaged
SH002769,W03,ST08,CR02,04/04/2025,"April 5, 2025",2025-04-05,6.0,663.72,On-time
SH002770,W03,ST08,CR05,05/04/2025,"April 6, 2025","April 6, 2025",30.6,1460.93,On-time
SH002771,W03,ST08,CR04,2025-04-06,2025-04-07,2025-04-07,16.7,1307.57,On-time
SH002772,W03,ST08,CR01,"April 7, 2025",2025-04-08,2025-04-08,24.2,1543.71,On-time
SH002773,W03,ST08,CR01,08/04/2025,09/04/2025,"April 9, 2025",20.2,1576.64,On-time
SH002774,W03,ST08,CR05,09/04/2025,"April 10, 2025",2025-04-10,17.1,1767.74,On-time
SH002775,W03,ST08,CR01,"April 10, 2025",2025-04-11,2025-04-15,26.8,1450.04,Delayed
SH002776,W03,ST08,CR02,2025-04-11,12/04/2025,"April 12, 2025",15.6,1014.46,On-time
SH002777,W03,ST08,CR03,"April 12, 2025",2025-04-13,2025-04-13,9.8,710.05,Lost
SH002778,W03,ST08,CR05,13/04/2025,14/04/2025,"April 14, 2025",32.5,2133.84,On-time
SH002779,W01,ST08,CR04,14/04/2025,"April 16, 2025",20/04/2025,210.3,11094.69,Delayed
SH002780,W03,ST08,CR01,"April 15, 2025",16/04/2025,2025-04-16,13.5,969.19,Damaged
SH002781,W01,ST08,CR03,16/04/2025,2025-04-18,18/04/2025,210.3,10732.87,On-time
SH002782,W03,ST08,CR03,17/04/2025,"April 18, 2025",2025-04-18,15.4,1299.46,On-time
SH002783,W03,ST08,CR04,2025-04-18,19/04/2025,2025-04-19,9.4,,On-time
SH002784,W03,ST08,CR03,19/04/2025,"April 20, 2025","April 20, 2025",10.5,1111.91,On-time
SH002785,W03,ST08,CR03,2025-04-20,2025-04-21,"April 21, 2025",11.2,727.19,On-time
SH002786,W03,ST08,CR04,2025-04-21,"April 22, 2025",22/04/2025,25.7,1451.17,On-time
SH002787,W03,ST08,CR03,22/04/2025,2025-04-23,"April 23, 2025",10.6,1161.01,On-time
SH002788,W03,ST08,CR03,"April 23, 2025",24/04/2025,2025-04-24,14.3,766.11,On-time
SH002789,W03,ST08,CR05,24/04/2025,25/04/2025,2025-04-25,14.6,,On-time
SH002790,W03,ST08,CR01,2025-04-25,"April 26, 2025",2025-04-26,17.2,2084.8,On-time
SH002791,W03,ST08,CR01,"April 26, 2025","April 27, 2025",2025-04-27,32.1,2180.17,On-time
SH002792,W03,ST08,CR01,2025-04-27,28/04/2025,2025-04-28,29.7,1585.79,On-time
SH002793,W03,ST08,CR01,28/04/2025,29/04/2025,2025-04-29,26.4,1701.83,On-time
SH002794,W03,ST08,CR05,2025-04-29,30/04/2025,"April 30, 2025",28.6,1452.23,On-time
SH002795,W03,ST08,CR03,30/04/2025,2025-05-01,"May 1, 2025",31.5,1412.04,On-time
SH002796,W03,ST08,CR02,"May 1, 2025",02/05/2025,2025-05-02,25.7,1411.86,On-time
SH002797,W03,ST08,CR03,2025-05-02,"May 3, 2025",2025-05-03,19.8,,On-time
SH002798,W03,ST08,CR01,2025-05-03,04/05/2025,04/05/2025,33.0,2279.68,Damaged
SH002799,W03,ST08,CR02,04/05/2025,"May 5, 2025","May 5, 2025",26.3,1718.89,On-time
SH002800,W03,ST08,CR01,"May 5, 2025","May 6, 2025","May 6, 2025",9.1,605.63,On-time
SH002801,W03,ST08,CR03,06/05/2025,07/05/2025,07/05/2025,34.8,1662.35,On-time
SH002802,W03,ST08,CR03,2025-05-07,"May 8, 2025","May 12, 2025",28.9,1719.41,Delayed
SH002803,W03,ST08,CR01,2025-05-08,2025-05-09,"May 9, 2025",13.5,822.68,Damaged
SH002804,W03,ST08,CR03,2025-05-09,2025-05-10,10/05/2025,9.2,1025.71,On-time
SH002805,W02,ST08,CR05,10/05/2025,"May 13, 2025",2025-05-16,417.6,16941.01,Delayed
SH002806,W03,ST08,CR01,11/05/2025,12/05/2025,12/05/2025,14.0,1638.62,On-time
SH002807,W03,ST08,CR01,2025-05-12,2025-05-13,2025-05-13,28.3,1941.67,On-time
SH002808,W03,ST08,CR01,2025-05-13,14/05/2025,"May 14, 2025",20.6,1117.14,Damaged
SH002809,W02,ST08,CR04,14/05/2025,17/05/2025,"May 19, 2025",417.6,23232.77,Delayed
SH002810,W03,ST08,CR05,2025-05-15,"May 16, 2025","May 16, 2025",26.6,2030.79,On-time
SH002811,W03,ST08,CR04,"May 16, 2025",17/05/2025,"May 17, 2025",34.0,2031.62,On-time
SH002812,W03,ST08,CR03,2025-05-17,18/05/2025,"May 18, 2025",14.2,1145.16,On-time
SH002813,W03,ST08,CR05,18/05/2025,2025-05-19,22/05/2025,20.1,1208.84,Delayed
SH002814,W03,ST08,CR04,19/05/2025,20/05/2025,2025-05-20,24.9,1332.23,On-time
SH002815,W03,ST08,CR01,"May 20, 2025",2025-05-21,21/05/2025,14.5,1239.06,On-time
SH002816,W03,ST08,CR04,"May 21, 2025",2025-05-22,22/05/2025,31.9,2038.07,On-time
SH002817,W03,ST08,CR05,2025-05-22,2025-05-23,2025-05-23,8.5,615.47,On-time
SH002818,W03,ST08,CR02,23/05/2025,24/05/2025,24/05/2025,15.1,,On-time
SH002819,W03,ST08,CR04,24/05/2025,"May 25, 2025",2025-05-25,15.2,1089.38,On-time
SH002820,W03,ST08,CR03,25/05/2025,26/05/2025,2025-05-28,15.5,1253.13,Delayed
SH002821,W03,ST08,CR04,2025-05-26,27/05/2025,"May 27, 2025",30.8,1703.66,Lost
SH002822,W03,ST08,CR03,"May 27, 2025",28/05/2025,28/05/2025,14.5,1589.26,On-time
SH002823,W03,ST08,CR03,28/05/2025,2025-05-29,29/05/2025,24.4,1695.21,On-time
SH002824,W03,ST08,CR05,2025-05-29,"May 30, 2025",2025-05-30,8.5,989.0,On-time
SH002825,W03,ST08,CR02,2025-05-30,31/05/2025,31/05/2025,20.6,1549.52,On-time
SH002826,W03,ST08,CR03,"May 31, 2025",01/06/2025,"June 1, 2025",8.9,566.77,On-time
SH002827,W03,ST08,CR05,"June 1, 2025",2025-06-02,"June 2, 2025",20.3,1521.53,On-time
SH002828,W03,ST08,CR04,"June 2, 2025",03/06/2025,"June 3, 2025",18.9,1171.93,On-time
SH002829,W01,ST08,CR04,03/06/2025,2025-06-05,2025-06-06,210.3,8622.55,Delayed
SH002830,W03,ST08,CR03,04/06/2025,2025-06-05,08/06/2025,33.5,2270.25,Delayed
SH002831,W03,ST08,CR04,"June 5, 2025",2025-06-06,07/06/2025,9.0,625.91,Delayed
SH002832,W03,ST08,CR03,06/06/2025,07/06/2025,07/06/2025,30.7,1623.75,On-time
SH002833,W03,ST08,CR03,"June 7, 2025",08/06/2025,2025-06-08,20.8,1116.38,On-time
SH002834,W03,ST08,CR02,"June 8, 2025","June 9, 2025",2025-06-09,33.0,2366.13,On-time
SH002835,W03,ST08,CR02,"June 9, 2025","June 10, 2025","June 10, 2025",30.0,1952.07,On-time
SH002836,W03,ST08,CR03,10/06/2025,2025-06-11,11/06/2025,25.3,1683.92,On-time
SH002837,W03,ST08,CR05,11/06/2025,2025-06-12,2025-06-15,12.2,1371.04,Delayed
SH002838,W01,ST08,CR03,12/06/2025,"June 14, 2025","June 17, 2025",210.3,11457.57,Delayed
SH002839,W03,ST08,CR03,13/06/2025,14/06/2025,2025-06-18,21.5,2213.09,Delayed
SH002840,W03,ST08,CR05,2025-06-14,15/06/2025,15/06/2025,31.0,1600.51,On-time
SH002841,W03,ST08,CR01,"June 15, 2025","June 16, 2025",16/06/2025,26.1,1301.94,On-time
SH002842,W03,ST08,CR01,"June 16, 2025",17/06/2025,"June 17, 2025",25.4,1390.98,On-time
SH002843,W03,ST08,CR03,2025-06-17,"June 18, 2025","June 18, 2025",20.9,1800.99,On-time
SH002844,W03,ST08,CR02,2025-06-18,2025-06-19,2025-06-19,19.3,1218.68,Lost
SH002845,W03,ST08,CR01,2025-06-19,"June 20, 2025",20/06/2025,26.7,1246.03,On-time
SH002846,W03,ST08,CR05,20/06/2025,"June 21, 2025",21/06/2025,30.4,2100.44,On-time
SH002847,W03,ST08,CR02,"June 21, 2025",22/06/2025,"June 22, 2025",34.5,1714.61,On-time
SH002848,W03,ST08,CR02,22/06/2025,"June 23, 2025",2025-06-25,24.2,1535.02,Delayed
SH002849,W01,ST08,CR03,2025-06-23,2025-06-25,2025-06-25,130.7,10307.91,On-time
SH002850,W03,ST08,CR04,24/06/2025,25/06/2025,25/06/2025,8.9,,On-time
SH002851,W03,ST99,CR01,2025-06-25,26/06/2025,2025-06-26,20.1,1294.65,On-time
SH002852,W03,ST08,CR04,26/06/2025,27/06/2025,"June 29, 2025",11.9,,Delayed
SH002853,W03,ST08,CR02,2025-06-27,2025-06-28,28/06/2025,22.1,1223.72,On-time
SH002854,W03,ST08,CR03,2025-06-28,29/06/2025,"June 29, 2025",8.3,890.29,On-time
SH002855,W01,ST08,CR01,29/06/2025,01/07/2025,"July 1, 2025",210.3,8278.09,On-time
SH002856,W03,ST08,CR03,30/06/2025,"July 1, 2025","July 1, 2025",19.0,,On-time
SH002857,W01,ST08,CR02,2025-07-01,2025-07-03,2025-07-03,210.3,11618.64,On-time
SH002858,W03,ST08,CR03,2025-07-02,2025-07-03,"July 3, 2025",18.4,1436.88,On-time
SH002859,W03,ST08,CR05,"July 3, 2025",04/07/2025,"July 6, 2025",27.1,1908.13,Delayed
SH002860,W02,ST08,CR02,"July 4, 2025",2025-07-07,"July 7, 2025",417.6,14239.47,On-time
SH002861,W03,ST08,CR04,05/07/2025,06/07/2025,06/07/2025,32.4,2320.42,On-time
SH002862,W03,ST08,CR01,06/07/2025,07/07/2025,"July 7, 2025",19.9,,On-time
SH002863,W03,ST08,CR01,07/07/2025,08/07/2025,2025-07-08,15.6,1120.42,On-time
SH002864,W03,ST08,CR04,"July 8, 2025",2025-07-09,2025-07-09,28.5,2002.45,On-time
SH002865,W03,ST08,CR05,2025-07-09,"July 10, 2025",10/07/2025,15.4,1222.27,On-time
SH002866,W03,ST08,CR01,"July 10, 2025",11/07/2025,2025-07-14,20.1,1466.96,Delayed
SH002867,W03,ST08,CR02,2025-07-11,"July 12, 2025",2025-07-12,13.7,926.35,On-time
SH002868,W03,ST08,CR05,2025-07-12,13/07/2025,2025-07-13,31.4,2027.21,On-time
SH002869,W03,ST08,CR01,13/07/2025,2025-07-14,14/07/2025,8.7,908.63,On-time
SH002870,W03,ST08,CR03,14/07/2025,15/07/2025,2025-07-16,16.7,1641.34,Delayed
SH002871,W03,ST08,CR05,15/07/2025,16/07/2025,2025-07-16,15.8,1377.25,On-time
SH002872,W03,ST08,CR02,16/07/2025,2025-07-17,17/07/2025,25.1,1494.44,On-time
SH002873,W03,ST08,CR05,"July 17, 2025",2025-07-18,"July 18, 2025",20.3,1386.99,On-time
SH002874,W03,ST08,CR02,"July 18, 2025",19/07/2025,2025-07-19,15.6,903.63,On-time
SH002875,W03,ST08,CR03,"July 19, 2025",20/07/2025,20/07/2025,9.8,827.85,On-time
SH002876,W03,ST08,CR01,"July 20, 2025","July 21, 2025",2025-07-21,24.6,1600.87,On-time
SH002877,W03,ST08,CR04,"July 21, 2025","July 22, 2025",2025-07-24,26.8,1677.95,Delayed
SH002878,W03,ST08,CR05,22/07/2025,2025-07-23,"July 24, 2025",26.8,1856.78,Delayed
SH002879,W03,ST08,CR01,23/07/2025,"July 24, 2025",2025-07-24,20.7,1478.7,On-time
SH002880,W03,ST08,CR05,24/07/2025,"July 25, 2025",25/07/2025,16.9,1048.74,On-time
SH002881,W03,ST08,CR04,"July 25, 2025","July 26, 2025",2025-07-27,20.0,,Delayed
SH002882,W03,ST08,CR04,2025-07-26,"July 27, 2025",2025-07-28,8.8,1219.47,Delayed
SH002883,W03,ST08,CR02,27/07/2025,28/07/2025,31/07/2025,12.0,1075.32,Damaged
SH002884,W03,ST08,CR01,2025-07-28,29/07/2025,29/07/2025,26.9,2033.92,On-time
SH002885,W03,ST08,CR02,"July 29, 2025",30/07/2025,01/08/2025,20.2,1483.19,Delayed
SH002886,W03,ST08,CR04,"July 30, 2025",31/07/2025,2025-08-01,20.1,1296.67,Delayed
SH002887,W03,ST08,CR05,"July 31, 2025",2025-08-01,2025-08-01,9.6,811.04,On-time
SH002888,W03,ST08,CR04,2025-08-01,02/08/2025,"August 2, 2025",14.3,1031.82,On-time
SH002889,W03,ST08,CR05,2025-08-02,2025-08-03,07/08/2025,16.3,1168.61,Delayed
SH002890,W03,ST08,CR02,"August 3, 2025",2025-08-04,"August 4, 2025",18.5,1242.9,On-time
SH002891,W03,ST08,CR04,"August 4, 2025",2025-08-05,05/08/2025,25.4,1630.88,On-time
SH002892,W03,ST08,CR01,"August 5, 2025",06/08/2025,06/08/2025,21.4,,On-time
SH002893,W03,ST08,CR02,"August 6, 2025","August 7, 2025","August 7, 2025",33.3,2316.81,On-time
SH002894,W03,ST08,CR04,07/08/2025,"August 8, 2025",08/08/2025,20.8,1418.36,On-time
SH002895,W03,ST08,CR03,2025-08-08,"August 9, 2025",09/08/2025,32.3,2394.87,On-time
SH002896,W03,ST08,CR03,"August 9, 2025",10/08/2025,"August 10, 2025",12.1,,On-time
SH002897,W03,ST08,CR04,"August 10, 2025",11/08/2025,2025-08-11,11.7,808.71,On-time
SH002898,W03,ST08,CR02,2025-08-11,"August 12, 2025",2025-08-15,34.5,2096.66,Delayed
SH002899,W03,ST08,CR04,12/08/2025,13/08/2025,"August 16, 2025",33.4,2096.81,Delayed
SH002900,W03,ST08,CR01,"August 13, 2025",14/08/2025,"August 14, 2025",22.6,1561.1,On-time
SH002901,W03,ST08,CR03,"August 14, 2025",15/08/2025,15/08/2025,24.2,1752.79,On-time
SH002902,W03,ST08,CR01,15/08/2025,2025-08-16,2025-08-16,23.2,,On-time
SH002903,W03,ST08,CR03,"August 16, 2025",2025-08-17,2025-08-17,34.0,1877.52,On-time
SH002904,W01,ST08,CR01,"August 17, 2025",19/08/2025,19/08/2025,210.3,7990.03,On-time
SH002905,W02,ST08,CR01,2025-08-18,2025-08-21,"August 23, 2025",417.6,14984.44,Damaged
SH002906,W03,ST08,CR03,"August 19, 2025",20/08/2025,20/08/2025,27.5,1642.92,Damaged
SH002907,W01,ST08,CR03,2025-08-20,"August 22, 2025",2025-08-22,210.3,10549.83,On-time
SH002908,W03,ST08,CR05,2025-08-21,22/08/2025,22/08/2025,20.7,1486.0,On-time
SH002909,W03,ST08,CR05,22/08/2025,2025-08-23,23/08/2025,10.3,779.25,On-time
SH002910,W03,ST08,CR04,2025-08-23,24/08/2025,"August 28, 2025",17.1,918.53,Delayed
SH002911,W03,ST08,CR05,24/08/2025,"August 25, 2025","August 25, 2025",16.6,1022.98,On-time
SH002912,W03,ST08,CR01,2025-08-25,2025-08-26,26/08/2025,18.0,941.6,On-time
SH002913,W03,ST08,CR01,2025-08-26,27/08/2025,"August 27, 2025",25.0,1707.59,On-time
SH002914,W03,ST08,CR04,"August 27, 2025","August 28, 2025",30/08/2025,11.2,1097.26,Delayed
SH002915,W03,ST08,CR02,28/08/2025,2025-08-29,2025-08-29,13.0,925.3,On-time
SH002916,W03,ST08,CR03,2025-08-29,"August 30, 2025",31/08/2025,20.9,1411.81,Damaged
SH002917,W02,ST08,CR02,"August 30, 2025",2025-09-02,02/09/2025,417.6,16966.09,On-time
SH002918,W03,ST08,CR02,31/08/2025,01/09/2025,2025-09-02,17.0,1415.56,Delayed
SH002919,W03,ST08,CR01,"September 1, 2025","September 2, 2025","September 2, 2025",18.5,1318.73,On-time
SH002920,W03,ST08,CR03,2025-09-02,03/09/2025,03/09/2025,28.1,1889.58,On-time
SH002921,W03,ST08,CR03,03/09/2025,"September 4, 2025","September 4, 2025",20.1,1522.34,On-time
SH002922,W02,ST08,CR05,2025-09-04,"September 7, 2025",2025-09-07,417.6,19287.88,On-time
SH002923,W03,ST08,CR04,2025-09-05,06/09/2025,06/09/2025,34.8,1696.57,On-time
SH002924,W03,ST08,CR03,06/09/2025,2025-09-07,"September 7, 2025",22.1,1203.77,On-time
SH002925,W03,ST08,CR02,07/09/2025,2025-09-08,2025-09-08,25.2,,On-time
SH002926,W03,ST08,CR04,"September 8, 2025",09/09/2025,09/09/2025,27.2,1415.14,On-time
SH002927,W03,ST08,CR04,"September 9, 2025",2025-09-10,2025-09-11,9.5,770.01,Delayed
SH002928,W03,ST08,CR03,"September 10, 2025",11/09/2025,"September 13, 2025",29.0,2222.56,Delayed
SH002929,W01,ST08,CR04,2025-09-11,13/09/2025,14/09/2025,210.3,10835.74,Delayed
SH002930,W03,ST08,CR02,"September 12, 2025",2025-09-13,13/09/2025,7.8,1018.09,On-time
SH002931,W03,ST08,CR01,"September 13, 2025",14/09/2025,"September 16, 2025",9.6,808.96,Delayed
SH002932,W03,ST99,CR01,14/09/2025,15/09/2025,"September 15, 2025",26.7,1705.9,On-time
SH002933,W03,ST08,CR01,2025-09-15,"September 16, 2025",2025-09-16,18.4,1482.25,On-time
SH002934,W03,ST08,CR01,2025-09-16,2025-09-17,2025-09-17,16.1,1726.47,On-time
SH002935,W03,ST08,CR03,2025-09-17,18/09/2025,20/09/2025,32.7,1597.61,Delayed
SH002936,W03,ST99,CR03,18/09/2025,19/09/2025,2025-09-23,20.8,1160.47,Delayed
SH002937,W03,ST08,CR03,2025-09-19,2025-09-20,"September 20, 2025",20.9,1045.23,On-time
SH002938,W03,ST08,CR05,"September 20, 2025",2025-09-21,21/09/2025,14.7,1127.59,On-time
SH002939,W03,ST08,CR01,2025-09-21,2025-09-22,26/09/2025,30.2,1801.29,Delayed
SH002940,W03,ST08,CR02,22/09/2025,2025-09-23,"September 25, 2025",11.5,821.61,Delayed
SH002941,W03,ST08,CR05,23/09/2025,2025-09-24,26/09/2025,13.9,1101.34,Delayed
SH002942,W03,ST08,CR01,2025-09-24,2025-09-25,25/09/2025,24.7,1717.84,On-time
SH002943,W01,ST08,CR02,"September 25, 2025",2025-09-27,2025-10-01,210.3,9242.07,Delayed
SH002944,W03,ST08,CR05,2025-09-26,"September 27, 2025","September 27, 2025",14.0,856.47,On-time
SH002945,W03,ST08,CR02,"September 27, 2025",2025-09-28,28/09/2025,19.6,1464.45,On-time
SH002946,W03,ST08,CR02,2025-09-28,29/09/2025,29/09/2025,25.5,1650.55,On-time
SH002947,W03,ST08,CR02,29/09/2025,"September 30, 2025",2025-10-04,11.8,1091.71,Delayed
SH002948,W03,ST08,CR02,30/09/2025,01/10/2025,02/10/2025,16.0,1125.62,Delayed
SH002949,W03,ST08,CR05,01/10/2025,2025-10-02,2025-10-02,21.6,1331.95,On-time
SH002950,W03,ST08,CR02,02/10/2025,2025-10-03,"October 3, 2025",15.7,883.31,On-time
SH002951,W01,ST08,CR02,"October 3, 2025",05/10/2025,"October 5, 2025",210.3,9316.8,On-time
SH002952,W03,ST08,CR01,2025-10-04,"October 5, 2025",05/10/2025,17.3,1304.74,On-time
SH002953,W03,ST08,CR02,05/10/2025,"October 6, 2025","October 6, 2025",8.0,905.93,On-time
SH002954,W01,ST08,CR02,06/10/2025,08/10/2025,2025-10-08,210.3,12650.62,On-time
SH002955,W03,ST08,CR02,2025-10-07,"October 8, 2025",08/10/2025,15.4,1095.19,On-time
SH002956,W03,ST08,CR02,"October 8, 2025",2025-10-09,10/10/2025,15.9,1270.95,Delayed
SH002957,W03,ST08,CR05,09/10/2025,10/10/2025,2025-10-10,33.1,1653.48,On-time
SH002958,W03,ST08,CR02,2025-10-10,"October 11, 2025",2025-10-11,18.6,1085.32,On-time
SH002959,W03,ST08,CR01,2025-10-11,12/10/2025,2025-10-12,28.8,1758.26,On-time
SH002960,W03,ST08,CR03,"October 12, 2025","October 13, 2025",13/10/2025,19.1,1075.37,On-time
SH002961,W03,ST08,CR04,2025-10-13,14/10/2025,"October 14, 2025",21.7,1285.83,On-time
SH002962,W03,ST08,CR03,14/10/2025,15/10/2025,"October 15, 2025",10.4,1122.87,On-time
SH002963,W03,ST08,CR02,"October 15, 2025",2025-10-16,2025-10-16,16.9,880.69,On-time
SH002964,W03,ST08,CR04,16/10/2025,2025-10-17,17/10/2025,14.2,883.65,On-time
SH002965,W03,ST08,CR05,2025-10-17,2025-10-18,2025-10-18,12.9,1163.29,On-time
SH002966,W03,ST08,CR02,18/10/2025,"October 19, 2025",2025-10-20,17.9,1309.23,Delayed
SH002967,W03,ST08,CR03,19/10/2025,2025-10-20,20/10/2025,25.8,1713.71,On-time
SH002968,W03,ST08,CR03,"October 20, 2025",21/10/2025,"October 21, 2025",16.0,1161.18,On-time
SH002969,W03,ST08,CR02,21/10/2025,22/10/2025,22/10/2025,21.0,1150.31,On-time
SH002970,W03,ST08,CR02,2025-10-22,2025-10-23,26/10/2025,20.3,1742.53,Delayed
SH002971,W03,ST08,CR05,23/10/2025,2025-10-24,"October 24, 2025",30.6,1764.79,On-time
SH002972,W03,ST08,CR04,24/10/2025,"October 25, 2025",25/10/2025,23.4,1496.53,On-time
SH002973,W03,ST08,CR04,2025-10-25,"October 26, 2025",26/10/2025,28.7,1929.47,On-time
SH002974,W03,ST08,CR01,26/10/2025,27/10/2025,"October 27, 2025",24.1,1768.11,On-time
SH002975,W03,ST08,CR05,27/10/2025,28/10/2025,2025-10-28,16.9,1243.83,On-time
SH002976,W03,ST08,CR02,28/10/2025,29/10/2025,29/10/2025,13.4,1466.01,Damaged
SH002977,W03,ST08,CR04,29/10/2025,30/10/2025,02/11/2025,27.1,1886.88,Delayed
SH002978,W03,ST08,CR05,30/10/2025,31/10/2025,2025-10-31,20.4,1447.55,On-time
SH002979,W03,ST08,CR04,31/10/2025,2025-11-01,2025-11-01,9.8,787.13,On-time
SH002980,W03,ST08,CR01,"November 1, 2025",02/11/2025,"November 2, 2025",12.8,1159.37,On-time
SH002981,W03,ST08,CR01,2025-11-02,2025-11-03,2025-11-03,20.4,1076.86,On-time
SH002982,W03,ST08,CR05,2025-11-03,04/11/2025,"November 4, 2025",26.5,1696.41,On-time
SH002983,W03,ST08,CR05,2025-11-04,"November 5, 2025",2025-11-05,33.3,1858.59,On-time
SH002984,W03,ST08,CR03,05/11/2025,2025-11-06,2025-11-06,31.2,1721.92,On-time
SH002985,W01,ST08,CR02,2025-11-06,2025-11-08,2025-11-10,130.7,9992.97,Delayed
SH002986,W03,ST08,CR05,2025-11-07,08/11/2025,"November 8, 2025",21.5,959.61,On-time
SH002987,W03,ST08,CR02,2025-11-08,"November 9, 2025","November 9, 2025",27.0,1600.32,On-time
SH002988,W03,ST08,CR04,"November 9, 2025",2025-11-10,"November 10, 2025",30.9,2023.17,On-time
SH002989,W03,ST08,CR03,2025-11-10,11/11/2025,11/11/2025,17.7,1249.34,On-time
SH002990,W03,ST08,CR05,"November 11, 2025",12/11/2025,"November 12, 2025",20.0,1616.06,On-time
SH002991,W03,ST08,CR02,12/11/2025,"November 13, 2025",2025-11-13,32.5,2329.15,On-time
SH002992,W03,ST08,CR01,2025-11-13,14/11/2025,2025-11-14,18.9,1762.13,On-time
SH002993,W03,ST08,CR05,14/11/2025,2025-11-15,15/11/2025,17.1,1148.62,On-time
SH002994,W03,ST08,CR02,2025-11-15,"November 16, 2025",18/11/2025,32.2,1354.73,Delayed
SH002995,W03,ST08,CR04,16/11/2025,2025-11-17,17/11/2025,24.2,,On-time
SH002996,W03,ST08,CR03,2025-11-17,18/11/2025,18/11/2025,10.3,948.75,On-time
SH002997,W03,ST08,CR01,"November 18, 2025",2025-11-19,"November 19, 2025",34.1,2074.81,On-time
SH002998,W03,ST08,CR01,19/11/2025,"November 20, 2025","November 20, 2025",18.0,1593.07,On-time
SH002999,W03,ST08,CR01,20/11/2025,2025-11-21,21/11/2025,12.6,1323.58,On-time
SH003000,W03,ST08,CR05,2025-11-21,22/11/2025,2025-11-22,13.2,1484.0,On-time
SH003001,W03,ST08,CR01,2025-11-22,2025-11-23,25/11/2025,20.6,1362.54,Delayed
SH003002,W03,ST08,CR02,"November 23, 2025",2025-11-24,24/11/2025,21.5,1226.05,On-time
SH003003,W03,ST08,CR04,"November 24, 2025",25/11/2025,25/11/2025,34.6,1989.59,On-time
SH003004,W03,ST08,CR04,25/11/2025,2025-11-26,"November 26, 2025",14.9,807.05,On-time
SH003005,W03,ST08,CR05,26/11/2025,27/11/2025,27/11/2025,9.5,987.66,On-time
SH003006,W03,ST08,CR05,27/11/2025,28/11/2025,28/11/2025,15.2,1158.86,On-time
SH003007,W03,ST08,CR02,28/11/2025,2025-11-29,"November 29, 2025",24.0,1680.33,On-time
SH003008,W03,ST08,CR02,"November 29, 2025",30/11/2025,2025-11-30,25.7,1113.05,On-time
SH003009,W03,ST08,CR03,"November 30, 2025","December 1, 2025","December 3, 2025",29.6,1824.68,Delayed
SH003010,W01,ST08,CR05,01/12/2025,"December 3, 2025",2025-12-03,210.3,11185.44,On-time
SH003011,W03,ST08,CR02,2025-12-02,"December 3, 2025","December 3, 2025",8.2,689.0,On-time
SH003012,W03,ST08,CR04,"December 3, 2025",2025-12-04,04/12/2025,27.8,1761.0,On-time
SH003013,W03,ST08,CR03,04/12/2025,"December 5, 2025",2025-12-05,22.3,1617.16,On-time
SH003014,W03,ST08,CR05,2025-12-05,2025-12-06,2025-12-06,11.1,718.53,On-time
SH003015,W03,ST08,CR05,2025-12-06,"December 7, 2025","December 7, 2025",16.1,1112.7,On-time
SH003016,W03,ST08,CR03,07/12/2025,"December 8, 2025","December 8, 2025",9.8,1162.03,On-time
SH003017,W03,ST08,CR02,"December 8, 2025",09/12/2025,09/12/2025,11.3,757.27,On-time
SH003018,W03,ST08,CR05,2025-12-09,10/12/2025,"December 10, 2025",27.7,1724.51,On-time
SH003019,W03,ST08,CR02,10/12/2025,11/12/2025,11/12/2025,11.9,982.89,On-time
SH003020,W03,ST08,CR02,"December 11, 2025","December 12, 2025",2025-12-12,24.5,1893.53,On-time
SH003021,W03,ST08,CR02,"December 12, 2025","December 13, 2025",2025-12-13,8.8,1156.54,On-time
SH003022,W03,ST08,CR05,13/12/2025,2025-12-14,"December 14, 2025",6.3,1204.67,On-time
SH003023,W03,ST08,CR02,"December 14, 2025",15/12/2025,2025-12-15,24.6,1580.66,On-time
SH003024,W03,ST08,CR01,"December 15, 2025",16/12/2025,16/12/2025,30.0,1653.93,On-time
SH003025,W03,ST08,CR05,"December 16, 2025","December 17, 2025","December 17, 2025",21.9,1671.85,Lost
SH003026,W03,ST08,CR01,17/12/2025,18/12/2025,18/12/2025,34.6,1565.0,On-time
SH003027,W03,ST08,CR01,18/12/2025,19/12/2025,"December 19, 2025",28.0,1546.26,On-time
SH003028,W03,ST08,CR02,"December 19, 2025",2025-12-20,20/12/2025,28.0,1309.07,On-time
SH003029,W03,ST08,CR04,2025-12-20,2025-12-21,2025-12-21,30.6,1416.72,On-time
SH003030,W01,ST08,CR03,2025-12-21,2025-12-23,23/12/2025,210.3,8947.53,On-time
SH003031,W03,ST08,CR02,"December 22, 2025",2025-12-23,2025-12-23,18.5,1337.84,On-time
SH003032,W03,ST08,CR04,2025-12-23,2025-12-24,"December 25, 2025",11.4,826.96,Delayed
SH003033,W03,ST08,CR04,"December 24, 2025",25/12/2025,"December 25, 2025",14.4,859.81,On-time
SH003034,W03,ST08,CR03,25/12/2025,"December 26, 2025",26/12/2025,8.7,990.82,On-time
SH003035,W03,ST08,CR01,2025-12-26,27/12/2025,27/12/2025,20.0,1968.69,On-time
SH003036,W03,ST08,CR01,"December 27, 2025","December 28, 2025",28/12/2025,33.9,1865.06,On-time
SH003037,W03,ST08,CR02,2025-12-28,29/12/2025,2025-12-29,29.9,1677.86,On-time
SH003038,W02,ST08,CR03,29/12/2025,"January 1, 2026",,417.6,17516.94,In-Transit
SH003039,W03,ST08,CR05,30/12/2025,31/12/2025,2025-12-31,19.5,1085.08,On-time
SH003040,W03,ST08,CR01,"December 31, 2025",2026-01-01,,10.8,1129.57,In-Transit
SH003041,W01,ST09,CR05,2024-01-04,05/01/2024,2024-01-05,17.0,1583.85,On-time
SH003042,W01,ST09,CR03,"January 5, 2024","January 6, 2024","January 6, 2024",27.0,1926.52,On-time
SH003043,W01,ST09,CR05,06/01/2024,"January 7, 2024","January 7, 2024",21.1,2188.34,On-time
SH003044,W01,ST09,CR01,2024-01-07,2024-01-08,08/01/2024,19.1,1338.12,On-time
SH003045,W01,ST09,CR05,"January 8, 2024",2024-01-09,09/01/2024,16.7,1079.64,On-time
SH003046,W01,ST09,CR03,09/01/2024,2024-01-10,2024-01-10,22.7,1425.78,On-time
SH003047,W01,ST09,CR03,2024-01-10,11/01/2024,2024-01-11,26.0,1516.01,On-time
SH003048,W01,ST09,CR04,2024-01-11,"January 12, 2024","January 14, 2024",22.3,1808.74,Delayed
SH003049,W01,ST09,CR01,"January 12, 2024","January 13, 2024",2024-01-13,33.8,1566.48,On-time
SH003050,W01,ST09,CR04,13/01/2024,14/01/2024,14/01/2024,15.0,1729.59,On-time
SH003051,W02,ST09,CR01,14/01/2024,2024-01-16,"January 16, 2024",221.4,11364.34,On-time
SH003052,W01,ST09,CR01,"January 15, 2024",16/01/2024,16/01/2024,18.5,1088.37,On-time
SH003053,W01,ST09,CR02,2024-01-16,17/01/2024,17/01/2024,33.6,1966.9,On-time
SH003054,W02,ST09,CR01,17/01/2024,19/01/2024,2024-01-19,221.4,8264.75,On-time
SH003055,W01,ST09,CR01,18/01/2024,2024-01-19,"January 19, 2024",9.5,1276.43,On-time
SH003056,W01,ST09,CR02,19/01/2024,"January 20, 2024",2024-01-22,8.3,641.51,Delayed
SH003057,W01,ST09,CR03,20/01/2024,2024-01-21,2024-01-21,12.4,1390.09,On-time
SH003058,W01,ST09,CR03,2024-01-21,"January 22, 2024","January 22, 2024",31.9,1663.16,On-time
SH003059,W01,ST09,CR03,2024-01-22,23/01/2024,23/01/2024,13.0,1002.36,On-time
SH003060,W01,ST09,CR03,2024-01-23,"January 24, 2024","January 24, 2024",28.9,1374.52,On-time
SH003061,W01,ST09,CR01,"January 24, 2024",25/01/2024,2024-01-25,17.6,1098.86,On-time
SH003062,W01,ST09,CR02,"January 25, 2024","January 26, 2024",2024-01-30,30.0,2010.69,Delayed
SH003063,W01,ST09,CR01,2024-01-26,2024-01-27,"January 27, 2024",27.3,1166.37,On-time
SH003064,W01,ST09,CR04,"January 27, 2024","January 28, 2024",28/01/2024,30.0,1863.18,On-time
SH003065,W01,ST09,CR02,"January 28, 2024",29/01/2024,"January 29, 2024",8.9,996.93,On-time
SH003066,W01,ST09,CR05,"January 29, 2024",30/01/2024,"February 3, 2024",16.6,1146.3,Delayed
SH003067,W01,ST09,CR04,30/01/2024,2024-01-31,"January 31, 2024",17.3,1491.27,On-time
SH003068,W01,ST09,CR02,"January 31, 2024",01/02/2024,"February 1, 2024",18.7,2174.44,On-time
SH003069,W01,ST09,CR02,"February 1, 2024",02/02/2024,03/02/2024,11.8,797.41,Delayed
SH003070,W01,ST09,CR03,"February 2, 2024",03/02/2024,2024-02-07,28.8,1701.08,Delayed
SH003071,W01,ST09,CR05,03/02/2024,2024-02-04,2024-02-04,16.6,1229.09,On-time
SH003072,W01,ST09,CR02,"February 4, 2024",2024-02-05,"February 5, 2024",31.6,1617.4,On-time
SH003073,W01,ST09,CR01,05/02/2024,2024-02-06,2024-02-06,11.4,928.12,On-time
SH003074,W01,ST09,CR01,2024-02-06,"February 7, 2024","February 7, 2024",28.2,1797.62,On-time
SH003075,W01,ST09,CR05,07/02/2024,"February 8, 2024",2024-02-08,34.3,2379.48,On-time
SH003076,W02,ST09,CR03,08/02/2024,10/02/2024,"February 14, 2024",221.4,10107.49,Delayed
SH003077,W01,ST09,CR03,"February 9, 2024",10/02/2024,13/02/2024,20.4,2297.32,Delayed
SH003078,W01,ST09,CR03,10/02/2024,11/02/2024,"February 11, 2024",22.4,1288.59,On-time
SH003079,W01,ST09,CR03,"February 11, 2024",2024-02-12,"February 12, 2024",33.9,2428.19,On-time
SH003080,W01,ST09,CR02,"February 12, 2024","February 13, 2024",2024-02-13,5.8,886.66,On-time
SH003081,W01,ST09,CR02,"February 13, 2024","February 14, 2024",14/02/2024,12.7,1053.28,On-time
SH003082,W01,ST09,CR01,14/02/2024,2024-02-15,15/02/2024,33.8,1870.82,On-time
SH003083,W01,ST09,CR04,15/02/2024,2024-02-16,"February 16, 2024",30.3,1880.99,On-time
SH003084,W02,ST09,CR03,"February 16, 2024","February 18, 2024","February 19, 2024",221.4,10878.3,Delayed
SH003085,W01,ST09,CR05,"February 17, 2024",18/02/2024,18/02/2024,10.8,860.89,On-time
SH003086,W01,ST09,CR01,18/02/2024,2024-02-19,"February 19, 2024",31.5,1832.34,On-time
SH003087,W01,ST09,CR02,"February 19, 2024",20/02/2024,2024-02-20,19.3,1499.95,On-time
SH003088,W03,ST09,CR03,"February 20, 2024","February 22, 2024",22/02/2024,210.3,7127.12,On-time
SH003089,W01,ST09,CR04,21/02/2024,22/02/2024,"February 22, 2024",21.9,1167.3,On-time
SH003090,W01,ST09,CR01,2024-02-22,23/02/2024,"February 23, 2024",33.4,1572.83,On-time
SH003091,W01,ST09,CR01,23/02/2024,24/02/2024,"February 24, 2024",12.6,,On-time
SH003092,W03,ST09,CR05,2024-02-24,"February 26, 2024",29/02/2024,210.3,12342.89,Delayed
SH003093,W01,ST09,CR01,2024-02-25,26/02/2024,"February 26, 2024",17.4,1275.25,On-time
SH003094,W01,ST09,CR01,2024-02-26,2024-02-27,"February 27, 2024",17.0,1091.88,On-time
SH003095,W01,ST09,CR04,2024-02-27,"February 28, 2024",28/02/2024,19.4,1145.92,Damaged
SH003096,W01,ST09,CR03,"February 28, 2024",29/02/2024,29/02/2024,31.9,1869.32,On-time
SH003097,W01,ST09,CR05,2024-02-29,2024-03-01,01/03/2024,17.0,1366.0,On-time
SH003098,W03,ST09,CR01,01/03/2024,03/03/2024,07/03/2024,210.3,8661.61,Delayed
SH003099,W01,ST09,CR01,02/03/2024,03/03/2024,2024-03-03,19.6,1051.68,On-time
SH003100,W01,ST09,CR01,2024-03-03,2024-03-04,2024-03-04,17.1,1429.87,On-time
SH003101,W01,ST09,CR03,04/03/2024,"March 5, 2024",05/03/2024,10.0,775.18,On-time
SH003102,W01,ST09,CR02,"March 5, 2024","March 6, 2024",2024-03-06,20.4,1138.34,On-time
SH003103,W01,ST09,CR01,06/03/2024,2024-03-07,2024-03-07,13.8,1357.09,On-time
SH003104,W01,ST09,CR05,2024-03-07,"March 8, 2024",08/03/2024,20.6,1196.51,On-time
SH003105,W02,ST09,CR02,"March 8, 2024",2024-03-10,2024-03-10,221.4,11694.68,On-time
SH003106,W03,ST09,CR02,2024-03-09,2024-03-11,2024-03-11,210.3,12849.88,On-time
SH003107,W01,ST09,CR01,10/03/2024,2024-03-11,2024-03-11,18.3,1304.54,On-time
SH003108,W01,ST09,CR01,2024-03-11,12/03/2024,2024-03-12,21.0,1474.4,On-time
SH003109,W01,ST09,CR02,"March 12, 2024",13/03/2024,"March 13, 2024",9.4,913.58,On-time
SH003110,W01,ST09,CR04,2024-03-13,14/03/2024,18/03/2024,32.8,2045.77,Delayed
SH003111,W01,ST09,CR05,"March 14, 2024","March 15, 2024",15/03/2024,22.5,1424.6,On-time
SH003112,W01,ST09,CR05,15/03/2024,"March 16, 2024","March 16, 2024",25.2,1101.3,On-time
SH003113,W03,ST09,CR04,"March 16, 2024",2024-03-18,18/03/2024,210.3,9101.74,On-time
SH003114,W01,ST09,CR01,2024-03-17,18/03/2024,"March 18, 2024",13.5,954.32,On-time
SH003115,W01,ST09,CR03,2024-03-18,"March 19, 2024","March 19, 2024",25.4,1458.61,On-time
SH003116,W02,ST09,CR03,"March 19, 2024","March 21, 2024",21/03/2024,221.4,12805.46,On-time
SH003117,W01,ST09,CR03,"March 20, 2024",2024-03-21,"March 21, 2024",10.9,1384.46,On-time
SH003118,W01,ST09,CR03,"March 21, 2024",2024-03-22,22/03/2024,29.6,1739.29,On-time
SH003119,W01,ST09,CR03,2024-03-22,"March 23, 2024","March 24, 2024",16.1,1293.53,Delayed
SH003120,W01,ST09,CR04,23/03/2024,"March 24, 2024",24/03/2024,12.8,971.67,Damaged
SH003121,W01,ST09,CR01,"March 24, 2024",25/03/2024,26/03/2024,27.9,1919.58,Damaged
SH003122,W01,ST09,CR04,25/03/2024,2024-03-26,"March 26, 2024",32.9,1923.99,On-time
SH003123,W01,ST09,CR02,26/03/2024,2024-03-27,"March 27, 2024",8.6,770.88,On-time
SH003124,W01,ST09,CR05,2024-03-27,"March 28, 2024","March 28, 2024",32.4,1741.48,On-time
SH003125,W01,ST09,CR04,2024-03-28,"March 29, 2024","March 29, 2024",8.0,1135.99,On-time
SH003126,W02,ST09,CR02,29/03/2024,"March 31, 2024",03/04/2024,221.4,11429.72,Delayed
SH003127,W01,ST09,CR02,"March 30, 2024",2024-03-31,2024-04-02,27.5,1454.03,Delayed
SH003128,W01,ST09,CR02,"March 31, 2024","April 1, 2024",2024-04-04,26.9,1600.02,Delayed
SH003129,W01,ST09,CR01,2024-04-01,"April 2, 2024",2024-04-02,13.7,1104.89,On-time
SH003130,W01,ST09,CR05,02/04/2024,2024-04-03,2024-04-03,10.9,947.83,On-time
SH003131,W01,ST09,CR02,"April 3, 2024","April 4, 2024",2024-04-04,11.6,1083.16,On-time
SH003132,W01,ST09,CR05,"April 4, 2024",05/04/2024,2024-04-05,32.1,1677.62,On-time
SH003133,W01,ST09,CR02,05/04/2024,06/04/2024,2024-04-07,23.4,1300.1,Delayed
SH003134,W01,ST09,CR03,2024-04-06,07/04/2024,"April 7, 2024",19.2,1529.61,On-time
SH003135,W01,ST09,CR01,07/04/2024,2024-04-08,2024-04-08,25.6,1557.73,On-time
SH003136,W01,ST09,CR04,2024-04-08,"April 9, 2024","April 9, 2024",24.3,1319.08,Damaged
SH003137,W01,ST09,CR05,09/04/2024,"April 10, 2024",11/04/2024,11.6,1010.28,Damaged
SH003138,W01,ST09,CR01,2024-04-10,2024-04-11,"April 11, 2024",34.5,1681.75,On-time
SH003139,W01,ST09,CR01,"April 11, 2024","April 12, 2024",12/04/2024,14.6,1166.34,On-time
SH003140,W01,ST09,CR05,2024-04-12,13/04/2024,"April 14, 2024",6.3,713.12,Delayed
SH003141,W01,ST09,CR01,13/04/2024,14/04/2024,2024-04-14,21.3,1134.67,On-time
SH003142,W01,ST09,CR01,2024-04-14,"April 15, 2024",15/04/2024,21.7,1151.62,On-time
SH003143,W01,ST09,CR01,15/04/2024,16/04/2024,16/04/2024,6.8,,On-time
SH003144,W01,ST09,CR03,"April 16, 2024","April 17, 2024",17/04/2024,10.2,1041.7,On-time
SH003145,W01,ST09,CR04,2024-04-17,18/04/2024,"April 20, 2024",22.9,1436.18,Delayed
SH003146,W01,ST09,CR03,"April 18, 2024","April 19, 2024","April 23, 2024",10.8,718.35,Delayed
SH003147,W01,ST09,CR04,19/04/2024,20/04/2024,"April 22, 2024",16.7,1057.39,Delayed
SH003148,W01,ST09,CR05,2024-04-20,21/04/2024,"April 21, 2024",19.8,1160.02,On-time
SH003149,W01,ST09,CR01,"April 21, 2024","April 22, 2024",2024-04-22,15.9,1074.0,On-time
SH003150,W01,ST09,CR05,"April 22, 2024",2024-04-23,"April 23, 2024",26.0,1588.27,On-time
SH003151,W01,ST09,CR01,2024-04-23,24/04/2024,"April 24, 2024",34.5,1910.37,On-time
SH003152,W01,ST09,CR02,"April 24, 2024",2024-04-25,25/04/2024,9.7,771.42,Damaged
SH003153,W01,ST09,CR05,25/04/2024,2024-04-26,2024-04-26,29.9,1798.99,On-time
SH003154,W01,ST09,CR05,26/04/2024,27/04/2024,27/04/2024,23.2,1870.07,On-time
SH003155,W01,ST09,CR04,27/04/2024,2024-04-28,"April 28, 2024",7.9,903.5,On-time
SH003156,W01,ST09,CR02,28/04/2024,2024-04-29,01/05/2024,15.0,1098.33,Delayed
SH003157,W02,ST09,CR03,29/04/2024,2024-05-01,2024-05-02,221.4,9858.17,Delayed
SH003158,W01,ST09,CR03,"April 30, 2024",2024-05-01,01/05/2024,26.3,1201.98,On-time
SH003159,W01,ST09,CR03,01/05/2024,"May 2, 2024","May 2, 2024",34.1,2065.1,On-time
SH003160,W01,ST09,CR05,02/05/2024,03/05/2024,2024-05-03,14.8,838.15,On-time
SH003161,W01,ST09,CR04,"May 3, 2024",2024-05-04,2024-05-08,19.3,,Delayed
SH003162,W01,ST09,CR05,2024-05-04,"May 5, 2024",2024-05-05,20.1,1351.85,Damaged
SH003163,W01,ST09,CR01,05/05/2024,2024-05-06,"May 6, 2024",15.1,907.69,On-time
SH003164,W01,ST09,CR04,2024-05-06,07/05/2024,07/05/2024,9.1,810.79,Damaged
SH003165,W01,ST09,CR05,2024-05-07,08/05/2024,"May 8, 2024",17.4,1045.94,On-time
SH003166,W01,ST09,CR02,"May 8, 2024",09/05/2024,2024-05-13,27.6,1807.92,Delayed
SH003167,W01,ST09,CR03,2024-05-09,10/05/2024,"May 10, 2024",20.7,1925.7,On-time
SH003168,W01,ST09,CR03,2024-05-10,2024-05-11,"May 11, 2024",20.4,1471.2,On-time
SH003169,W01,ST09,CR05,11/05/2024,12/05/2024,12/05/2024,20.8,1316.97,On-time
SH003170,W01,ST09,CR02,2024-05-12,2024-05-13,16/05/2024,9.5,673.32,Delayed
SH003171,W01,ST09,CR02,13/05/2024,"May 14, 2024",2024-05-14,31.7,1387.27,On-time
SH003172,W03,ST09,CR05,2024-05-14,"May 16, 2024","May 16, 2024",210.3,7866.65,On-time
SH003173,W01,ST09,CR02,2024-05-15,16/05/2024,2024-05-16,21.6,1838.1,On-time
SH003174,W03,ST09,CR01,2024-05-16,2024-05-18,2024-05-22,210.3,11050.34,Delayed
SH003175,W01,ST09,CR04,2024-05-17,2024-05-18,18/05/2024,28.2,1782.3,On-time
SH003176,W01,ST09,CR04,18/05/2024,19/05/2024,"May 19, 2024",30.4,2129.91,On-time
SH003177,W01,ST09,CR04,"May 19, 2024",20/05/2024,"May 20, 2024",20.2,1290.33,On-time
SH003178,W01,ST09,CR01,2024-05-20,21/05/2024,"May 21, 2024",16.6,1398.03,On-time
SH003179,W01,ST09,CR03,"May 21, 2024",22/05/2024,22/05/2024,24.1,1743.91,On-time
SH003180,W03,ST09,CR01,2024-05-22,"May 24, 2024",2024-05-24,210.3,,On-time
SH003181,W01,ST09,CR05,2024-05-23,2024-05-24,"May 24, 2024",33.3,1940.19,On-time
SH003182,W01,ST09,CR02,24/05/2024,25/05/2024,25/05/2024,23.4,1328.48,On-time
SH003183,W01,ST09,CR01,25/05/2024,2024-05-26,2024-05-26,30.5,2156.19,On-time
SH003184,W01,ST09,CR03,26/05/2024,27/05/2024,"May 27, 2024",8.7,689.63,On-time
SH003185,W01,ST09,CR03,2024-05-27,"May 28, 2024","May 28, 2024",18.1,2128.04,On-time
SH003186,W01,ST09,CR02,28/05/2024,29/05/2024,2024-05-29,21.4,1502.21,On-time
SH003187,W01,ST09,CR05,29/05/2024,30/05/2024,"May 30, 2024",10.6,1004.44,On-time
SH003188,W03,ST09,CR03,2024-05-30,01/06/2024,"June 1, 2024",210.3,9637.07,On-time
SH003189,W01,ST09,CR03,31/05/2024,2024-06-01,"June 1, 2024",14.5,826.87,On-time
SH003190,W03,ST09,CR05,2024-06-01,2024-06-03,03/06/2024,210.3,10692.4,On-time
SH003191,W01,ST09,CR04,"June 2, 2024",2024-06-03,07/06/2024,12.3,945.94,Delayed
SH003192,W01,ST09,CR03,"June 3, 2024",2024-06-04,"June 4, 2024",27.2,1632.71,On-time
SH003193,W01,ST09,CR03,2024-06-04,"June 5, 2024","June 5, 2024",16.2,1936.28,On-time
SH003194,W01,ST09,CR03,05/06/2024,"June 6, 2024","June 6, 2024",23.9,1264.54,On-time
SH003195,W01,ST09,CR04,2024-06-06,2024-06-07,2024-06-10,10.0,946.38,Delayed
SH003196,W01,ST09,CR01,"June 7, 2024",2024-06-08,08/06/2024,11.1,1058.98,On-time
SH003197,W01,ST09,CR02,2024-06-08,2024-06-09,12/06/2024,24.4,,Delayed
SH003198,W01,ST09,CR02,2024-06-09,"June 10, 2024",10/06/2024,26.2,1777.0,On-time
SH003199,W01,ST09,CR05,10/06/2024,2024-06-11,"June 11, 2024",13.9,957.16,On-time
SH003200,W01,ST09,CR05,2024-06-11,"June 12, 2024",2024-06-12,9.6,882.62,On-time
SH003201,W01,ST09,CR04,12/06/2024,"June 13, 2024","June 13, 2024",28.0,1722.34,On-time
SH003202,W01,ST09,CR02,13/06/2024,14/06/2024,"June 16, 2024",15.1,1258.32,Delayed
SH003203,W01,ST09,CR01,"June 14, 2024",2024-06-15,"June 19, 2024",15.4,863.37,Delayed
SH003204,W01,ST09,CR03,2024-06-15,2024-06-16,16/06/2024,30.1,1799.48,On-time
SH003205,W01,ST09,CR04,"June 16, 2024",17/06/2024,20/06/2024,31.1,1814.8,Delayed
SH003206,W01,ST09,CR04,"June 17, 2024",18/06/2024,2024-06-18,15.3,1263.48,On-time
SH003207,W01,ST09,CR03,18/06/2024,2024-06-19,19/06/2024,16.0,1383.76,On-time
SH003208,W01,ST09,CR02,19/06/2024,2024-06-20,"June 22, 2024",33.4,1875.54,Delayed
SH003209,W01,ST09,CR05,20/06/2024,21/06/2024,21/06/2024,15.8,1061.37,On-time
SH003210,W01,ST09,CR03,2024-06-21,2024-06-22,"June 22, 2024",21.9,1694.67,On-time
SH003211,W01,ST09,CR02,"June 22, 2024","June 23, 2024",2024-06-23,16.0,1789.02,On-time
SH003212,W03,ST09,CR02,2024-06-23,2024-06-25,25/06/2024,210.3,9041.24,On-time
SH003213,W01,ST09,CR03,2024-06-24,"June 25, 2024","June 25, 2024",12.6,754.86,On-time
SH003214,W01,ST09,CR04,25/06/2024,2024-06-26,26/06/2024,34.4,1562.12,On-time
SH003215,W01,ST09,CR03,"June 26, 2024","June 27, 2024",2024-06-27,22.6,1647.96,On-time
SH003216,W01,ST09,CR04,27/06/2024,2024-06-28,30/06/2024,24.3,1713.26,Delayed
SH003217,W02,ST09,CR02,"June 28, 2024",2024-06-30,01/07/2024,221.4,11177.75,Delayed
SH003218,W01,ST09,CR03,2024-06-29,30/06/2024,30/06/2024,15.3,888.49,On-time
SH003219,W01,ST09,CR01,30/06/2024,"July 1, 2024","July 1, 2024",13.5,1079.06,On-time
SH003220,W03,ST09,CR05,"July 1, 2024",2024-07-03,03/07/2024,210.3,8809.12,On-time
SH003221,W01,ST09,CR03,02/07/2024,03/07/2024,"July 3, 2024",8.3,751.27,On-time
SH003222,W01,ST09,CR04,"July 3, 2024",2024-07-04,2024-07-05,21.6,2233.37,Delayed
SH003223,W01,ST09,CR03,04/07/2024,"July 5, 2024",06/07/2024,27.2,1276.48,Delayed
SH003224,W01,ST09,CR04,05/07/2024,06/07/2024,2024-07-06,19.8,,On-time
SH003225,W01,ST09,CR01,"July 6, 2024","July 7, 2024","July 7, 2024",27.1,1790.25,Damaged
SH003226,W01,ST09,CR03,07/07/2024,08/07/2024,2024-07-08,16.5,1099.11,On-time
SH003227,W01,ST09,CR03,08/07/2024,2024-07-09,"July 9, 2024",13.5,1121.93,On-time
SH003228,W01,ST09,CR05,2024-07-09,10/07/2024,2024-07-10,12.6,966.0,On-time
SH003229,W01,ST09,CR05,"July 10, 2024",2024-07-11,2024-07-11,25.8,1419.32,Damaged
SH003230,W01,ST09,CR05,11/07/2024,2024-07-12,15/07/2024,10.2,934.47,Delayed
SH003231,W01,ST09,CR05,"July 12, 2024",13/07/2024,2024-07-14,34.9,1770.31,Delayed
SH003232,W01,ST09,CR04,13/07/2024,14/07/2024,"July 16, 2024",10.5,981.07,Delayed
SH003233,W02,ST09,CR02,2024-07-14,16/07/2024,"July 16, 2024",221.4,11446.13,On-time
SH003234,W01,ST09,CR05,"July 15, 2024",16/07/2024,16/07/2024,33.1,2063.37,On-time
SH003235,W01,ST09,CR04,2024-07-16,17/07/2024,17/07/2024,19.4,1518.59,On-time
SH003236,W01,ST09,CR04,"July 17, 2024",2024-07-18,"July 22, 2024",12.2,845.82,Delayed
SH003237,W01,ST09,CR05,18/07/2024,19/07/2024,2024-07-19,33.5,1780.47,On-time
SH003238,W01,ST09,CR03,2024-07-19,20/07/2024,"July 22, 2024",8.6,680.59,Delayed
SH003239,W01,ST09,CR04,20/07/2024,21/07/2024,2024-07-25,16.3,1183.1,Delayed
SH003240,W01,ST09,CR03,"July 21, 2024",22/07/2024,2024-07-26,24.3,1517.36,Delayed
SH003241,W01,ST09,CR03,2024-07-22,23/07/2024,23/07/2024,26.9,1706.62,On-time
SH003242,W01,ST09,CR05,23/07/2024,24/07/2024,24/07/2024,23.3,1566.14,On-time
SH003243,W01,ST09,CR01,24/07/2024,"July 25, 2024",25/07/2024,11.2,1131.72,On-time
SH003244,W01,ST09,CR03,25/07/2024,2024-07-26,2024-07-26,7.5,674.9,On-time
SH003245,W01,ST09,CR05,2024-07-26,27/07/2024,2024-07-27,30.8,1611.11,On-time
SH003246,W01,ST09,CR01,2024-07-27,2024-07-28,01/08/2024,24.5,1104.61,Delayed
SH003247,W03,ST09,CR01,28/07/2024,30/07/2024,"August 2, 2024",210.3,10989.54,Delayed
SH003248,W01,ST09,CR04,"July 29, 2024",2024-07-30,2024-07-30,25.4,1310.43,On-time
SH003249,W01,ST09,CR04,2024-07-30,"July 31, 2024",02/08/2024,12.5,982.9,Delayed
SH003250,W01,ST09,CR02,2024-07-31,"August 1, 2024",2024-08-01,21.7,1568.29,On-time
SH003251,W01,ST09,CR02,01/08/2024,"August 2, 2024",2024-08-02,28.9,1857.78,On-time
SH003252,W03,ST09,CR04,02/08/2024,04/08/2024,"August 8, 2024",210.3,11620.86,Delayed
SH003253,W01,ST09,CR05,03/08/2024,"August 4, 2024","August 4, 2024",31.0,1678.36,On-time
SH003254,W01,ST09,CR03,2024-08-04,05/08/2024,"August 9, 2024",31.4,1870.34,Delayed
SH003255,W01,ST09,CR02,05/08/2024,06/08/2024,06/08/2024,19.8,1534.72,On-time
SH003256,W01,ST09,CR01,2024-08-06,2024-08-07,"August 7, 2024",29.1,1665.33,On-time
SH003257,W01,ST09,CR01,07/08/2024,"August 8, 2024",12/08/2024,19.9,1451.0,Delayed
SH003258,W01,ST09,CR01,"August 8, 2024",2024-08-09,"August 9, 2024",16.7,1275.51,On-time
SH003259,W01,ST09,CR05,"August 9, 2024","August 10, 2024","August 10, 2024",13.2,956.01,On-time
SH003260,W01,ST09,CR03,10/08/2024,2024-08-11,2024-08-14,13.3,1214.19,Delayed
SH003261,W01,ST09,CR01,2024-08-11,2024-08-12,12/08/2024,17.1,1250.82,On-time
SH003262,W01,ST09,CR03,12/08/2024,13/08/2024,"August 13, 2024",31.6,1717.09,On-time
SH003263,W01,ST09,CR01,13/08/2024,14/08/2024,14/08/2024,21.0,1387.77,On-time
SH003264,W02,ST09,CR04,2024-08-14,2024-08-16,19/08/2024,221.4,10397.73,Delayed
SH003265,W01,ST09,CR05,15/08/2024,16/08/2024,16/08/2024,13.2,800.44,On-time
SH003266,W01,ST09,CR02,"August 16, 2024","August 17, 2024",17/08/2024,21.6,1178.29,On-time
SH003267,W01,ST09,CR02,17/08/2024,18/08/2024,2024-08-18,34.7,2035.41,On-time
SH003268,W01,ST09,CR01,18/08/2024,2024-08-19,2024-08-19,9.9,,On-time
SH003269,W01,ST09,CR05,2024-08-19,2024-08-20,20/08/2024,20.3,1950.53,On-time
SH003270,W01,ST09,CR01,2024-08-20,"August 21, 2024",22/08/2024,33.0,1939.21,Delayed
SH003271,W01,ST09,CR01,21/08/2024,22/08/2024,2024-08-22,16.7,867.29,On-time
SH003272,W01,ST09,CR04,2024-08-22,23/08/2024,23/08/2024,24.3,1494.2,On-time
SH003273,W01,ST09,CR02,"August 23, 2024",24/08/2024,24/08/2024,13.1,669.0,On-time
SH003274,W01,ST09,CR02,"August 24, 2024",2024-08-25,"August 25, 2024",27.8,1552.03,On-time
SH003275,W01,ST09,CR01,"August 25, 2024",26/08/2024,26/08/2024,16.5,932.15,On-time
SH003276,W01,ST09,CR04,26/08/2024,2024-08-27,"August 27, 2024",8.0,684.29,On-time
SH003277,W01,ST09,CR05,"August 27, 2024",2024-08-28,"August 28, 2024",10.7,1047.66,On-time
SH003278,W01,ST09,CR05,2024-08-28,29/08/2024,"August 29, 2024",29.1,1779.61,On-time
SH003279,W01,ST09,CR01,29/08/2024,2024-08-30,30/08/2024,28.4,1935.11,On-time
SH003280,W01,ST09,CR05,30/08/2024,"August 31, 2024",31/08/2024,29.2,1360.64,On-time
SH003281,W01,ST09,CR01,"August 31, 2024","September 1, 2024","September 1, 2024",13.9,1144.55,On-time
SH003282,W01,ST09,CR01,"September 1, 2024","September 2, 2024",2024-09-02,21.0,1444.49,On-time
SH003283,W01,ST09,CR04,2024-09-02,2024-09-03,2024-09-03,23.5,1423.64,On-time
SH003284,W01,ST09,CR02,2024-09-03,2024-09-04,04/09/2024,30.4,2016.16,On-time
SH003285,W02,ST09,CR04,2024-09-04,06/09/2024,2024-09-06,221.4,13604.69,On-time
SH003286,W01,ST09,CR01,2024-09-05,06/09/2024,2024-09-06,33.2,2267.42,On-time
SH003287,W01,ST09,CR02,"September 6, 2024",07/09/2024,"September 7, 2024",29.5,1734.49,On-time
SH003288,W01,ST09,CR02,07/09/2024,"September 8, 2024","September 10, 2024",14.6,1280.31,Delayed
SH003289,W01,ST09,CR02,"September 8, 2024",09/09/2024,2024-09-10,6.5,1082.73,Delayed
SH003290,W01,ST09,CR03,"September 9, 2024",10/09/2024,"September 13, 2024",23.8,1832.76,Delayed
SH003291,W01,ST09,CR02,2024-09-10,11/09/2024,"September 11, 2024",20.1,1175.6,On-time
SH003292,W01,ST09,CR04,11/09/2024,"September 12, 2024","September 13, 2024",32.5,1514.53,Delayed
SH003293,W01,ST09,CR02,12/09/2024,13/09/2024,15/09/2024,28.0,1933.71,Delayed
SH003294,W01,ST09,CR02,2024-09-13,2024-09-14,2024-09-14,32.6,1846.11,On-time
SH003295,W01,ST09,CR01,2024-09-14,15/09/2024,18/09/2024,8.4,1133.47,Damaged
SH003296,W03,ST09,CR05,"September 15, 2024",17/09/2024,18/09/2024,210.3,12226.27,Delayed
SH003297,W01,ST09,CR03,"September 16, 2024",17/09/2024,2024-09-17,9.4,633.42,On-time
SH003298,W01,ST09,CR01,17/09/2024,18/09/2024,2024-09-18,19.4,,On-time
SH003299,W01,ST09,CR05,"September 18, 2024",2024-09-19,"September 19, 2024",34.2,1924.63,On-time
SH003300,W01,ST09,CR02,"September 19, 2024","September 20, 2024","September 20, 2024",15.5,915.5,Damaged
SH003301,W01,ST09,CR03,2024-09-20,2024-09-21,"September 21, 2024",13.5,927.33,On-time
SH003302,W01,ST09,CR05,2024-09-21,22/09/2024,"September 22, 2024",14.1,1193.56,On-time
SH003303,W01,ST09,CR05,22/09/2024,"September 23, 2024",2024-09-26,32.6,1852.87,Delayed
SH003304,W01,ST09,CR01,"September 23, 2024",24/09/2024,"September 24, 2024",34.1,2061.65,On-time
SH003305,W01,ST09,CR02,"September 24, 2024","September 25, 2024",29/09/2024,10.4,889.53,Delayed
SH003306,W01,ST09,CR04,"September 25, 2024",2024-09-26,2024-09-26,20.3,1188.01,On-time
SH003307,W01,ST09,CR04,26/09/2024,"September 27, 2024",29/09/2024,19.5,1402.02,Delayed
SH003308,W01,ST09,CR04,27/09/2024,"September 28, 2024",30/09/2024,21.3,1431.69,Delayed
SH003309,W01,ST09,CR05,28/09/2024,"September 29, 2024",2024-09-29,13.6,935.16,On-time
SH003310,W01,ST09,CR03,29/09/2024,"September 30, 2024",30/09/2024,21.6,,On-time
SH003311,W01,ST09,CR05,"September 30, 2024","October 1, 2024",2024-10-01,23.0,1448.54,On-time
SH003312,W01,ST09,CR02,"October 1, 2024",2024-10-02,2024-10-02,19.1,1251.75,On-time
SH003313,W01,ST09,CR03,2024-10-02,03/10/2024,"October 3, 2024",23.9,1456.28,On-time
SH003314,W01,ST09,CR03,"October 3, 2024",04/10/2024,04/10/2024,31.7,1711.81,On-time
SH003315,W03,ST09,CR05,"October 4, 2024","October 6, 2024",06/10/2024,210.3,,On-time
SH003316,W01,ST09,CR02,2024-10-05,"October 6, 2024",2024-10-06,9.3,862.37,On-time
SH003317,W01,ST09,CR05,2024-10-06,2024-10-07,2024-10-07,14.8,1224.39,On-time
SH003318,W01,ST09,CR01,2024-10-07,"October 8, 2024",2024-10-08,14.9,1207.35,On-time
SH003319,W01,ST09,CR04,"October 8, 2024",09/10/2024,2024-10-11,11.3,1019.08,Delayed
SH003320,W01,ST09,CR05,"October 9, 2024","October 10, 2024",2024-10-10,33.9,1718.8,On-time
SH003321,W01,ST09,CR02,"October 10, 2024",11/10/2024,2024-10-12,27.8,1852.45,Delayed
SH003322,W01,ST09,CR01,"October 11, 2024","October 12, 2024","October 12, 2024",18.9,1404.48,On-time
SH003323,W01,ST09,CR04,2024-10-12,13/10/2024,2024-10-14,11.9,971.18,Delayed
SH003324,W01,ST09,CR03,"October 13, 2024",2024-10-14,"October 15, 2024",16.0,926.04,Delayed
SH003325,W02,ST09,CR03,14/10/2024,16/10/2024,16/10/2024,221.4,10882.72,Damaged
SH003326,W02,ST09,CR01,15/10/2024,2024-10-17,18/10/2024,221.4,9433.72,Delayed
SH003327,W01,ST09,CR04,16/10/2024,2024-10-17,"October 17, 2024",30.3,1616.26,Damaged
SH003328,W01,ST09,CR05,"October 17, 2024",18/10/2024,2024-10-18,23.4,,On-time
SH003329,W01,ST09,CR03,18/10/2024,2024-10-19,19/10/2024,12.1,795.27,On-time
SH003330,W01,ST09,CR04,19/10/2024,"October 20, 2024","October 20, 2024",16.8,1366.54,On-time
SH003331,W01,ST09,CR05,"October 20, 2024",21/10/2024,"October 24, 2024",22.7,1535.78,Delayed
SH003332,W01,ST09,CR01,2024-10-21,"October 22, 2024",2024-10-22,26.8,1469.3,On-time
SH003333,W01,ST09,CR03,2024-10-22,2024-10-23,"October 23, 2024",16.0,1201.69,On-time
SH003334,W01,ST09,CR05,23/10/2024,"October 24, 2024","October 24, 2024",33.3,2004.74,Damaged
SH003335,W01,ST09,CR01,24/10/2024,25/10/2024,"October 28, 2024",20.0,2018.07,Delayed
SH003336,W01,ST09,CR01,"October 25, 2024",26/10/2024,2024-10-26,26.1,1615.54,On-time
SH003337,W01,ST09,CR03,26/10/2024,"October 27, 2024",2024-10-27,24.5,1433.9,On-time
SH003338,W01,ST09,CR02,27/10/2024,"October 28, 2024",28/10/2024,15.7,1215.27,On-time
SH003339,W03,ST09,CR05,"October 28, 2024",2024-10-30,02/11/2024,210.3,10364.96,Delayed
SH003340,W01,ST09,CR03,29/10/2024,30/10/2024,"October 30, 2024",20.9,1144.43,On-time
SH003341,W01,ST09,CR02,"October 30, 2024",2024-10-31,"October 31, 2024",13.7,969.61,On-time
SH003342,W01,ST09,CR03,2024-10-31,2024-11-01,2024-11-01,34.2,2086.26,On-time
SH003343,W01,ST09,CR01,"November 1, 2024",02/11/2024,"November 2, 2024",19.6,1386.59,On-time
SH003344,W01,ST09,CR03,2024-11-02,03/11/2024,2024-11-03,12.3,1002.48,On-time
SH003345,W01,ST09,CR04,"November 3, 2024","November 4, 2024",04/11/2024,27.6,1232.48,On-time
SH003346,W01,ST09,CR05,04/11/2024,2024-11-05,"November 5, 2024",31.2,1371.74,On-time
SH003347,W01,ST09,CR04,2024-11-05,06/11/2024,2024-11-07,13.5,915.24,Delayed
SH003348,W02,ST09,CR05,"November 6, 2024","November 8, 2024",10/11/2024,221.4,11506.98,Damaged
SH003349,W01,ST09,CR05,2024-11-07,"November 8, 2024",2024-11-08,20.0,1132.41,On-time
SH003350,W01,ST09,CR02,08/11/2024,"November 9, 2024","November 9, 2024",23.3,1522.48,On-time
SH003351,W01,ST09,CR02,09/11/2024,10/11/2024,2024-11-10,29.6,2005.96,On-time
SH003352,W02,ST09,CR02,"November 10, 2024","November 12, 2024",12/11/2024,221.4,9738.79,On-time
SH003353,W01,ST09,CR03,"November 11, 2024",2024-11-12,2024-11-12,31.9,2062.89,On-time
SH003354,W01,ST09,CR05,2024-11-12,2024-11-13,2024-11-13,8.8,749.18,On-time
SH003355,W01,ST09,CR05,13/11/2024,"November 14, 2024",2024-11-14,32.8,1971.41,On-time
SH003356,W01,ST09,CR01,2024-11-14,2024-11-15,"November 15, 2024",29.2,1796.23,On-time
SH003357,W01,ST09,CR02,2024-11-15,2024-11-16,16/11/2024,33.2,2185.71,On-time
SH003358,W01,ST09,CR03,2024-11-16,17/11/2024,17/11/2024,13.5,1131.68,On-time
SH003359,W01,ST09,CR01,"November 17, 2024","November 18, 2024",18/11/2024,21.9,1412.7,On-time
SH003360,W01,ST09,CR05,2024-11-18,"November 19, 2024",19/11/2024,20.9,1555.38,On-time
SH003361,W02,ST09,CR03,2024-11-19,21/11/2024,2024-11-21,221.4,12166.58,On-time
SH003362,W01,ST09,CR03,20/11/2024,21/11/2024,21/11/2024,26.7,1217.17,On-time
SH003363,W02,ST09,CR03,"November 21, 2024",23/11/2024,"November 25, 2024",221.4,10744.65,Delayed
SH003364,W01,ST09,CR02,2024-11-22,23/11/2024,23/11/2024,27.2,1618.8,Lost
SH003365,W01,ST09,CR03,23/11/2024,"November 24, 2024",24/11/2024,25.8,1104.66,On-time
SH003366,W01,ST99,CR01,2024-11-24,25/11/2024,"November 25, 2024",20.7,1787.76,On-time
SH003367,W01,ST09,CR02,25/11/2024,"November 26, 2024",2024-11-26,10.4,1095.56,On-time
SH003368,W02,ST09,CR05,"November 26, 2024",2024-11-28,"November 28, 2024",221.4,8615.94,On-time
SH003369,W01,ST09,CR02,2024-11-27,"November 28, 2024","November 28, 2024",13.6,1131.28,On-time
SH003370,W01,ST09,CR02,"November 28, 2024","November 29, 2024","November 29, 2024",8.2,992.07,On-time
SH003371,W01,ST09,CR03,"November 29, 2024","November 30, 2024",2024-12-03,20.7,1217.34,Delayed
SH003372,W01,ST09,CR01,"November 30, 2024",2024-12-01,"December 3, 2024",33.7,2026.33,Delayed
SH003373,W01,ST09,CR02,"December 1, 2024",02/12/2024,"December 5, 2024",28.2,1860.33,Delayed
SH003374,W01,ST09,CR04,02/12/2024,"December 3, 2024",04/12/2024,17.2,1279.27,Delayed
SH003375,W01,ST09,CR05,"December 3, 2024",04/12/2024,2024-12-04,18.4,1375.11,On-time
SH003376,W01,ST09,CR01,"December 4, 2024",05/12/2024,2024-12-05,16.7,1352.6,On-time
SH003377,W01,ST09,CR02,2024-12-05,06/12/2024,"December 6, 2024",13.9,1124.87,On-time
SH003378,W01,ST09,CR05,2024-12-06,"December 7, 2024",07/12/2024,25.0,1743.48,On-time
SH003379,W01,ST09,CR04,"December 7, 2024",2024-12-08,"December 8, 2024",16.8,1030.11,On-time
SH003380,W01,ST09,CR05,08/12/2024,2024-12-09,2024-12-09,20.2,1516.35,On-time
SH003381,W01,ST09,CR05,2024-12-09,2024-12-10,2024-12-10,19.6,1473.1,On-time
SH003382,W01,ST09,CR01,10/12/2024,2024-12-11,"December 11, 2024",23.8,1829.95,On-time
SH003383,W01,ST09,CR03,"December 11, 2024",2024-12-12,15/12/2024,16.3,1273.13,Delayed
SH003384,W01,ST09,CR01,2024-12-12,"December 13, 2024",13/12/2024,28.3,1737.52,On-time
SH003385,W01,ST09,CR04,"December 13, 2024",2024-12-14,"December 14, 2024",20.2,1457.31,On-time
SH003386,W01,ST09,CR05,"December 14, 2024",2024-12-15,15/12/2024,27.9,1147.98,On-time
SH003387,W01,ST09,CR01,2024-12-15,16/12/2024,16/12/2024,18.9,1096.26,On-time
SH003388,W02,ST09,CR05,16/12/2024,2024-12-18,19/12/2024,221.4,12702.46,Delayed
SH003389,W01,ST09,CR05,2024-12-17,18/12/2024,2024-12-18,9.3,1020.45,On-time
SH003390,W01,ST09,CR01,18/12/2024,"December 19, 2024",19/12/2024,25.8,1655.72,On-time
SH003391,W01,ST09,CR04,"December 19, 2024",2024-12-20,2024-12-20,16.5,1279.73,On-time
SH003392,W01,ST09,CR02,"December 20, 2024",21/12/2024,21/12/2024,22.6,1305.19,On-time
SH003393,W01,ST09,CR05,2024-12-21,22/12/2024,2024-12-22,11.8,,On-time
SH003394,W01,ST09,CR01,22/12/2024,23/12/2024,2024-12-23,10.9,668.24,On-time
SH003395,W01,ST09,CR01,"December 23, 2024",2024-12-24,"December 26, 2024",22.0,1404.88,Delayed
SH003396,W01,ST09,CR02,"December 24, 2024","December 25, 2024",2024-12-25,10.5,987.37,On-time
SH003397,W01,ST09,CR01,"December 25, 2024","December 26, 2024",2024-12-26,26.3,1741.19,On-time
SH003398,W01,ST09,CR02,26/12/2024,"December 27, 2024","December 27, 2024",30.6,1587.34,On-time
SH003399,W01,ST09,CR02,27/12/2024,"December 28, 2024","December 28, 2024",21.0,1580.32,On-time
SH003400,W01,ST09,CR03,28/12/2024,"December 29, 2024","December 29, 2024",26.1,2162.29,On-time
SH003401,W01,ST09,CR03,"December 29, 2024",30/12/2024,2024-12-30,26.5,1519.74,On-time
SH003402,W01,ST09,CR03,30/12/2024,2024-12-31,"December 31, 2024",10.5,742.36,On-time
SH003403,W01,ST09,CR01,31/12/2024,01/01/2025,01/01/2025,22.4,1377.32,On-time
SH003404,W01,ST09,CR03,01/01/2025,02/01/2025,02/01/2025,32.7,1874.82,On-time
SH003405,W01,ST09,CR01,2025-01-02,2025-01-03,03/01/2025,10.7,847.67,On-time
SH003406,W01,ST09,CR04,"January 3, 2025",2025-01-04,08/01/2025,27.8,1837.21,Delayed
SH003407,W01,ST09,CR05,04/01/2025,"January 5, 2025",2025-01-05,32.3,2048.34,On-time
SH003408,W01,ST09,CR03,"January 5, 2025",2025-01-06,"January 6, 2025",23.5,1665.21,Lost
SH003409,W01,ST09,CR02,"January 6, 2025",2025-01-07,"January 7, 2025",21.4,1334.14,On-time
SH003410,W01,ST09,CR03,07/01/2025,2025-01-08,2025-01-08,17.3,1218.65,On-time
SH003411,W01,ST09,CR04,2025-01-08,09/01/2025,09/01/2025,11.6,1197.19,On-time
SH003412,W01,ST09,CR05,2025-01-09,"January 10, 2025",2025-01-10,34.5,2055.38,On-time
SH003413,W01,ST09,CR03,"January 10, 2025",2025-01-11,11/01/2025,30.1,1680.0,On-time
SH003414,W01,ST09,CR01,"January 11, 2025","January 12, 2025",12/01/2025,30.6,1740.95,On-time
SH003415,W01,ST09,CR05,12/01/2025,"January 13, 2025",2025-01-13,6.7,928.68,On-time
SH003416,W01,ST09,CR01,2025-01-13,2025-01-14,"January 14, 2025",28.7,1890.8,On-time
SH003417,W01,ST09,CR04,2025-01-14,15/01/2025,2025-01-15,5.3,758.92,On-time
SH003418,W01,ST09,CR04,"January 15, 2025","January 16, 2025",2025-01-19,13.3,1413.73,Delayed
SH003419,W01,ST09,CR05,2025-01-16,2025-01-17,"January 17, 2025",14.9,978.79,On-time
SH003420,W03,ST09,CR01,2025-01-17,19/01/2025,2025-01-19,210.3,12386.16,On-time
SH003421,W01,ST09,CR02,18/01/2025,2025-01-19,19/01/2025,12.0,1131.37,On-time
SH003422,W01,ST09,CR01,2025-01-19,2025-01-20,20/01/2025,19.5,1186.83,On-time
SH003423,W03,ST09,CR04,"January 20, 2025","January 22, 2025",26/01/2025,210.3,13036.49,Delayed
SH003424,W01,ST09,CR01,"January 21, 2025",2025-01-22,"January 22, 2025",5.8,981.46,On-time
SH003425,W01,ST09,CR04,22/01/2025,"January 23, 2025",23/01/2025,18.5,1630.26,On-time
SH003426,W01,ST09,CR01,2025-01-23,24/01/2025,24/01/2025,11.9,,On-time
SH003427,W01,ST09,CR02,2025-01-24,"January 25, 2025","January 25, 2025",23.9,1454.45,On-time
SH003428,W01,ST09,CR05,25/01/2025,2025-01-26,"January 26, 2025",8.9,,On-time
SH003429,W01,ST09,CR01,"January 26, 2025",27/01/2025,"January 27, 2025",17.7,,On-time
SH003430,W01,ST09,CR04,2025-01-27,28/01/2025,28/01/2025,9.0,826.87,On-time
SH003431,W01,ST09,CR05,2025-01-28,2025-01-29,"January 29, 2025",11.1,1359.69,On-time
SH003432,W01,ST09,CR03,"January 29, 2025",30/01/2025,30/01/2025,21.5,1938.36,On-time
SH003433,W01,ST09,CR02,2025-01-30,"January 31, 2025",31/01/2025,15.8,972.17,On-time
SH003434,W01,ST09,CR05,"January 31, 2025",2025-02-01,"February 1, 2025",10.3,892.46,On-time
SH003435,W01,ST09,CR04,01/02/2025,02/02/2025,"February 2, 2025",16.4,1176.97,On-time
SH003436,W01,ST09,CR04,02/02/2025,03/02/2025,"February 6, 2025",33.3,2281.25,Delayed
SH003437,W01,ST09,CR01,03/02/2025,2025-02-04,"February 4, 2025",17.7,1603.61,On-time
SH003438,W01,ST09,CR03,"February 4, 2025",05/02/2025,2025-02-05,33.4,1652.04,On-time
SH003439,W01,ST09,CR02,2025-02-05,"February 6, 2025","February 6, 2025",19.6,1107.88,On-time
SH003440,W01,ST09,CR02,06/02/2025,07/02/2025,2025-02-07,32.0,2027.27,On-time
SH003441,W01,ST09,CR05,07/02/2025,"February 8, 2025",08/02/2025,11.4,809.52,On-time
SH003442,W01,ST09,CR05,08/02/2025,"February 9, 2025",2025-02-09,25.1,1641.77,On-time
SH003443,W01,ST09,CR01,2025-02-09,2025-02-10,2025-02-11,33.7,2309.34,Delayed
SH003444,W01,ST09,CR02,"February 10, 2025",2025-02-11,2025-02-11,16.7,1353.31,On-time
SH003445,W01,ST09,CR05,"February 11, 2025",12/02/2025,12/02/2025,22.3,1292.06,On-time
SH003446,W01,ST09,CR04,12/02/2025,2025-02-13,13/02/2025,19.0,1187.75,On-time
SH003447,W01,ST09,CR05,2025-02-13,"February 14, 2025","February 14, 2025",14.7,1170.36,On-time
SH003448,W01,ST09,CR05,"February 14, 2025",2025-02-15,15/02/2025,24.2,1564.14,On-time
SH003449,W03,ST09,CR05,15/02/2025,17/02/2025,17/02/2025,210.3,9926.71,On-time
SH003450,W01,ST09,CR02,"February 16, 2025","February 17, 2025",17/02/2025,25.5,1630.19,On-time
SH003451,W01,ST09,CR02,"February 17, 2025","February 18, 2025",2025-02-18,23.3,1458.28,On-time
SH003452,W01,ST09,CR05,18/02/2025,2025-02-19,2025-02-19,33.3,1930.8,On-time
SH003453,W02,ST09,CR05,"February 19, 2025",21/02/2025,22/02/2025,221.4,10539.31,Delayed
SH003454,W01,ST09,CR01,20/02/2025,2025-02-21,21/02/2025,24.6,1660.9,On-time
SH003455,W01,ST09,CR05,"February 21, 2025",2025-02-22,"February 22, 2025",22.2,1710.43,On-time
SH003456,W01,ST09,CR02,2025-02-22,23/02/2025,"February 23, 2025",18.7,1664.34,On-time
SH003457,W01,ST09,CR01,2025-02-23,24/02/2025,"February 24, 2025",12.8,1149.61,On-time
SH003458,W01,ST09,CR02,"February 24, 2025",2025-02-25,2025-02-25,22.2,1506.73,On-time
SH003459,W01,ST09,CR05,"February 25, 2025",2025-02-26,26/02/2025,16.8,1163.94,On-time
SH003460,W01,ST09,CR01,2025-02-26,2025-02-27,2025-02-27,20.7,1499.26,On-time
SH003461,W01,ST09,CR05,"February 27, 2025",28/02/2025,28/02/2025,13.7,1545.79,On-time
SH003462,W01,ST09,CR05,2025-02-28,"March 1, 2025","March 1, 2025",26.0,1605.96,On-time
SH003463,W01,ST09,CR01,"March 1, 2025",02/03/2025,02/03/2025,15.4,967.12,On-time
SH003464,W01,ST09,CR04,"March 2, 2025",03/03/2025,"March 3, 2025",17.0,1083.07,On-time
SH003465,W01,ST09,CR05,2025-03-03,04/03/2025,2025-03-04,19.5,1120.24,On-time
SH003466,W01,ST09,CR01,2025-03-04,2025-03-05,05/03/2025,9.6,867.54,On-time
SH003467,W01,ST09,CR01,"March 5, 2025","March 6, 2025",2025-03-06,12.2,1189.37,On-time
SH003468,W01,ST09,CR03,"March 6, 2025",07/03/2025,"March 11, 2025",16.9,1143.18,Delayed
SH003469,W01,ST09,CR02,"March 7, 2025","March 8, 2025",08/03/2025,17.3,1057.66,On-time
SH003470,W01,ST09,CR01,08/03/2025,09/03/2025,2025-03-09,10.3,786.25,On-time
SH003471,W02,ST09,CR05,09/03/2025,2025-03-11,11/03/2025,221.4,8712.26,On-time
SH003472,W01,ST09,CR02,"March 10, 2025",11/03/2025,2025-03-11,29.5,2098.37,Damaged
SH003473,W01,ST09,CR05,"March 11, 2025","March 12, 2025",2025-03-12,16.3,1068.99,On-time
SH003474,W01,ST09,CR01,12/03/2025,"March 13, 2025",13/03/2025,21.7,1683.56,On-time
SH003475,W01,ST09,CR01,2025-03-13,2025-03-14,2025-03-15,22.8,1523.95,Delayed
SH003476,W01,ST09,CR01,14/03/2025,2025-03-15,15/03/2025,30.3,1636.42,On-time
SH003477,W01,ST09,CR04,"March 15, 2025","March 16, 2025","March 17, 2025",33.2,1847.58,Delayed
SH003478,W01,ST09,CR05,2025-03-16,17/03/2025,"March 17, 2025",8.5,1022.07,On-time
SH003479,W01,ST09,CR04,2025-03-17,"March 18, 2025",21/03/2025,26.7,1733.47,Delayed
SH003480,W01,ST09,CR02,"March 18, 2025",2025-03-19,19/03/2025,15.3,1473.67,On-time
SH003481,W01,ST09,CR01,2025-03-19,2025-03-20,"March 20, 2025",15.6,1292.18,Lost
SH003482,W01,ST09,CR03,"March 20, 2025",2025-03-21,"March 21, 2025",33.6,1865.51,On-time
SH003483,W01,ST09,CR03,21/03/2025,"March 22, 2025",22/03/2025,14.0,1594.32,On-time
SH003484,W01,ST09,CR03,2025-03-22,"March 23, 2025",23/03/2025,25.9,1672.38,On-time
SH003485,W01,ST09,CR03,23/03/2025,2025-03-24,2025-03-24,17.2,1077.25,On-time
SH003486,W01,ST09,CR05,2025-03-24,"March 25, 2025","March 25, 2025",16.3,1102.53,On-time
SH003487,W01,ST09,CR04,25/03/2025,"March 26, 2025",2025-03-27,22.1,1166.26,Delayed
SH003488,W03,ST09,CR04,"March 26, 2025",2025-03-28,"March 29, 2025",210.3,8732.81,Delayed
SH003489,W01,ST09,CR05,27/03/2025,"March 28, 2025",28/03/2025,18.8,1387.07,On-time
SH003490,W01,ST09,CR02,28/03/2025,2025-03-29,2025-03-29,28.2,1977.65,On-time
SH003491,W01,ST09,CR03,2025-03-29,30/03/2025,2025-03-30,34.9,1776.41,On-time
SH003492,W01,ST09,CR04,2025-03-30,2025-03-31,31/03/2025,14.1,1460.38,On-time
SH003493,W01,ST09,CR01,2025-03-31,2025-04-01,"April 1, 2025",34.3,1507.55,On-time
SH003494,W01,ST09,CR03,"April 1, 2025",2025-04-02,2025-04-04,15.3,1338.51,Delayed
SH003495,W01,ST09,CR02,"April 2, 2025",2025-04-03,"April 7, 2025",10.5,932.25,Delayed
SH003496,W01,ST09,CR03,"April 3, 2025","April 4, 2025",05/04/2025,28.6,1527.6,Delayed
SH003497,W01,ST09,CR01,"April 4, 2025","April 5, 2025","April 5, 2025",7.3,731.2,On-time
SH003498,W01,ST99,CR04,05/04/2025,2025-04-06,2025-04-06,19.5,2071.02,On-time
SH003499,W01,ST09,CR05,2025-04-06,"April 7, 2025","April 7, 2025",10.8,1033.99,On-time
SH003500,W01,ST09,CR01,"April 7, 2025",08/04/2025,2025-04-08,12.3,968.2,On-time
SH003501,W01,ST09,CR01,08/04/2025,2025-04-09,2025-04-09,8.7,860.26,On-time
SH003502,W01,ST09,CR01,2025-04-09,"April 10, 2025","April 12, 2025",17.9,1327.03,Delayed
SH003503,W01,ST09,CR02,10/04/2025,2025-04-11,2025-04-11,9.3,1170.37,On-time
SH003504,W02,ST09,CR03,2025-04-11,2025-04-13,2025-04-13,221.4,11362.44,On-time
SH003505,W01,ST09,CR05,"April 12, 2025","April 13, 2025",2025-04-13,16.5,1226.96,On-time
SH003506,W01,ST09,CR02,2025-04-13,2025-04-14,"April 14, 2025",13.2,1094.27,On-time
SH003507,W01,ST09,CR04,"April 14, 2025",15/04/2025,19/04/2025,17.8,1173.44,Delayed
SH003508,W01,ST09,CR01,"April 15, 2025","April 16, 2025",2025-04-16,9.2,806.71,On-time
SH003509,W01,ST09,CR03,2025-04-16,2025-04-17,"April 21, 2025",21.0,1391.35,Delayed
SH003510,W01,ST09,CR05,2025-04-17,18/04/2025,18/04/2025,10.5,901.75,On-time
SH003511,W01,ST09,CR04,"April 18, 2025",2025-04-19,"April 23, 2025",33.1,2229.1,Delayed
SH003512,W01,ST09,CR03,"April 19, 2025",2025-04-20,20/04/2025,20.5,1703.71,On-time
SH003513,W01,ST09,CR02,2025-04-20,"April 21, 2025",25/04/2025,30.7,2155.56,Delayed
SH003514,W01,ST09,CR03,2025-04-21,"April 22, 2025",22/04/2025,26.2,1812.29,On-time
SH003515,W01,ST09,CR02,22/04/2025,23/04/2025,2025-04-23,32.6,1642.16,On-time
SH003516,W01,ST09,CR04,23/04/2025,"April 24, 2025",25/04/2025,28.6,1616.68,Delayed
SH003517,W01,ST09,CR03,2025-04-24,"April 25, 2025","April 25, 2025",17.4,1171.69,On-time
SH003518,W01,ST09,CR04,25/04/2025,"April 26, 2025","April 26, 2025",33.7,2237.69,On-time
SH003519,W01,ST09,CR05,"April 26, 2025",2025-04-27,"April 27, 2025",20.4,1401.19,On-time
SH003520,W01,ST09,CR03,2025-04-27,"April 28, 2025",2025-04-28,27.5,1979.55,On-time
SH003521,W01,ST09,CR03,28/04/2025,"April 29, 2025","April 29, 2025",8.3,1056.58,On-time
SH003522,W01,ST09,CR02,"April 29, 2025",2025-04-30,30/04/2025,8.4,875.25,On-time
SH003523,W01,ST09,CR02,30/04/2025,2025-05-01,"May 1, 2025",27.5,1561.23,On-time
SH003524,W02,ST09,CR03,01/05/2025,2025-05-03,2025-05-04,221.4,10594.07,Delayed
SH003525,W01,ST09,CR03,"May 2, 2025",2025-05-03,"May 3, 2025",27.9,1764.29,On-time
SH003526,W01,ST09,CR05,03/05/2025,"May 4, 2025",2025-05-04,9.5,665.46,On-time
SH003527,W01,ST09,CR04,2025-05-04,05/05/2025,2025-05-05,25.3,1272.33,On-time
SH003528,W01,ST09,CR03,"May 5, 2025","May 6, 2025",2025-05-06,16.1,1077.64,On-time
SH003529,W01,ST09,CR03,2025-05-06,2025-05-07,07/05/2025,22.0,,On-time
SH003530,W01,ST09,CR02,"May 7, 2025",08/05/2025,2025-05-08,23.6,1228.65,On-time
SH003531,W01,ST09,CR03,2025-05-08,"May 9, 2025","May 13, 2025",7.6,782.15,Delayed
SH003532,W03,ST09,CR02,"May 9, 2025",2025-05-11,"May 11, 2025",130.7,13370.49,On-time
SH003533,W01,ST09,CR03,10/05/2025,11/05/2025,"May 11, 2025",13.5,1104.38,On-time
SH003534,W01,ST09,CR02,2025-05-11,"May 12, 2025","May 16, 2025",23.4,1580.88,Delayed
SH003535,W01,ST09,CR03,"May 12, 2025",13/05/2025,2025-05-13,24.6,1800.12,On-time
SH003536,W01,ST09,CR05,2025-05-13,2025-05-14,"May 17, 2025",33.8,1511.72,Delayed
SH003537,W01,ST09,CR04,14/05/2025,"May 15, 2025","May 15, 2025",33.2,1636.58,On-time
SH003538,W01,ST09,CR01,15/05/2025,"May 16, 2025",16/05/2025,22.5,1492.21,On-time
SH003539,W01,ST09,CR03,"May 16, 2025",17/05/2025,17/05/2025,18.0,1495.12,On-time
SH003540,W01,ST09,CR01,"May 17, 2025",2025-05-18,"May 18, 2025",9.8,847.86,On-time
SH003541,W01,ST09,CR05,18/05/2025,"May 19, 2025",2025-05-19,22.0,1726.75,On-time
SH003542,W01,ST09,CR03,"May 19, 2025",2025-05-20,20/05/2025,13.8,818.96,On-time
SH003543,W01,ST09,CR02,"May 20, 2025",21/05/2025,21/05/2025,19.0,1333.54,On-time
SH003544,W01,ST09,CR05,21/05/2025,"May 22, 2025","May 22, 2025",15.0,921.39,On-time
SH003545,W01,ST09,CR02,"May 22, 2025",23/05/2025,"May 23, 2025",33.8,2038.76,On-time
SH003546,W01,ST09,CR01,"May 23, 2025",24/05/2025,24/05/2025,20.8,1182.85,On-time
SH003547,W01,ST09,CR03,24/05/2025,25/05/2025,2025-05-25,28.9,1703.0,On-time
SH003548,W01,ST09,CR05,2025-05-25,"May 26, 2025",26/05/2025,26.0,1860.71,On-time
SH003549,W01,ST09,CR05,"May 26, 2025",2025-05-27,"May 27, 2025",31.1,1575.63,On-time
SH003550,W01,ST09,CR01,2025-05-27,2025-05-28,2025-05-28,19.0,1290.4,On-time
SH003551,W01,ST09,CR03,"May 28, 2025",2025-05-29,29/05/2025,20.7,1406.49,On-time
SH003552,W02,ST09,CR03,2025-05-29,"May 31, 2025",2025-06-02,221.4,12707.42,Delayed
SH003553,W01,ST09,CR04,30/05/2025,31/05/2025,2025-05-31,13.2,952.07,On-time
SH003554,W01,ST09,CR01,2025-05-31,2025-06-01,2025-06-01,23.3,1290.39,On-time
SH003555,W01,ST09,CR02,2025-06-01,02/06/2025,"June 2, 2025",9.3,896.68,On-time
SH003556,W01,ST09,CR05,2025-06-02,"June 3, 2025","June 3, 2025",8.0,943.52,On-time
SH003557,W01,ST09,CR03,2025-06-03,"June 4, 2025",2025-06-04,22.7,1197.82,On-time
SH003558,W01,ST09,CR01,"June 4, 2025",2025-06-05,2025-06-07,18.9,1371.01,Delayed
SH003559,W01,ST09,CR05,2025-06-05,2025-06-06,2025-06-06,31.8,1775.3,On-time
SH003560,W01,ST09,CR03,2025-06-06,07/06/2025,2025-06-07,21.3,1355.78,On-time
SH003561,W01,ST09,CR02,"June 7, 2025",2025-06-08,08/06/2025,14.1,842.92,On-time
SH003562,W01,ST09,CR05,08/06/2025,2025-06-09,2025-06-09,26.6,1698.74,Damaged
SH003563,W01,ST09,CR04,2025-06-09,10/06/2025,14/06/2025,12.2,952.23,Delayed
SH003564,W01,ST09,CR05,2025-06-10,"June 11, 2025",13/06/2025,10.2,1345.22,Delayed
SH003565,W01,ST09,CR04,11/06/2025,12/06/2025,2025-06-12,24.0,1611.7,On-time
SH003566,W01,ST09,CR04,12/06/2025,2025-06-13,"June 13, 2025",24.5,1911.5,On-time
SH003567,W01,ST09,CR01,13/06/2025,14/06/2025,"June 14, 2025",16.1,1152.62,On-time
SH003568,W01,ST09,CR01,2025-06-14,15/06/2025,"June 15, 2025",28.5,1916.44,On-time
SH003569,W03,ST09,CR05,2025-06-15,"June 17, 2025",2025-06-20,210.3,12517.27,Delayed
SH003570,W01,ST09,CR01,"June 16, 2025",2025-06-17,2025-06-21,20.9,1470.93,Delayed
SH003571,W03,ST09,CR03,"June 17, 2025","June 19, 2025",19/06/2025,210.3,13283.98,On-time
SH003572,W01,ST09,CR04,18/06/2025,2025-06-19,"June 22, 2025",18.8,1428.22,Delayed
SH003573,W01,ST09,CR02,"June 19, 2025","June 20, 2025",20/06/2025,18.5,1081.03,On-time
SH003574,W01,ST09,CR05,"June 20, 2025",2025-06-21,2025-06-21,21.3,1901.54,On-time
SH003575,W01,ST09,CR05,21/06/2025,"June 22, 2025",2025-06-22,9.6,1128.37,On-time
SH003576,W01,ST09,CR03,2025-06-22,2025-06-23,25/06/2025,14.0,1443.45,Delayed
SH003577,W01,ST09,CR05,23/06/2025,2025-06-24,"June 24, 2025",25.3,1261.79,On-time
SH003578,W01,ST09,CR02,24/06/2025,2025-06-25,"June 25, 2025",20.2,1471.37,On-time
SH003579,W02,ST09,CR03,25/06/2025,"June 27, 2025",27/06/2025,221.4,10167.9,On-time
SH003580,W01,ST09,CR01,"June 26, 2025","June 27, 2025","June 27, 2025",26.0,1585.51,On-time
SH003581,W01,ST09,CR01,2025-06-27,28/06/2025,28/06/2025,22.8,,On-time
SH003582,W01,ST09,CR01,28/06/2025,"June 29, 2025",29/06/2025,25.4,1467.68,On-time
SH003583,W01,ST09,CR02,2025-06-29,30/06/2025,30/06/2025,11.4,902.99,On-time
SH003584,W01,ST09,CR01,30/06/2025,01/07/2025,01/07/2025,21.7,1397.81,On-time
SH003585,W01,ST09,CR04,01/07/2025,02/07/2025,2025-07-06,25.6,1604.95,Delayed
SH003586,W01,ST09,CR04,"July 2, 2025",03/07/2025,"July 3, 2025",17.7,1022.14,On-time
SH003587,W01,ST09,CR01,03/07/2025,"July 4, 2025",04/07/2025,22.5,1332.71,On-time
SH003588,W01,ST09,CR01,"July 4, 2025",2025-07-05,2025-07-05,16.4,1087.47,On-time
SH003589,W01,ST09,CR01,05/07/2025,2025-07-06,"July 6, 2025",10.4,991.82,On-time
SH003590,W01,ST09,CR03,2025-07-06,07/07/2025,"July 7, 2025",26.4,2147.84,On-time
SH003591,W01,ST09,CR05,"July 7, 2025",2025-07-08,08/07/2025,31.4,1632.09,On-time
SH003592,W01,ST09,CR03,"July 8, 2025",09/07/2025,2025-07-09,17.7,1626.65,On-time
SH003593,W03,ST09,CR02,"July 9, 2025",11/07/2025,2025-07-15,130.7,10071.91,Delayed
SH003594,W01,ST09,CR01,"July 10, 2025",11/07/2025,2025-07-11,21.1,1651.16,On-time
SH003595,W01,ST09,CR03,"July 11, 2025",12/07/2025,2025-07-13,32.8,1870.88,Delayed
SH003596,W01,ST09,CR01,"July 12, 2025",2025-07-13,"July 17, 2025",18.6,1487.16,Delayed
SH003597,W01,ST09,CR03,13/07/2025,"July 14, 2025","July 16, 2025",27.4,1530.57,Delayed
SH003598,W01,ST09,CR02,2025-07-14,15/07/2025,2025-07-15,30.4,1787.97,On-time
SH003599,W01,ST09,CR01,15/07/2025,16/07/2025,2025-07-16,13.9,1255.55,On-time
SH003600,W01,ST09,CR01,16/07/2025,2025-07-17,2025-07-20,20.4,,Delayed
SH003601,W01,ST09,CR05,2025-07-17,18/07/2025,18/07/2025,32.0,1581.26,On-time
SH003602,W01,ST09,CR02,"July 18, 2025",19/07/2025,19/07/2025,19.0,1297.22,On-time
SH003603,W01,ST09,CR01,2025-07-19,"July 20, 2025",2025-07-20,29.1,1762.64,On-time
SH003604,W03,ST09,CR04,20/07/2025,"July 22, 2025",2025-07-25,210.3,8764.96,Delayed
SH003605,W01,ST09,CR03,"July 21, 2025",2025-07-22,2025-07-22,9.8,944.2,On-time
SH003606,W01,ST09,CR05,2025-07-22,23/07/2025,2025-07-23,30.2,1665.51,On-time
SH003607,W01,ST09,CR01,"July 23, 2025",24/07/2025,2025-07-24,13.6,1579.33,On-time
SH003608,W01,ST09,CR02,2025-07-24,2025-07-25,2025-07-28,26.3,1883.62,Delayed
SH003609,W01,ST09,CR05,25/07/2025,26/07/2025,26/07/2025,15.4,1583.0,On-time
SH003610,W01,ST09,CR01,26/07/2025,"July 27, 2025",27/07/2025,26.8,1662.9,On-time
SH003611,W01,ST09,CR03,"July 27, 2025",28/07/2025,"July 29, 2025",32.8,1559.23,Delayed
SH003612,W01,ST09,CR01,"July 28, 2025",29/07/2025,"July 29, 2025",15.5,1649.28,On-time
SH003613,W01,ST09,CR02,2025-07-29,30/07/2025,2025-07-30,14.2,1049.82,On-time
SH003614,W01,ST09,CR01,"July 30, 2025","July 31, 2025",2025-07-31,10.4,721.43,On-time
SH003615,W01,ST09,CR01,31/07/2025,2025-08-01,2025-08-01,25.9,1785.31,On-time
SH003616,W03,ST09,CR03,2025-08-01,"August 3, 2025","August 6, 2025",210.3,9395.34,Delayed
SH003617,W01,ST09,CR04,02/08/2025,2025-08-03,06/08/2025,16.9,1116.82,Delayed
SH003618,W01,ST09,CR04,03/08/2025,2025-08-04,"August 4, 2025",8.4,,On-time
SH003619,W01,ST09,CR01,04/08/2025,2025-08-05,2025-08-05,28.5,1735.37,On-time
SH003620,W01,ST09,CR05,2025-08-05,"August 6, 2025",06/08/2025,17.6,1729.9,On-time
SH003621,W01,ST09,CR05,06/08/2025,2025-08-07,"August 7, 2025",19.1,1247.98,On-time
SH003622,W02,ST09,CR02,"August 7, 2025",09/08/2025,"August 11, 2025",137.6,10950.22,Delayed
SH003623,W03,ST09,CR03,"August 8, 2025",2025-08-10,"August 10, 2025",210.3,8599.51,Lost
SH003624,W01,ST09,CR05,"August 9, 2025","August 10, 2025",2025-08-10,34.5,1685.35,On-time
SH003625,W01,ST09,CR01,10/08/2025,2025-08-11,2025-08-11,26.7,1556.22,On-time
SH003626,W01,ST09,CR05,11/08/2025,12/08/2025,2025-08-12,32.9,1870.62,On-time
SH003627,W01,ST09,CR05,2025-08-12,"August 13, 2025",2025-08-13,16.1,1085.0,On-time
SH003628,W01,ST09,CR03,2025-08-13,"August 14, 2025",2025-08-14,34.6,2054.29,On-time
SH003629,W01,ST09,CR03,"August 14, 2025","August 15, 2025",15/08/2025,19.8,1350.72,On-time
SH003630,W02,ST09,CR05,"August 15, 2025","August 17, 2025",2025-08-17,137.6,12270.01,On-time
SH003631,W01,ST09,CR04,16/08/2025,"August 17, 2025",18/08/2025,13.2,1155.01,Delayed
SH003632,W01,ST09,CR05,"August 17, 2025","August 18, 2025",18/08/2025,28.3,1461.82,Damaged
SH003633,W01,ST09,CR01,18/08/2025,"August 19, 2025",2025-08-19,10.7,1078.3,On-time
SH003634,W01,ST09,CR04,2025-08-19,2025-08-20,20/08/2025,33.0,1514.99,On-time
SH003635,W01,ST09,CR02,2025-08-20,21/08/2025,"August 25, 2025",8.5,,Delayed
SH003636,W01,ST09,CR02,2025-08-21,"August 22, 2025",22/08/2025,17.8,1151.73,On-time
SH003637,W01,ST09,CR05,22/08/2025,23/08/2025,"August 23, 2025",15.0,774.98,On-time
SH003638,W01,ST09,CR05,23/08/2025,2025-08-24,2025-08-24,19.9,1527.56,On-time
SH003639,W01,ST09,CR01,"August 24, 2025",25/08/2025,2025-08-25,17.0,,On-time
SH003640,W01,ST09,CR05,25/08/2025,2025-08-26,26/08/2025,14.6,685.29,On-time
SH003641,W01,ST09,CR03,2025-08-26,2025-08-27,"August 27, 2025",12.6,1052.15,On-time
SH003642,W02,ST09,CR02,2025-08-27,"August 29, 2025",01/09/2025,221.4,8094.41,Delayed
SH003643,W01,ST09,CR05,28/08/2025,2025-08-29,"August 29, 2025",28.8,1561.28,On-time
SH003644,W01,ST09,CR05,2025-08-29,"August 30, 2025","September 1, 2025",24.3,1536.97,Delayed
SH003645,W01,ST09,CR05,2025-08-30,31/08/2025,31/08/2025,30.5,1377.76,On-time
SH003646,W01,ST09,CR01,2025-08-31,01/09/2025,2025-09-01,9.1,943.07,On-time
SH003647,W01,ST09,CR03,"September 1, 2025",2025-09-02,04/09/2025,23.3,1765.8,Delayed
SH003648,W01,ST09,CR03,"September 2, 2025",03/09/2025,2025-09-03,7.3,725.04,On-time
SH003649,W01,ST09,CR03,03/09/2025,"September 4, 2025",2025-09-04,25.4,1534.01,On-time
SH003650,W01,ST09,CR02,2025-09-04,2025-09-05,"September 6, 2025",17.2,1525.66,Delayed
SH003651,W01,ST09,CR03,"September 5, 2025",2025-09-06,2025-09-06,17.0,1103.97,On-time
SH003652,W01,ST09,CR02,06/09/2025,07/09/2025,2025-09-07,12.1,865.14,On-time
SH003653,W01,ST09,CR05,"September 7, 2025",2025-09-08,08/09/2025,12.6,741.63,On-time
SH003654,W01,ST09,CR02,2025-09-08,2025-09-09,"September 9, 2025",27.7,,On-time
SH003655,W01,ST09,CR03,"September 9, 2025","September 10, 2025","September 13, 2025",29.2,1914.1,Delayed
SH003656,W01,ST09,CR04,"September 10, 2025",2025-09-11,14/09/2025,8.1,954.77,Delayed
SH003657,W01,ST09,CR02,2025-09-11,"September 12, 2025","September 12, 2025",13.5,962.08,On-time
SH003658,W01,ST09,CR02,"September 12, 2025",13/09/2025,2025-09-13,13.3,1368.53,On-time
SH003659,W01,ST09,CR02,"September 13, 2025","September 14, 2025",2025-09-15,34.4,,Delayed
SH003660,W01,ST09,CR03,14/09/2025,15/09/2025,2025-09-16,15.7,897.88,Delayed
SH003661,W01,ST09,CR03,"September 15, 2025",16/09/2025,"September 16, 2025",15.4,908.86,On-time
SH003662,W02,ST09,CR02,16/09/2025,2025-09-18,"September 20, 2025",221.4,12058.84,Delayed
SH003663,W01,ST09,CR02,"September 17, 2025",18/09/2025,"September 18, 2025",21.9,1657.45,On-time
SH003664,W01,ST09,CR05,18/09/2025,2025-09-19,"September 19, 2025",12.7,955.57,On-time
SH003665,W01,ST09,CR03,2025-09-19,2025-09-20,2025-09-20,22.1,1170.69,On-time
SH003666,W01,ST09,CR03,"September 20, 2025","September 21, 2025",21/09/2025,18.1,1344.34,On-time
SH003667,W02,ST09,CR02,2025-09-21,"September 23, 2025",23/09/2025,221.4,9324.93,On-time
SH003668,W01,ST09,CR02,"September 22, 2025",23/09/2025,2025-09-23,29.6,2113.01,On-time
SH003669,W01,ST09,CR01,"September 23, 2025","September 24, 2025",27/09/2025,14.3,1715.83,Delayed
SH003670,W01,ST09,CR01,"September 24, 2025",2025-09-25,2025-09-25,31.0,1853.18,On-time
SH003671,W01,ST09,CR03,2025-09-25,26/09/2025,"September 29, 2025",16.7,1442.01,Delayed
SH003672,W01,ST09,CR02,26/09/2025,27/09/2025,2025-10-01,16.9,,Delayed
SH003673,W01,ST09,CR03,2025-09-27,28/09/2025,29/09/2025,22.8,1578.83,Delayed
SH003674,W01,ST09,CR05,"September 28, 2025","September 29, 2025",2025-09-29,24.0,1540.88,On-time
SH003675,W01,ST09,CR02,29/09/2025,"September 30, 2025","October 2, 2025",29.7,1826.64,Delayed
SH003676,W01,ST09,CR03,30/09/2025,2025-10-01,2025-10-03,20.2,1209.35,Delayed
SH003677,W01,ST09,CR02,"October 1, 2025","October 2, 2025","October 2, 2025",12.6,1114.8,On-time
SH003678,W01,ST09,CR05,2025-10-02,2025-10-03,"October 3, 2025",24.2,1825.54,On-time
SH003679,W01,ST09,CR05,"October 3, 2025","October 4, 2025","October 4, 2025",14.0,982.02,On-time
SH003680,W03,ST09,CR01,"October 4, 2025",06/10/2025,"October 6, 2025",210.3,8786.9,On-time
SH003681,W01,ST09,CR05,05/10/2025,2025-10-06,2025-10-06,27.2,1649.93,On-time
SH003682,W01,ST09,CR03,2025-10-06,2025-10-07,07/10/2025,13.8,866.48,On-time
SH003683,W03,ST09,CR02,07/10/2025,2025-10-09,"October 11, 2025",210.3,7511.25,Delayed
SH003684,W01,ST09,CR05,"October 8, 2025","October 9, 2025","October 9, 2025",22.7,1251.18,On-time
SH003685,W01,ST09,CR05,09/10/2025,10/10/2025,10/10/2025,20.0,1741.4,On-time
SH003686,W01,ST09,CR05,10/10/2025,2025-10-11,11/10/2025,19.6,1147.57,On-time
SH003687,W01,ST09,CR04,"October 11, 2025",12/10/2025,2025-10-16,11.2,875.94,Delayed
SH003688,W03,ST09,CR03,"October 12, 2025","October 14, 2025","October 14, 2025",210.3,10330.49,On-time
SH003689,W01,ST09,CR05,2025-10-13,2025-10-14,"October 17, 2025",28.1,1655.54,Delayed
SH003690,W01,ST09,CR03,14/10/2025,15/10/2025,15/10/2025,16.5,1010.21,On-time
SH003691,W01,ST09,CR05,15/10/2025,16/10/2025,2025-10-16,12.1,974.29,On-time
SH003692,W01,ST09,CR01,2025-10-16,2025-10-17,2025-10-17,14.8,1083.67,On-time
SH003693,W01,ST09,CR03,"October 17, 2025",18/10/2025,"October 18, 2025",12.0,854.14,On-time
SH003694,W01,ST09,CR01,18/10/2025,19/10/2025,2025-10-19,25.8,1440.23,On-time
SH003695,W01,ST09,CR03,"October 19, 2025","October 20, 2025","October 20, 2025",18.1,1266.91,On-time
SH003696,W01,ST09,CR05,"October 20, 2025",21/10/2025,22/10/2025,11.3,950.39,Damaged
SH003697,W01,ST09,CR01,"October 21, 2025",22/10/2025,2025-10-26,17.7,1207.4,Delayed
SH003698,W01,ST09,CR01,22/10/2025,"October 23, 2025",2025-10-23,13.7,1246.78,On-time
SH003699,W01,ST09,CR04,2025-10-23,"October 24, 2025",24/10/2025,18.8,2107.9,On-time
SH003700,W01,ST09,CR02,24/10/2025,2025-10-25,"October 25, 2025",33.0,1755.73,On-time
SH003701,W01,ST09,CR03,2025-10-25,2025-10-26,2025-10-26,10.6,700.76,On-time
SH003702,W01,ST09,CR02,"October 26, 2025","October 27, 2025","October 27, 2025",12.1,1060.13,On-time
SH003703,W01,ST09,CR05,2025-10-27,28/10/2025,"October 28, 2025",29.2,1810.04,On-time
SH003704,W01,ST09,CR03,2025-10-28,29/10/2025,2025-10-29,10.4,1187.47,On-time
SH003705,W02,ST09,CR03,29/10/2025,"October 31, 2025",31/10/2025,221.4,10605.99,On-time
SH003706,W01,ST09,CR05,"October 30, 2025","October 31, 2025","October 31, 2025",25.7,1674.89,On-time
SH003707,W01,ST09,CR03,31/10/2025,01/11/2025,01/11/2025,24.3,1415.18,On-time
SH003708,W01,ST09,CR04,2025-11-01,"November 2, 2025",02/11/2025,17.7,1451.27,On-time
SH003709,W02,ST09,CR02,2025-11-02,2025-11-04,"November 4, 2025",221.4,9236.98,On-time
SH003710,W01,ST99,CR03,"November 3, 2025",2025-11-04,2025-11-04,21.0,1244.98,Damaged
SH003711,W01,ST09,CR03,"November 4, 2025",05/11/2025,"November 5, 2025",24.3,1665.53,On-time
SH003712,W01,ST09,CR01,"November 5, 2025",06/11/2025,2025-11-06,32.6,2023.02,On-time
SH003713,W01,ST09,CR02,"November 6, 2025",2025-11-07,2025-11-07,8.2,715.4,On-time
SH003714,W01,ST09,CR04,"November 7, 2025","November 8, 2025",08/11/2025,8.9,676.39,On-time
SH003715,W01,ST09,CR03,08/11/2025,09/11/2025,2025-11-09,32.3,1762.46,On-time
SH003716,W01,ST09,CR03,2025-11-09,"November 10, 2025",10/11/2025,12.5,973.6,On-time
SH003717,W01,ST09,CR04,2025-11-10,2025-11-11,"November 11, 2025",27.0,1611.08,Damaged
SH003718,W01,ST09,CR05,2025-11-11,12/11/2025,12/11/2025,19.9,1586.73,On-time
SH003719,W01,ST09,CR01,2025-11-12,"November 13, 2025","November 13, 2025",32.1,2163.7,On-time
SH003720,W01,ST09,CR05,2025-11-13,14/11/2025,2025-11-18,12.5,894.6,Delayed
SH003721,W01,ST09,CR03,"November 14, 2025",2025-11-15,"November 15, 2025",31.0,1760.04,On-time
SH003722,W01,ST09,CR02,2025-11-15,16/11/2025,2025-11-16,8.9,908.15,On-time
SH003723,W02,ST09,CR03,2025-11-16,"November 18, 2025",2025-11-18,137.6,,On-time
SH003724,W01,ST09,CR02,"November 17, 2025",2025-11-18,"November 18, 2025",12.1,920.73,On-time
SH003725,W01,ST09,CR05,18/11/2025,"November 19, 2025","November 19, 2025",34.2,2283.3,Lost
SH003726,W01,ST09,CR01,19/11/2025,20/11/2025,2025-11-20,26.0,1616.49,On-time
SH003727,W01,ST09,CR02,20/11/2025,2025-11-21,22/11/2025,32.3,1855.88,Delayed
SH003728,W01,ST09,CR01,2025-11-21,22/11/2025,"November 22, 2025",16.8,2110.24,On-time
SH003729,W01,ST09,CR04,22/11/2025,"November 23, 2025",2025-11-23,14.3,,On-time
SH003730,W01,ST09,CR02,23/11/2025,2025-11-24,"November 24, 2025",21.5,1217.94,On-time
SH003731,W01,ST09,CR03,"November 24, 2025",2025-11-25,"November 25, 2025",19.1,1257.58,On-time
SH003732,W01,ST09,CR01,25/11/2025,26/11/2025,26/11/2025,9.7,662.68,On-time
SH003733,W01,ST09,CR04,2025-11-26,"November 27, 2025",2025-11-27,31.5,1704.16,On-time
SH003734,W03,ST09,CR01,"November 27, 2025","November 29, 2025",29/11/2025,210.3,,On-time
SH003735,W01,ST09,CR02,"November 28, 2025",29/11/2025,2025-12-03,24.1,1570.41,Delayed
SH003736,W01,ST09,CR05,"November 29, 2025",30/11/2025,"November 30, 2025",26.7,1701.78,On-time
SH003737,W01,ST09,CR05,"November 30, 2025",2025-12-01,2025-12-01,32.6,2092.68,On-time
SH003738,W01,ST09,CR02,2025-12-01,2025-12-02,"December 2, 2025",21.7,1444.45,On-time
SH003739,W01,ST09,CR03,02/12/2025,2025-12-03,03/12/2025,31.8,2104.55,On-time
SH003740,W01,ST09,CR01,"December 3, 2025",2025-12-04,2025-12-04,19.0,,On-time
SH003741,W01,ST09,CR02,2025-12-04,05/12/2025,"December 5, 2025",8.7,782.72,On-time
SH003742,W01,ST09,CR04,05/12/2025,2025-12-06,2025-12-06,34.6,1970.0,On-time
SH003743,W01,ST09,CR02,2025-12-06,"December 7, 2025",2025-12-07,14.1,1160.96,On-time
SH003744,W01,ST09,CR04,"December 7, 2025",2025-12-08,2025-12-10,21.3,1309.06,Delayed
SH003745,W01,ST09,CR02,08/12/2025,09/12/2025,09/12/2025,19.3,1160.9,On-time
SH003746,W01,ST09,CR03,2025-12-09,2025-12-10,10/12/2025,9.9,1195.13,Lost
SH003747,W01,ST09,CR05,2025-12-10,2025-12-11,2025-12-11,26.3,1506.39,On-time
SH003748,W01,ST09,CR01,11/12/2025,12/12/2025,"December 16, 2025",16.7,994.93,Delayed
SH003749,W01,ST09,CR05,2025-12-12,"December 13, 2025",13/12/2025,32.9,1856.45,On-time
SH003750,W01,ST09,CR03,13/12/2025,14/12/2025,"December 14, 2025",10.8,627.48,On-time
SH003751,W02,ST09,CR03,"December 14, 2025",16/12/2025,"December 16, 2025",221.4,8552.77,On-time
SH003752,W01,ST09,CR02,15/12/2025,"December 16, 2025",20/12/2025,15.9,1046.21,Delayed
SH003753,W01,ST09,CR03,2025-12-16,"December 17, 2025",17/12/2025,25.3,1685.67,On-time
SH003754,W01,ST09,CR03,17/12/2025,2025-12-18,"December 18, 2025",33.7,1643.09,On-time
SH003755,W02,ST09,CR03,18/12/2025,2025-12-20,22/12/2025,221.4,10562.48,Delayed
SH003756,W01,ST09,CR04,"December 19, 2025",20/12/2025,20/12/2025,8.1,866.14,On-time
SH003757,W01,ST09,CR05,20/12/2025,21/12/2025,2025-12-21,17.2,1320.0,On-time
SH003758,W01,ST09,CR02,"December 21, 2025",22/12/2025,22/12/2025,16.7,1424.75,Damaged
SH003759,W01,ST09,CR02,"December 22, 2025",2025-12-23,23/12/2025,15.0,1188.48,On-time
SH003760,W01,ST09,CR04,23/12/2025,24/12/2025,24/12/2025,24.1,1303.29,On-time
SH003761,W01,ST09,CR01,2025-12-24,2025-12-25,2025-12-25,21.5,1451.52,On-time
SH003762,W01,ST09,CR02,2025-12-25,2025-12-26,"December 30, 2025",33.7,1935.69,Delayed
SH003763,W01,ST09,CR05,2025-12-26,"December 27, 2025",27/12/2025,32.6,2152.41,On-time
SH003764,W02,ST09,CR03,2025-12-27,2025-12-29,2025-12-30,221.4,10060.46,Delayed
SH003765,W01,ST09,CR02,"December 28, 2025",29/12/2025,"December 29, 2025",11.8,807.52,On-time
SH003766,W01,ST09,CR01,"December 29, 2025","December 30, 2025",2025-12-30,14.0,809.88,On-time
SH003767,W01,ST09,CR04,"December 30, 2025",31/12/2025,2025-12-31,28.5,2107.64,On-time
SH003768,W01,ST09,CR01,2025-12-31,2026-01-01,,19.6,1525.94,In-Transit
SH003769,W02,ST10,CR03,2024-01-02,"January 3, 2024",04/01/2024,9.8,790.33,Delayed
SH003770,W02,ST10,CR01,"January 3, 2024",2024-01-04,"January 4, 2024",12.9,1064.3,On-time
SH003771,W01,ST10,CR03,2024-01-04,"January 6, 2024",2024-01-06,221.4,10161.78,On-time
SH003772,W02,ST10,CR03,"January 5, 2024",06/01/2024,2024-01-06,11.9,995.0,On-time
SH003773,W02,ST10,CR05,2024-01-06,"January 7, 2024","January 7, 2024",13.4,1140.03,On-time
SH003774,W02,ST10,CR05,2024-01-07,08/01/2024,"January 8, 2024",19.5,2097.18,On-time
SH003775,W02,ST10,CR01,08/01/2024,"January 9, 2024","January 9, 2024",5.4,977.46,On-time
SH003776,W02,ST10,CR04,2024-01-09,10/01/2024,10/01/2024,18.8,981.0,Lost
SH003777,W02,ST10,CR03,11/01/2024,2024-01-12,"January 12, 2024",19.4,1146.98,On-time
SH003778,W02,ST10,CR01,2024-01-13,"January 14, 2024",14/01/2024,9.8,895.93,On-time
SH003779,W02,ST10,CR01,"January 15, 2024",16/01/2024,16/01/2024,34.0,1685.62,Damaged
SH003780,W02,ST10,CR01,17/01/2024,"January 18, 2024",18/01/2024,31.8,1943.35,On-time
SH003781,W02,ST10,CR04,18/01/2024,2024-01-19,"January 22, 2024",31.1,1692.96,Delayed
SH003782,W02,ST10,CR01,"January 19, 2024",20/01/2024,20/01/2024,9.5,984.14,On-time
SH003783,W02,ST10,CR03,21/01/2024,22/01/2024,2024-01-22,28.7,1987.73,On-time
SH003784,W02,ST10,CR02,2024-01-22,23/01/2024,"January 23, 2024",25.3,1778.91,On-time
SH003785,W02,ST10,CR01,23/01/2024,24/01/2024,2024-01-24,17.9,1238.98,On-time
SH003786,W02,ST10,CR04,24/01/2024,25/01/2024,2024-01-25,19.1,2158.81,On-time
SH003787,W02,ST10,CR05,"January 25, 2024",26/01/2024,2024-01-26,14.4,956.85,On-time
SH003788,W02,ST10,CR01,2024-01-26,2024-01-27,"January 27, 2024",23.1,1722.63,On-time
SH003789,W01,ST10,CR04,2024-01-27,29/01/2024,29/01/2024,221.4,10476.68,On-time
SH003790,W02,ST10,CR01,28/01/2024,2024-01-29,29/01/2024,23.2,1189.7,On-time
SH003791,W02,ST10,CR03,2024-01-30,"January 31, 2024",01/02/2024,30.1,1766.77,Delayed
SH003792,W02,ST10,CR05,"January 31, 2024",01/02/2024,2024-02-01,19.4,,On-time
SH003793,W02,ST10,CR01,"February 2, 2024",2024-02-03,2024-02-04,19.0,1294.18,Delayed
SH003794,W02,ST10,CR05,03/02/2024,"February 4, 2024",2024-02-04,33.5,1831.04,On-time
SH003795,W02,ST99,CR01,"February 4, 2024",2024-02-05,05/02/2024,19.2,1183.27,On-time
SH003796,W02,ST10,CR02,2024-02-06,07/02/2024,"February 7, 2024",32.7,1893.06,On-time
SH003797,W02,ST10,CR04,"February 7, 2024","February 8, 2024","February 10, 2024",8.4,687.19,Damaged
SH003798,W02,ST10,CR05,"February 9, 2024",2024-02-10,10/02/2024,8.3,782.19,On-time
SH003799,W02,ST10,CR05,10/02/2024,2024-02-11,2024-02-11,30.7,1722.59,On-time
SH003800,W01,ST10,CR02,"February 12, 2024",2024-02-14,14/02/2024,221.4,9116.58,On-time
SH003801,W02,ST10,CR01,2024-02-14,15/02/2024,18/02/2024,8.1,714.07,Delayed
SH003802,W02,ST10,CR03,"February 15, 2024","February 16, 2024",16/02/2024,9.9,925.0,On-time
SH003803,W02,ST10,CR03,2024-02-17,18/02/2024,2024-02-18,30.0,2173.38,Lost
SH003804,W02,ST10,CR03,"February 18, 2024",2024-02-19,2024-02-19,9.8,730.07,On-time
SH003805,W02,ST10,CR05,19/02/2024,20/02/2024,"February 20, 2024",11.3,1047.74,On-time
SH003806,W02,ST10,CR01,20/02/2024,2024-02-21,"February 21, 2024",30.7,1931.22,On-time
SH003807,W02,ST10,CR03,2024-02-21,22/02/2024,22/02/2024,20.9,1516.81,On-time
SH003808,W02,ST10,CR03,"February 22, 2024","February 23, 2024",23/02/2024,17.3,1260.59,On-time
SH003809,W02,ST10,CR03,2024-02-24,2024-02-25,25/02/2024,18.2,1105.37,On-time
SH003810,W02,ST10,CR02,"February 25, 2024","February 26, 2024",29/02/2024,21.9,1089.5,Delayed
SH003811,W02,ST10,CR03,26/02/2024,"February 27, 2024",01/03/2024,25.6,1582.62,Delayed
SH003812,W02,ST10,CR03,27/02/2024,"February 28, 2024",28/02/2024,25.9,1656.58,On-time
SH003813,W02,ST10,CR05,"February 28, 2024",29/02/2024,"February 29, 2024",14.5,1063.97,On-time
SH003814,W03,ST10,CR01,2024-02-29,"March 3, 2024",03/03/2024,417.6,18631.89,On-time
SH003815,W03,ST10,CR05,2024-03-01,"March 4, 2024",04/03/2024,417.6,,On-time
SH003816,W02,ST10,CR01,2024-03-03,04/03/2024,04/03/2024,19.0,,On-time
SH003817,W02,ST10,CR03,"March 5, 2024","March 6, 2024",2024-03-07,32.4,2162.47,Delayed
SH003818,W02,ST10,CR02,06/03/2024,07/03/2024,2024-03-07,8.4,,On-time
SH003819,W01,ST10,CR05,2024-03-08,10/03/2024,2024-03-10,221.4,9381.64,On-time
SH003820,W02,ST10,CR01,"March 10, 2024",11/03/2024,"March 12, 2024",34.0,1646.49,Delayed
SH003821,W02,ST10,CR05,11/03/2024,2024-03-12,2024-03-12,13.2,1009.18,On-time
SH003822,W02,ST10,CR02,"March 12, 2024","March 13, 2024",2024-03-13,26.4,1409.31,On-time
SH003823,W02,ST10,CR03,2024-03-13,14/03/2024,"March 14, 2024",18.5,1263.13,On-time
SH003824,W03,ST10,CR03,"March 14, 2024",2024-03-17,2024-03-17,417.6,22541.67,On-time
SH003825,W02,ST10,CR01,15/03/2024,16/03/2024,16/03/2024,8.5,747.7,On-time
SH003826,W02,ST10,CR04,"March 17, 2024","March 18, 2024","March 18, 2024",34.5,2485.89,On-time
SH003827,W01,ST10,CR03,2024-03-18,20/03/2024,20/03/2024,221.4,,On-time
SH003828,W02,ST10,CR02,20/03/2024,2024-03-21,2024-03-21,20.9,1340.68,On-time
SH003829,W02,ST10,CR01,"March 21, 2024",22/03/2024,2024-03-22,19.3,1405.46,On-time
SH003830,W02,ST10,CR02,22/03/2024,23/03/2024,24/03/2024,21.6,1120.83,Delayed
SH003831,W02,ST10,CR03,24/03/2024,"March 25, 2024","March 26, 2024",8.0,894.46,Delayed
SH003832,W02,ST10,CR03,25/03/2024,2024-03-26,"March 26, 2024",10.0,1066.34,On-time
SH003833,W02,ST10,CR01,2024-03-26,27/03/2024,"March 27, 2024",19.3,1740.57,On-time
SH003834,W02,ST10,CR01,2024-03-28,2024-03-29,2024-03-30,20.3,1239.37,Delayed
SH003835,W02,ST10,CR04,"March 29, 2024",2024-03-30,30/03/2024,25.6,1609.79,On-time
SH003836,W01,ST10,CR01,31/03/2024,2024-04-02,2024-04-06,137.6,7992.3,Delayed
SH003837,W02,ST10,CR03,"April 2, 2024",2024-04-03,2024-04-03,22.1,1809.28,On-time
SH003838,W02,ST10,CR04,04/04/2024,2024-04-05,2024-04-05,21.7,1596.24,On-time
SH003839,W02,ST10,CR03,2024-04-05,"April 6, 2024",06/04/2024,27.7,1850.82,Damaged
SH003840,W02,ST10,CR03,07/04/2024,2024-04-08,08/04/2024,18.8,1128.58,On-time
SH003841,W02,ST10,CR05,2024-04-08,09/04/2024,2024-04-09,12.3,,On-time
SH003842,W02,ST10,CR05,2024-04-09,"April 10, 2024","April 10, 2024",10.4,712.81,On-time
SH003843,W02,ST10,CR03,"April 11, 2024",2024-04-12,2024-04-16,8.7,1121.36,Delayed
SH003844,W02,ST10,CR01,12/04/2024,13/04/2024,13/04/2024,20.5,1099.1,On-time
SH003845,W02,ST10,CR05,13/04/2024,2024-04-14,14/04/2024,26.7,1588.36,On-time
SH003846,W02,ST10,CR04,2024-04-14,2024-04-15,16/04/2024,22.9,,Delayed
SH003847,W02,ST10,CR03,"April 16, 2024",2024-04-17,17/04/2024,27.6,1853.18,On-time
SH003848,W02,ST10,CR05,17/04/2024,2024-04-18,2024-04-18,23.4,1057.74,On-time
SH003849,W03,ST10,CR03,2024-04-18,2024-04-21,21/04/2024,417.6,16047.98,On-time
SH003850,W02,ST10,CR03,"April 19, 2024",2024-04-20,"April 20, 2024",9.0,792.83,On-time
SH003851,W02,ST10,CR04,"April 21, 2024",2024-04-22,"April 25, 2024",13.9,,Delayed
SH003852,W02,ST10,CR02,22/04/2024,23/04/2024,2024-04-23,31.6,1694.28,On-time
SH003853,W02,ST10,CR02,23/04/2024,2024-04-24,24/04/2024,24.1,1360.8,On-time
SH003854,W02,ST10,CR03,2024-04-24,2024-04-25,2024-04-25,9.9,808.98,On-time
SH003855,W02,ST10,CR02,"April 25, 2024","April 26, 2024",26/04/2024,18.5,,On-time
SH003856,W02,ST10,CR05,27/04/2024,28/04/2024,"April 28, 2024",27.0,2205.97,On-time
SH003857,W01,ST10,CR03,28/04/2024,"April 30, 2024",2024-04-30,221.4,11550.36,On-time
SH003858,W02,ST10,CR01,"April 29, 2024",30/04/2024,2024-04-30,32.4,1910.74,On-time
SH003859,W01,ST10,CR04,2024-04-30,2024-05-02,02/05/2024,221.4,12488.61,On-time
SH003860,W02,ST10,CR02,01/05/2024,"May 2, 2024","May 2, 2024",20.7,1011.79,On-time
SH003861,W02,ST10,CR02,"May 2, 2024",2024-05-03,"May 3, 2024",25.8,1132.58,On-time
SH003862,W03,ST10,CR01,2024-05-04,2024-05-07,2024-05-07,259.5,19849.75,On-time
SH003863,W02,ST10,CR03,06/05/2024,2024-05-07,"May 7, 2024",30.8,1607.48,On-time
SH003864,W02,ST10,CR04,2024-05-07,08/05/2024,"May 9, 2024",16.9,1017.66,Delayed
SH003865,W01,ST10,CR01,2024-05-08,2024-05-10,2024-05-10,221.4,11445.18,On-time
SH003866,W02,ST10,CR01,"May 9, 2024",2024-05-10,"May 10, 2024",32.9,1567.15,On-time
SH003867,W02,ST10,CR01,"May 10, 2024","May 11, 2024","May 11, 2024",20.1,2157.53,On-time
SH003868,W02,ST10,CR05,"May 12, 2024",13/05/2024,16/05/2024,31.8,1699.22,Delayed
SH003869,W02,ST10,CR05,"May 13, 2024","May 14, 2024","May 14, 2024",8.9,772.57,On-time
SH003870,W02,ST10,CR05,2024-05-15,"May 16, 2024","May 16, 2024",28.2,1738.41,On-time
SH003871,W03,ST10,CR02,17/05/2024,20/05/2024,"May 20, 2024",259.5,18859.01,On-time
SH003872,W02,ST10,CR01,"May 18, 2024",2024-05-19,2024-05-19,11.2,865.12,On-time
SH003873,W02,ST10,CR05,19/05/2024,20/05/2024,2024-05-20,9.8,853.22,On-time
SH003874,W02,ST10,CR01,21/05/2024,2024-05-22,"May 22, 2024",33.6,1843.79,On-time
SH003875,W02,ST10,CR01,22/05/2024,"May 23, 2024",2024-05-23,9.2,1058.56,On-time
SH003876,W02,ST10,CR02,23/05/2024,24/05/2024,2024-05-24,19.5,1214.24,On-time
SH003877,W02,ST10,CR02,24/05/2024,2024-05-25,2024-05-25,29.0,,On-time
SH003878,W02,ST10,CR05,"May 25, 2024",26/05/2024,2024-05-26,27.9,1614.47,On-time
SH003879,W02,ST10,CR01,27/05/2024,"May 28, 2024","May 28, 2024",32.7,2339.31,On-time
SH003880,W01,ST10,CR01,"May 28, 2024",30/05/2024,2024-05-30,221.4,11670.54,On-time
SH003881,W02,ST10,CR02,"May 29, 2024",30/05/2024,2024-05-30,12.6,1210.18,On-time
SH003882,W02,ST10,CR03,2024-05-31,2024-06-01,01/06/2024,34.8,1816.3,On-time
SH003883,W02,ST10,CR04,"June 1, 2024","June 2, 2024",2024-06-02,25.8,1285.81,On-time
SH003884,W02,ST10,CR01,02/06/2024,03/06/2024,2024-06-06,11.6,1110.06,Delayed
SH003885,W01,ST10,CR01,03/06/2024,"June 5, 2024",2024-06-05,221.4,12557.96,On-time
SH003886,W02,ST10,CR01,05/06/2024,"June 6, 2024","June 6, 2024",31.9,1788.77,On-time
SH003887,W02,ST10,CR01,06/06/2024,2024-06-07,07/06/2024,18.5,1057.26,On-time
SH003888,W02,ST10,CR02,07/06/2024,2024-06-08,08/06/2024,30.2,1511.24,On-time
SH003889,W02,ST10,CR02,"June 8, 2024",09/06/2024,"June 12, 2024",9.8,846.69,Delayed
SH003890,W02,ST10,CR03,"June 10, 2024",2024-06-11,11/06/2024,23.2,1381.15,On-time
SH003891,W02,ST10,CR01,"June 11, 2024",12/06/2024,12/06/2024,33.5,1830.0,On-time
SH003892,W02,ST10,CR03,"June 13, 2024",14/06/2024,16/06/2024,17.6,1156.29,Delayed
SH003893,W02,ST10,CR01,2024-06-15,2024-06-16,"June 16, 2024",11.2,,On-time
SH003894,W02,ST10,CR02,16/06/2024,"June 17, 2024",17/06/2024,12.6,991.6,On-time
SH003895,W02,ST10,CR05,18/06/2024,"June 19, 2024",2024-06-19,18.6,1469.58,On-time
SH003896,W02,ST10,CR01,19/06/2024,2024-06-20,2024-06-20,22.4,1497.06,On-time
SH003897,W02,ST10,CR04,"June 21, 2024","June 22, 2024","June 22, 2024",32.5,2076.97,On-time
SH003898,W02,ST10,CR05,2024-06-23,24/06/2024,24/06/2024,25.2,1540.51,On-time
SH003899,W02,ST10,CR02,"June 24, 2024",25/06/2024,2024-06-25,31.5,1509.32,On-time
SH003900,W02,ST10,CR01,"June 26, 2024","June 27, 2024",2024-06-27,11.4,930.9,Damaged
SH003901,W02,ST10,CR01,2024-06-28,"June 29, 2024",29/06/2024,33.3,1767.92,On-time
SH003902,W02,ST10,CR04,2024-06-30,2024-07-01,"July 4, 2024",11.8,875.18,Delayed
SH003903,W02,ST10,CR03,02/07/2024,2024-07-03,04/07/2024,31.3,2056.04,Delayed
SH003904,W02,ST10,CR04,04/07/2024,05/07/2024,"July 6, 2024",19.6,1421.8,Delayed
SH003905,W02,ST10,CR01,2024-07-06,"July 7, 2024",2024-07-07,21.4,1244.65,On-time
SH003906,W02,ST10,CR03,2024-07-07,2024-07-08,2024-07-08,12.0,856.69,On-time
SH003907,W02,ST10,CR02,"July 9, 2024",10/07/2024,10/07/2024,19.3,1365.81,On-time
SH003908,W02,ST10,CR02,2024-07-10,"July 11, 2024",2024-07-11,19.1,,On-time
SH003909,W02,ST10,CR03,2024-07-11,"July 12, 2024","July 12, 2024",28.0,1796.91,On-time
SH003910,W02,ST10,CR01,12/07/2024,2024-07-13,"July 13, 2024",31.6,1752.46,On-time
SH003911,W02,ST10,CR02,"July 13, 2024",2024-07-14,"July 14, 2024",26.7,1445.25,On-time
SH003912,W01,ST10,CR01,2024-07-14,16/07/2024,"July 16, 2024",221.4,11919.22,On-time
SH003913,W02,ST10,CR03,"July 16, 2024",17/07/2024,17/07/2024,10.2,1254.23,On-time
SH003914,W02,ST10,CR03,17/07/2024,2024-07-18,18/07/2024,7.1,,On-time
SH003915,W02,ST10,CR01,19/07/2024,20/07/2024,"July 23, 2024",19.2,1151.3,Delayed
SH003916,W02,ST10,CR05,2024-07-21,22/07/2024,"July 22, 2024",19.0,1349.92,On-time
SH003917,W02,ST10,CR03,22/07/2024,"July 23, 2024","July 23, 2024",15.3,1046.04,On-time
SH003918,W02,ST10,CR03,2024-07-23,2024-07-24,2024-07-26,34.8,1579.92,Damaged
SH003919,W02,ST10,CR03,24/07/2024,"July 25, 2024",25/07/2024,34.7,1666.89,On-time
SH003920,W02,ST10,CR01,25/07/2024,"July 26, 2024",26/07/2024,34.0,1749.65,On-time
SH003921,W02,ST10,CR02,"July 27, 2024",2024-07-28,"July 28, 2024",6.7,889.5,On-time
SH003922,W02,ST10,CR05,"July 29, 2024",2024-07-30,30/07/2024,22.2,1299.11,On-time
SH003923,W02,ST10,CR01,2024-07-30,31/07/2024,01/08/2024,26.9,1944.47,Delayed
SH003924,W02,ST10,CR01,2024-08-01,"August 2, 2024",02/08/2024,29.0,1810.74,On-time
SH003925,W02,ST10,CR03,03/08/2024,2024-08-04,"August 5, 2024",11.8,1297.32,Delayed
SH003926,W02,ST10,CR05,2024-08-04,2024-08-05,2024-08-05,19.5,1071.67,On-time
SH003927,W02,ST10,CR03,2024-08-05,2024-08-06,06/08/2024,34.4,1955.64,On-time
SH003928,W02,ST10,CR05,2024-08-07,2024-08-08,08/08/2024,19.5,1263.2,On-time
SH003929,W02,ST10,CR02,2024-08-09,"August 10, 2024",2024-08-14,30.1,1905.08,Delayed
SH003930,W02,ST99,CR01,2024-08-10,2024-08-11,2024-08-11,20.9,1540.27,On-time
SH003931,W02,ST10,CR01,11/08/2024,12/08/2024,"August 12, 2024",34.0,1848.75,On-time
SH003932,W02,ST10,CR03,"August 12, 2024","August 13, 2024",2024-08-13,33.5,1538.3,On-time
SH003933,W02,ST10,CR03,"August 14, 2024",15/08/2024,15/08/2024,27.1,1783.21,On-time
SH003934,W02,ST10,CR01,2024-08-15,"August 16, 2024",16/08/2024,21.0,1301.84,On-time
SH003935,W02,ST10,CR05,17/08/2024,2024-08-18,18/08/2024,20.4,1564.45,Lost
SH003936,W02,ST10,CR02,19/08/2024,"August 20, 2024","August 24, 2024",32.3,1629.45,Delayed
SH003937,W03,ST10,CR03,"August 20, 2024","August 23, 2024",23/08/2024,417.6,,On-time
SH003938,W02,ST10,CR02,21/08/2024,2024-08-22,"August 22, 2024",10.3,968.61,On-time
SH003939,W02,ST10,CR01,"August 23, 2024",24/08/2024,"August 24, 2024",19.6,1197.63,On-time
SH003940,W02,ST10,CR01,2024-08-25,2024-08-26,26/08/2024,26.4,1411.18,On-time
SH003941,W02,ST10,CR02,2024-08-26,"August 27, 2024",27/08/2024,25.8,1648.16,On-time
SH003942,W02,ST99,CR02,2024-08-28,"August 29, 2024",2024-08-29,12.3,933.51,On-time
SH003943,W02,ST10,CR03,30/08/2024,"August 31, 2024",2024-08-31,21.3,1480.68,On-time
SH003944,W02,ST10,CR04,"August 31, 2024","September 1, 2024","September 1, 2024",16.6,1280.7,On-time
SH003945,W02,ST10,CR01,02/09/2024,03/09/2024,04/09/2024,23.5,1130.86,Delayed
SH003946,W01,ST10,CR01,2024-09-04,2024-09-06,"September 6, 2024",221.4,9155.92,On-time
SH003947,W02,ST10,CR04,2024-09-05,"September 6, 2024","September 10, 2024",32.1,,Delayed
SH003948,W02,ST10,CR01,06/09/2024,"September 7, 2024","September 10, 2024",34.6,2508.77,Delayed
SH003949,W02,ST10,CR05,"September 8, 2024","September 9, 2024","September 9, 2024",27.7,1761.03,On-time
SH003950,W02,ST10,CR03,2024-09-09,10/09/2024,"September 10, 2024",14.6,1146.77,On-time
SH003951,W02,ST10,CR05,"September 10, 2024","September 11, 2024",2024-09-11,9.8,817.24,On-time
SH003952,W02,ST10,CR02,2024-09-11,2024-09-12,"September 16, 2024",9.0,799.28,Delayed
SH003953,W02,ST10,CR01,2024-09-13,"September 14, 2024",2024-09-16,11.5,1096.2,Delayed
SH003954,W01,ST10,CR05,"September 14, 2024",2024-09-16,2024-09-17,221.4,8683.68,Delayed
SH003955,W02,ST10,CR05,15/09/2024,16/09/2024,"September 16, 2024",10.1,892.67,On-time
SH003956,W02,ST10,CR04,2024-09-16,"September 17, 2024",2024-09-18,23.4,1169.18,Delayed
SH003957,W03,ST10,CR03,18/09/2024,21/09/2024,2024-09-21,417.6,21213.54,On-time
SH003958,W02,ST10,CR01,2024-09-20,"September 21, 2024","September 21, 2024",24.0,,On-time
SH003959,W02,ST10,CR02,"September 22, 2024","September 23, 2024",23/09/2024,23.6,1422.51,On-time
SH003960,W02,ST10,CR02,24/09/2024,2024-09-25,"September 25, 2024",14.9,1000.94,On-time
SH003961,W02,ST10,CR05,26/09/2024,27/09/2024,27/09/2024,26.5,1763.84,On-time
SH003962,W02,ST10,CR02,"September 28, 2024","September 29, 2024",2024-09-29,12.1,1072.11,On-time
SH003963,W02,ST10,CR03,2024-09-29,30/09/2024,30/09/2024,27.9,1800.61,On-time
SH003964,W02,ST10,CR04,2024-09-30,2024-10-01,"October 1, 2024",9.1,968.62,On-time
SH003965,W02,ST10,CR01,01/10/2024,2024-10-02,"October 2, 2024",13.1,1217.39,On-time
SH003966,W02,ST10,CR05,03/10/2024,2024-10-04,"October 4, 2024",12.8,1103.16,On-time
SH003967,W03,ST10,CR03,"October 4, 2024","October 7, 2024","October 7, 2024",417.6,20215.18,Damaged
SH003968,W02,ST10,CR03,2024-10-06,2024-10-07,"October 10, 2024",14.7,1063.92,Delayed
SH003969,W02,ST10,CR01,07/10/2024,"October 8, 2024",08/10/2024,14.8,950.29,On-time
SH003970,W02,ST10,CR01,2024-10-08,09/10/2024,"October 9, 2024",24.8,1594.7,On-time
SH003971,W02,ST10,CR01,2024-10-10,2024-10-11,"October 11, 2024",8.0,588.33,On-time
SH003972,W02,ST10,CR05,12/10/2024,13/10/2024,"October 13, 2024",15.2,859.5,On-time
SH003973,W02,ST10,CR05,"October 13, 2024","October 14, 2024","October 14, 2024",21.7,1836.84,On-time
SH003974,W02,ST10,CR04,14/10/2024,"October 15, 2024",15/10/2024,31.3,1595.91,On-time
SH003975,W02,ST10,CR01,2024-10-16,2024-10-17,17/10/2024,16.3,1191.64,On-time
SH003976,W02,ST10,CR04,"October 17, 2024","October 18, 2024",2024-10-18,34.6,2073.33,On-time
SH003977,W02,ST10,CR03,18/10/2024,19/10/2024,2024-10-19,14.8,1062.74,On-time
SH003978,W02,ST10,CR02,2024-10-20,21/10/2024,"October 24, 2024",11.5,1323.44,Delayed
SH003979,W02,ST10,CR04,2024-10-21,2024-10-22,23/10/2024,29.4,1816.92,Delayed
SH003980,W02,ST10,CR01,"October 22, 2024","October 23, 2024",2024-10-23,27.6,1714.91,On-time
SH003981,W02,ST10,CR01,23/10/2024,"October 24, 2024",2024-10-24,26.4,1565.18,On-time
SH003982,W02,ST10,CR02,25/10/2024,26/10/2024,2024-10-26,18.6,2004.46,On-time
SH003983,W02,ST10,CR01,"October 26, 2024",27/10/2024,27/10/2024,16.3,814.95,On-time
SH003984,W02,ST10,CR03,2024-10-27,28/10/2024,"October 29, 2024",22.6,1310.28,Delayed
SH003985,W02,ST10,CR03,"October 29, 2024",2024-10-30,2024-10-30,19.9,1840.32,On-time
SH003986,W02,ST10,CR03,"October 30, 2024","October 31, 2024","October 31, 2024",16.8,1321.95,On-time
SH003987,W02,ST10,CR02,"October 31, 2024","November 1, 2024","November 1, 2024",10.0,861.74,On-time
SH003988,W02,ST10,CR03,2024-11-02,2024-11-03,03/11/2024,34.2,1646.06,On-time
SH003989,W02,ST10,CR01,2024-11-04,05/11/2024,05/11/2024,13.8,861.5,On-time
SH003990,W02,ST10,CR04,2024-11-05,06/11/2024,06/11/2024,27.7,1673.39,On-time
SH003991,W02,ST10,CR04,2024-11-06,2024-11-07,"November 8, 2024",9.9,941.27,Delayed
SH003992,W02,ST10,CR01,2024-11-07,2024-11-08,2024-11-08,34.2,1878.71,On-time
SH003993,W01,ST10,CR01,"November 9, 2024","November 11, 2024","November 11, 2024",221.4,11393.76,On-time
SH003994,W02,ST10,CR05,"November 10, 2024",11/11/2024,2024-11-11,18.6,1100.52,On-time
SH003995,W02,ST10,CR02,"November 11, 2024",2024-11-12,"November 12, 2024",13.7,,On-time
SH003996,W02,ST10,CR01,2024-11-13,"November 14, 2024",2024-11-14,31.8,1913.15,On-time
SH003997,W02,ST10,CR02,2024-11-14,15/11/2024,15/11/2024,16.8,1597.14,On-time
SH003998,W02,ST10,CR05,16/11/2024,17/11/2024,2024-11-17,13.2,781.42,On-time
SH003999,W02,ST10,CR01,17/11/2024,18/11/2024,18/11/2024,12.7,969.81,On-time
SH004000,W02,ST10,CR05,"November 18, 2024",19/11/2024,19/11/2024,23.4,1181.97,On-time
SH004001,W02,ST10,CR04,"November 19, 2024","November 20, 2024",24/11/2024,20.1,1037.65,Delayed
SH004002,W02,ST10,CR05,2024-11-20,21/11/2024,21/11/2024,32.1,1936.95,On-time
SH004003,W03,ST10,CR04,2024-11-21,2024-11-24,"November 24, 2024",417.6,17993.71,On-time
SH004004,W02,ST10,CR03,23/11/2024,2024-11-24,2024-11-24,20.5,1754.05,On-time
SH004005,W03,ST10,CR03,25/11/2024,"November 28, 2024","November 28, 2024",417.6,20079.28,On-time
SH004006,W03,ST10,CR04,"November 26, 2024",2024-11-29,2024-12-01,417.6,14580.31,Delayed
SH004007,W03,ST10,CR04,"November 28, 2024","December 1, 2024",2024-12-01,417.6,19960.38,On-time
SH004008,W02,ST10,CR05,29/11/2024,30/11/2024,2024-11-30,19.3,1209.83,On-time
SH004009,W02,ST10,CR02,"November 30, 2024",2024-12-01,"December 1, 2024",8.0,798.2,On-time
SH004010,W02,ST10,CR03,2024-12-02,"December 3, 2024","December 3, 2024",10.0,954.82,On-time
SH004011,W02,ST10,CR03,03/12/2024,"December 4, 2024",04/12/2024,5.7,972.6,Lost
SH004012,W02,ST10,CR01,2024-12-04,2024-12-05,05/12/2024,9.2,1048.62,On-time
SH004013,W02,ST10,CR02,2024-12-05,"December 6, 2024",06/12/2024,10.0,1038.21,On-time
SH004014,W02,ST10,CR05,07/12/2024,"December 8, 2024",2024-12-08,31.4,2382.48,On-time
SH004015,W02,ST10,CR01,"December 8, 2024","December 9, 2024",09/12/2024,13.7,1155.47,On-time
SH004016,W02,ST10,CR02,2024-12-10,11/12/2024,11/12/2024,8.6,666.91,On-time
SH004017,W01,ST10,CR01,"December 11, 2024",13/12/2024,2024-12-13,221.4,11194.94,On-time
SH004018,W02,ST10,CR05,12/12/2024,2024-12-13,"December 16, 2024",19.6,1319.02,Delayed
SH004019,W03,ST10,CR04,2024-12-13,2024-12-16,"December 17, 2024",417.6,17850.72,Delayed
SH004020,W02,ST10,CR05,2024-12-14,2024-12-15,"December 19, 2024",14.0,1351.0,Delayed
SH004021,W02,ST10,CR02,15/12/2024,"December 16, 2024","December 16, 2024",19.6,1188.38,On-time
SH004022,W02,ST10,CR03,17/12/2024,"December 18, 2024",18/12/2024,20.3,1252.18,On-time
SH004023,W02,ST10,CR03,19/12/2024,20/12/2024,"December 20, 2024",11.7,792.33,On-time
SH004024,W02,ST10,CR05,2024-12-20,"December 21, 2024",24/12/2024,19.6,1963.27,Delayed
SH004025,W02,ST10,CR05,"December 22, 2024",23/12/2024,2024-12-23,33.2,1779.17,On-time
SH004026,W02,ST10,CR04,"December 23, 2024","December 24, 2024",2024-12-24,9.4,801.69,On-time
SH004027,W02,ST10,CR01,2024-12-25,26/12/2024,2024-12-26,18.3,1908.97,On-time
SH004028,W02,ST10,CR02,"December 26, 2024","December 27, 2024",27/12/2024,34.3,2208.58,Lost
SH004029,W02,ST10,CR02,28/12/2024,"December 29, 2024",2025-01-01,18.0,2129.19,Delayed
SH004030,W02,ST10,CR02,2024-12-30,31/12/2024,2024-12-31,23.9,1439.82,On-time
SH004031,W02,ST10,CR02,"December 31, 2024",2025-01-01,01/01/2025,21.9,1305.04,On-time
SH004032,W02,ST10,CR05,01/01/2025,02/01/2025,"January 3, 2025",12.1,819.04,Delayed
SH004033,W02,ST10,CR02,"January 2, 2025",03/01/2025,2025-01-03,9.1,888.74,On-time
SH004034,W02,ST10,CR01,"January 3, 2025","January 4, 2025","January 4, 2025",18.2,1329.59,On-time
SH004035,W01,ST10,CR03,"January 4, 2025",06/01/2025,"January 6, 2025",137.6,10998.02,On-time
SH004036,W02,ST10,CR01,"January 5, 2025","January 6, 2025",2025-01-06,26.8,1246.58,On-time
SH004037,W02,ST10,CR03,2025-01-06,"January 7, 2025",2025-01-07,6.7,727.87,On-time
SH004038,W02,ST10,CR05,2025-01-07,2025-01-08,08/01/2025,34.6,,On-time
SH004039,W02,ST10,CR05,09/01/2025,"January 10, 2025",2025-01-10,19.4,,On-time
SH004040,W02,ST10,CR03,"January 11, 2025",2025-01-12,12/01/2025,22.8,1437.06,On-time
SH004041,W02,ST10,CR03,"January 12, 2025",13/01/2025,13/01/2025,14.1,1166.29,On-time
SH004042,W02,ST10,CR04,14/01/2025,2025-01-15,2025-01-16,13.9,1032.15,Delayed
SH004043,W02,ST10,CR02,15/01/2025,2025-01-16,"January 16, 2025",31.8,1985.11,On-time
SH004044,W02,ST10,CR02,2025-01-16,"January 17, 2025","January 17, 2025",12.1,843.72,On-time
SH004045,W02,ST10,CR03,17/01/2025,"January 18, 2025",18/01/2025,24.9,1696.36,On-time
SH004046,W02,ST10,CR01,"January 19, 2025",20/01/2025,"January 20, 2025",26.2,1515.39,On-time
SH004047,W02,ST10,CR05,"January 21, 2025",2025-01-22,"January 22, 2025",18.4,1205.18,On-time
SH004048,W02,ST10,CR05,"January 23, 2025",24/01/2025,2025-01-24,23.9,1277.42,On-time
SH004049,W02,ST10,CR02,2025-01-24,"January 25, 2025",2025-01-25,25.3,1770.43,On-time
SH004050,W02,ST10,CR02,"January 26, 2025",27/01/2025,"January 27, 2025",19.9,1034.21,On-time
SH004051,W02,ST10,CR01,27/01/2025,2025-01-28,2025-01-28,8.2,734.07,On-time
SH004052,W02,ST10,CR01,2025-01-28,29/01/2025,"January 30, 2025",21.6,1486.81,Delayed
SH004053,W02,ST10,CR05,"January 30, 2025",31/01/2025,31/01/2025,33.3,,On-time
SH004054,W02,ST10,CR03,31/01/2025,"February 1, 2025",2025-02-01,20.2,2230.35,On-time
SH004055,W02,ST10,CR01,2025-02-01,2025-02-02,2025-02-02,33.8,2212.2,On-time
SH004056,W02,ST10,CR05,"February 2, 2025",2025-02-03,2025-02-03,32.2,1963.65,On-time
SH004057,W01,ST10,CR01,2025-02-03,05/02/2025,2025-02-07,221.4,10505.74,Delayed
SH004058,W02,ST10,CR02,2025-02-04,05/02/2025,2025-02-05,32.8,1452.3,On-time
SH004059,W02,ST10,CR02,2025-02-06,2025-02-07,"February 8, 2025",20.9,1322.82,Lost
SH004060,W02,ST10,CR02,2025-02-07,2025-02-08,2025-02-08,34.2,1866.96,On-time
SH004061,W02,ST10,CR04,2025-02-08,09/02/2025,09/02/2025,11.7,1369.21,On-time
SH004062,W01,ST10,CR01,"February 9, 2025",2025-02-11,11/02/2025,221.4,11101.03,On-time
SH004063,W02,ST10,CR04,10/02/2025,"February 11, 2025",2025-02-11,30.1,2128.15,On-time
SH004064,W02,ST10,CR03,11/02/2025,12/02/2025,"February 12, 2025",22.2,1466.51,On-time
SH004065,W03,ST10,CR01,2025-02-12,15/02/2025,"February 15, 2025",417.6,16547.95,On-time
SH004066,W02,ST10,CR05,2025-02-14,15/02/2025,"February 15, 2025",13.9,800.0,On-time
SH004067,W02,ST10,CR02,16/02/2025,17/02/2025,21/02/2025,9.4,867.71,Lost
SH004068,W02,ST10,CR02,"February 17, 2025",2025-02-18,2025-02-18,21.8,,On-time
SH004069,W02,ST10,CR04,18/02/2025,"February 19, 2025",2025-02-19,28.2,1416.6,On-time
SH004070,W03,ST10,CR01,"February 19, 2025","February 22, 2025",22/02/2025,417.6,20915.21,Damaged
SH004071,W02,ST10,CR04,21/02/2025,22/02/2025,22/02/2025,22.2,1534.94,On-time
SH004072,W02,ST10,CR02,2025-02-22,2025-02-23,"February 23, 2025",30.1,,On-time
SH004073,W02,ST10,CR03,24/02/2025,2025-02-25,"February 25, 2025",21.6,1551.35,On-time
SH004074,W03,ST10,CR03,25/02/2025,"February 28, 2025",28/02/2025,417.6,21377.84,On-time
SH004075,W02,ST10,CR03,"February 26, 2025",2025-02-27,"February 27, 2025",12.9,1267.64,On-time
SH004076,W02,ST10,CR04,"February 27, 2025",2025-02-28,2025-02-28,8.7,1119.16,On-time
SH004077,W02,ST10,CR05,"February 28, 2025",01/03/2025,01/03/2025,10.3,805.05,Lost
SH004078,W02,ST10,CR02,"March 2, 2025",03/03/2025,03/03/2025,30.0,1480.83,On-time
SH004079,W02,ST10,CR02,2025-03-04,05/03/2025,2025-03-07,19.6,1470.92,Delayed
SH004080,W02,ST10,CR03,"March 5, 2025",2025-03-06,"March 6, 2025",14.5,1183.92,On-time
SH004081,W02,ST10,CR02,"March 6, 2025",2025-03-07,07/03/2025,23.4,1123.65,On-time
SH004082,W02,ST10,CR05,08/03/2025,09/03/2025,09/03/2025,18.9,1415.51,On-time
SH004083,W02,ST10,CR03,"March 9, 2025",10/03/2025,"March 10, 2025",16.5,1123.97,On-time
SH004084,W02,ST10,CR02,"March 10, 2025",2025-03-11,2025-03-11,8.9,929.7,On-time
SH004085,W02,ST10,CR02,"March 11, 2025","March 12, 2025",2025-03-12,17.2,1127.42,On-time
SH004086,W02,ST10,CR03,"March 12, 2025",2025-03-13,2025-03-13,31.0,1968.23,On-time
SH004087,W02,ST10,CR03,2025-03-14,15/03/2025,15/03/2025,33.6,1979.18,On-time
SH004088,W01,ST10,CR02,"March 16, 2025",18/03/2025,2025-03-18,221.4,8306.08,On-time
SH004089,W02,ST10,CR03,2025-03-18,19/03/2025,19/03/2025,31.5,1580.02,On-time
SH004090,W02,ST10,CR05,2025-03-20,"March 21, 2025",21/03/2025,14.7,1197.88,On-time
SH004091,W02,ST10,CR01,22/03/2025,2025-03-23,2025-03-23,20.4,,On-time
SH004092,W02,ST10,CR03,"March 23, 2025",2025-03-24,2025-03-24,19.1,1261.99,On-time
SH004093,W02,ST10,CR03,24/03/2025,"March 25, 2025",25/03/2025,28.1,1904.48,On-time
SH004094,W02,ST10,CR01,25/03/2025,"March 26, 2025","March 26, 2025",26.0,1231.66,On-time
SH004095,W02,ST10,CR05,26/03/2025,2025-03-27,27/03/2025,29.1,1537.58,On-time
SH004096,W02,ST10,CR05,27/03/2025,"March 28, 2025","April 1, 2025",27.6,1550.15,Delayed
SH004097,W02,ST10,CR03,"March 28, 2025",29/03/2025,29/03/2025,27.0,1571.72,On-time
SH004098,W02,ST10,CR01,"March 30, 2025",2025-03-31,04/04/2025,24.4,1223.73,Delayed
SH004099,W02,ST10,CR01,"March 31, 2025","April 1, 2025",2025-04-01,24.5,1664.91,On-time
SH004100,W02,ST10,CR02,"April 1, 2025","April 2, 2025","April 2, 2025",17.2,1325.67,On-time
SH004101,W02,ST10,CR05,"April 2, 2025",03/04/2025,2025-04-03,32.0,1598.4,On-time
SH004102,W02,ST10,CR01,"April 4, 2025","April 5, 2025",05/04/2025,12.3,1006.6,On-time
SH004103,W02,ST10,CR04,05/04/2025,06/04/2025,2025-04-06,21.7,1312.65,On-time
SH004104,W02,ST10,CR03,07/04/2025,"April 8, 2025",08/04/2025,25.3,,On-time
SH004105,W02,ST10,CR05,2025-04-09,10/04/2025,2025-04-10,11.5,1127.63,On-time
SH004106,W02,ST10,CR01,"April 11, 2025","April 12, 2025",2025-04-12,10.1,928.27,On-time
SH004107,W02,ST10,CR01,"April 12, 2025",2025-04-13,16/04/2025,18.7,2009.81,Delayed
SH004108,W01,ST10,CR05,2025-04-14,16/04/2025,"April 16, 2025",221.4,11328.34,On-time
SH004109,W02,ST10,CR04,"April 16, 2025",2025-04-17,17/04/2025,13.1,1150.15,On-time
SH004110,W02,ST10,CR02,"April 17, 2025","April 18, 2025",22/04/2025,31.8,2070.94,Delayed
SH004111,W02,ST10,CR03,19/04/2025,"April 20, 2025",2025-04-20,24.1,1845.49,On-time
SH004112,W02,ST10,CR02,"April 20, 2025",21/04/2025,2025-04-21,16.5,1032.36,On-time
SH004113,W02,ST10,CR03,22/04/2025,2025-04-23,23/04/2025,8.8,928.34,On-time
SH004114,W02,ST10,CR01,2025-04-24,"April 25, 2025","April 27, 2025",34.8,2106.88,Damaged
SH004115,W02,ST10,CR01,2025-04-25,2025-04-26,26/04/2025,32.6,1895.77,On-time
SH004116,W02,ST10,CR04,"April 27, 2025","April 28, 2025",2025-04-30,11.8,835.2,Delayed
SH004117,W02,ST10,CR03,"April 28, 2025","April 29, 2025",2025-04-29,23.7,1229.44,On-time
SH004118,W02,ST10,CR01,"April 29, 2025",30/04/2025,2025-04-30,34.8,2012.37,On-time
SH004119,W02,ST10,CR01,"May 1, 2025","May 2, 2025","May 2, 2025",26.4,1400.7,On-time
SH004120,W02,ST10,CR03,"May 2, 2025",03/05/2025,03/05/2025,24.1,1226.41,On-time
SH004121,W02,ST10,CR01,"May 3, 2025","May 4, 2025","May 4, 2025",22.7,1450.79,On-time
SH004122,W01,ST10,CR02,"May 4, 2025",06/05/2025,2025-05-06,221.4,9529.52,On-time
SH004123,W02,ST10,CR05,05/05/2025,"May 6, 2025",2025-05-06,32.9,2046.38,On-time
SH004124,W02,ST10,CR05,2025-05-06,"May 7, 2025","May 7, 2025",32.2,1847.72,On-time
SH004125,W02,ST10,CR04,2025-05-08,2025-05-09,"May 9, 2025",11.7,1118.92,On-time
SH004126,W02,ST10,CR05,"May 9, 2025",2025-05-10,10/05/2025,32.8,1662.86,On-time
SH004127,W02,ST10,CR03,"May 11, 2025","May 12, 2025","May 12, 2025",11.9,1596.17,On-time
SH004128,W02,ST10,CR05,"May 12, 2025",2025-05-13,"May 13, 2025",15.2,890.08,On-time
SH004129,W02,ST10,CR02,"May 13, 2025",2025-05-14,"May 14, 2025",8.7,,On-time
SH004130,W02,ST10,CR05,15/05/2025,2025-05-16,"May 16, 2025",26.2,1957.23,On-time
SH004131,W02,ST10,CR03,16/05/2025,17/05/2025,2025-05-17,17.2,1177.24,On-time
SH004132,W02,ST10,CR03,2025-05-17,18/05/2025,2025-05-18,14.2,1605.73,On-time
SH004133,W02,ST10,CR02,"May 18, 2025",19/05/2025,2025-05-20,22.5,1829.94,Delayed
SH004134,W02,ST10,CR02,2025-05-19,"May 20, 2025","May 23, 2025",35.0,1969.21,Delayed
SH004135,W02,ST10,CR01,"May 21, 2025",22/05/2025,22/05/2025,16.2,1470.72,On-time
SH004136,W02,ST10,CR04,23/05/2025,24/05/2025,2025-05-27,33.8,1954.16,Delayed
SH004137,W02,ST10,CR04,2025-05-24,"May 25, 2025",25/05/2025,32.7,2346.37,On-time
SH004138,W02,ST10,CR01,2025-05-25,"May 26, 2025",2025-05-26,14.0,1391.49,On-time
SH004139,W02,ST10,CR02,"May 26, 2025",2025-05-27,2025-05-27,20.6,1702.84,On-time
SH004140,W03,ST10,CR02,2025-05-28,2025-05-31,04/06/2025,417.6,18339.42,Delayed
SH004141,W02,ST10,CR04,"May 30, 2025",31/05/2025,31/05/2025,33.9,1632.61,On-time
SH004142,W02,ST10,CR01,31/05/2025,"June 1, 2025","June 1, 2025",13.9,1536.56,On-time
SH004143,W02,ST10,CR01,"June 2, 2025",03/06/2025,"June 3, 2025",31.6,1800.92,On-time
SH004144,W02,ST10,CR02,2025-06-03,"June 4, 2025",2025-06-04,20.0,1466.46,On-time
SH004145,W02,ST10,CR03,"June 5, 2025",2025-06-06,06/06/2025,30.1,1603.55,On-time
SH004146,W02,ST10,CR01,06/06/2025,"June 7, 2025",2025-06-09,20.9,,Delayed
SH004147,W02,ST10,CR01,07/06/2025,08/06/2025,12/06/2025,30.5,1500.11,Delayed
SH004148,W03,ST10,CR02,"June 8, 2025","June 11, 2025",2025-06-15,417.6,25169.36,Delayed
SH004149,W03,ST10,CR05,09/06/2025,2025-06-12,15/06/2025,259.5,18119.73,Delayed
SH004150,W03,ST10,CR01,"June 10, 2025","June 13, 2025","June 15, 2025",417.6,15587.25,Delayed
SH004151,W02,ST10,CR04,"June 12, 2025","June 13, 2025","June 14, 2025",33.7,1697.72,Delayed
SH004152,W02,ST10,CR03,14/06/2025,2025-06-15,19/06/2025,29.3,2265.12,Delayed
SH004153,W02,ST10,CR03,15/06/2025,2025-06-16,2025-06-18,18.2,875.12,Delayed
SH004154,W02,ST10,CR03,"June 17, 2025","June 18, 2025","June 18, 2025",15.5,1037.25,On-time
SH004155,W02,ST10,CR05,2025-06-18,19/06/2025,19/06/2025,18.8,1241.47,On-time
SH004156,W02,ST10,CR02,"June 20, 2025","June 21, 2025",21/06/2025,20.4,1601.96,On-time
SH004157,W02,ST10,CR03,21/06/2025,"June 22, 2025","June 22, 2025",13.7,1385.94,On-time
SH004158,W02,ST10,CR04,2025-06-23,"June 24, 2025","June 24, 2025",11.4,845.71,On-time
SH004159,W02,ST10,CR04,"June 25, 2025","June 26, 2025",26/06/2025,24.3,1523.73,On-time
SH004160,W01,ST10,CR01,"June 27, 2025",2025-06-29,2025-06-29,221.4,14102.39,On-time
SH004161,W02,ST10,CR01,29/06/2025,2025-06-30,2025-07-04,15.9,1184.72,Lost
SH004162,W02,ST10,CR05,"June 30, 2025",2025-07-01,"July 3, 2025",32.1,2057.36,Delayed
SH004163,W02,ST10,CR03,2025-07-01,"July 2, 2025","July 5, 2025",5.8,940.9,Delayed
SH004164,W02,ST10,CR03,03/07/2025,04/07/2025,04/07/2025,25.5,1464.42,On-time
SH004165,W02,ST10,CR02,2025-07-04,"July 5, 2025",2025-07-05,10.7,1167.65,On-time
SH004166,W02,ST10,CR01,"July 5, 2025",2025-07-06,2025-07-06,25.6,1269.88,On-time
SH004167,W02,ST10,CR04,2025-07-07,"July 8, 2025","July 9, 2025",8.2,895.78,Delayed
SH004168,W02,ST10,CR04,"July 8, 2025","July 9, 2025",09/07/2025,28.5,1497.74,On-time
SH004169,W02,ST10,CR04,2025-07-09,2025-07-10,"July 12, 2025",20.8,1285.63,Delayed
SH004170,W02,ST10,CR05,2025-07-11,"July 12, 2025",12/07/2025,20.0,1657.82,Lost
SH004171,W03,ST10,CR03,"July 12, 2025","July 15, 2025",18/07/2025,417.6,16650.58,Delayed
SH004172,W02,ST10,CR01,2025-07-13,14/07/2025,"July 14, 2025",15.1,1168.1,On-time
SH004173,W02,ST10,CR02,2025-07-14,"July 15, 2025",2025-07-15,11.2,924.96,On-time
SH004174,W02,ST10,CR01,"July 15, 2025","July 16, 2025","July 16, 2025",20.6,2272.39,On-time
SH004175,W03,ST10,CR05,"July 16, 2025",2025-07-19,19/07/2025,417.6,25516.69,On-time
SH004176,W02,ST10,CR02,2025-07-18,19/07/2025,19/07/2025,32.4,2091.43,On-time
SH004177,W02,ST10,CR02,19/07/2025,2025-07-20,"July 20, 2025",16.1,1001.07,On-time
SH004178,W02,ST10,CR02,"July 20, 2025",2025-07-21,22/07/2025,18.9,1442.12,Delayed
SH004179,W02,ST10,CR03,2025-07-22,"July 23, 2025","July 23, 2025",13.0,1094.56,On-time
SH004180,W02,ST10,CR01,"July 23, 2025",2025-07-24,2025-07-24,9.4,702.69,On-time
SH004181,W02,ST10,CR02,"July 25, 2025","July 26, 2025",26/07/2025,27.5,1782.41,On-time
SH004182,W02,ST10,CR05,26/07/2025,"July 27, 2025","July 27, 2025",33.7,1626.7,On-time
SH004183,W02,ST10,CR02,28/07/2025,"July 29, 2025","July 30, 2025",34.3,1866.08,Delayed
SH004184,W02,ST10,CR04,29/07/2025,2025-07-30,"July 31, 2025",34.7,1957.36,Delayed
SH004185,W02,ST10,CR01,"July 30, 2025","July 31, 2025",2025-07-31,13.4,1025.84,On-time
SH004186,W03,ST10,CR03,"August 1, 2025",04/08/2025,"August 4, 2025",417.6,16603.89,On-time
SH004187,W02,ST10,CR01,02/08/2025,03/08/2025,2025-08-03,25.1,,On-time
SH004188,W02,ST10,CR04,2025-08-03,2025-08-04,"August 7, 2025",20.2,1866.24,Delayed
SH004189,W02,ST10,CR05,05/08/2025,"August 6, 2025","August 9, 2025",21.1,2526.38,Delayed
SH004190,W02,ST10,CR01,2025-08-07,08/08/2025,"August 8, 2025",19.2,1593.08,On-time
SH004191,W02,ST10,CR04,08/08/2025,09/08/2025,"August 12, 2025",19.6,1911.08,Delayed
SH004192,W01,ST10,CR03,2025-08-09,11/08/2025,2025-08-14,221.4,12108.62,Delayed
SH004193,W02,ST10,CR01,2025-08-10,2025-08-11,"August 11, 2025",26.5,1431.92,On-time
SH004194,W02,ST10,CR04,"August 11, 2025",12/08/2025,2025-08-12,33.9,1510.59,On-time
SH004195,W02,ST10,CR01,12/08/2025,"August 13, 2025",13/08/2025,30.6,1671.77,On-time
SH004196,W01,ST10,CR03,"August 14, 2025",16/08/2025,2025-08-16,221.4,12176.78,Lost
SH004197,W03,ST10,CR02,2025-08-16,"August 19, 2025",19/08/2025,417.6,16809.02,On-time
SH004198,W02,ST10,CR05,2025-08-17,2025-08-18,18/08/2025,28.9,1520.97,On-time
SH004199,W02,ST10,CR01,"August 18, 2025",2025-08-19,19/08/2025,28.5,1734.95,On-time
SH004200,W02,ST10,CR01,20/08/2025,"August 21, 2025",22/08/2025,28.2,1580.85,Delayed
SH004201,W02,ST10,CR01,2025-08-22,"August 23, 2025",23/08/2025,32.3,2257.0,On-time
SH004202,W02,ST10,CR04,2025-08-23,"August 24, 2025","August 27, 2025",16.8,1166.49,Delayed
SH004203,W02,ST10,CR01,"August 25, 2025","August 26, 2025",26/08/2025,21.1,1257.86,On-time
SH004204,W02,ST10,CR01,27/08/2025,"August 28, 2025",2025-08-28,27.2,1883.79,On-time
SH004205,W02,ST10,CR01,"August 28, 2025","August 29, 2025",2025-09-02,11.7,854.63,Delayed
SH004206,W02,ST10,CR01,2025-08-30,"August 31, 2025",01/09/2025,24.6,1838.7,Delayed
SH004207,W02,ST10,CR05,2025-09-01,"September 2, 2025","September 2, 2025",11.7,888.76,On-time
SH004208,W02,ST10,CR03,2025-09-02,2025-09-03,"September 3, 2025",16.7,1273.01,On-time
SH004209,W02,ST10,CR05,03/09/2025,2025-09-04,"September 6, 2025",21.1,1540.61,Delayed
SH004210,W02,ST10,CR04,2025-09-04,2025-09-05,2025-09-09,25.4,1199.45,Delayed
SH004211,W02,ST10,CR05,"September 5, 2025",2025-09-06,06/09/2025,30.9,,On-time
SH004212,W02,ST10,CR04,"September 7, 2025","September 8, 2025","September 11, 2025",26.0,1535.66,Delayed
SH004213,W01,ST10,CR05,08/09/2025,2025-09-10,11/09/2025,221.4,11826.97,Delayed
SH004214,W02,ST10,CR02,10/09/2025,2025-09-11,11/09/2025,26.4,1615.37,On-time
SH004215,W02,ST10,CR03,"September 11, 2025",2025-09-12,2025-09-13,31.0,1752.94,Delayed
SH004216,W02,ST10,CR01,"September 13, 2025",14/09/2025,2025-09-14,20.4,1669.19,On-time
SH004217,W02,ST10,CR01,2025-09-15,"September 16, 2025",16/09/2025,29.1,1668.45,On-time
SH004218,W02,ST10,CR05,16/09/2025,"September 17, 2025","September 17, 2025",20.6,1067.09,On-time
SH004219,W02,ST10,CR04,17/09/2025,18/09/2025,18/09/2025,34.4,1858.14,On-time
SH004220,W02,ST10,CR02,"September 19, 2025",20/09/2025,2025-09-24,5.3,909.05,Delayed
SH004221,W02,ST10,CR03,"September 20, 2025",2025-09-21,21/09/2025,15.4,915.21,On-time
SH004222,W02,ST10,CR04,"September 21, 2025","September 22, 2025","September 26, 2025",16.8,1577.42,Delayed
SH004223,W02,ST10,CR03,"September 23, 2025",2025-09-24,2025-09-24,10.2,1085.95,On-time
SH004224,W02,ST10,CR02,24/09/2025,2025-09-25,"September 25, 2025",9.4,842.8,On-time
SH004225,W02,ST10,CR02,"September 25, 2025",2025-09-26,26/09/2025,22.3,,On-time
SH004226,W02,ST10,CR01,26/09/2025,"September 27, 2025","September 27, 2025",20.8,1638.62,On-time
SH004227,W02,ST10,CR03,28/09/2025,"September 29, 2025","September 29, 2025",24.5,1808.78,Lost
SH004228,W02,ST10,CR05,"September 30, 2025",2025-10-01,"October 1, 2025",5.3,796.46,On-time
SH004229,W02,ST10,CR01,01/10/2025,"October 2, 2025",2025-10-02,16.3,1180.43,On-time
SH004230,W02,ST10,CR02,03/10/2025,2025-10-04,04/10/2025,10.4,759.64,On-time
SH004231,W02,ST10,CR03,04/10/2025,2025-10-05,"October 5, 2025",31.5,1700.07,On-time
SH004232,W02,ST10,CR01,06/10/2025,2025-10-07,"October 7, 2025",27.9,1921.36,On-time
SH004233,W02,ST10,CR02,2025-10-08,09/10/2025,"October 9, 2025",19.8,1357.69,On-time
SH004234,W02,ST10,CR03,"October 9, 2025","October 10, 2025","October 10, 2025",32.2,1924.69,On-time
SH004235,W02,ST10,CR04,"October 11, 2025",12/10/2025,12/10/2025,33.8,1882.61,On-time
SH004236,W02,ST10,CR01,13/10/2025,14/10/2025,"October 14, 2025",8.2,732.22,On-time
SH004237,W02,ST10,CR01,14/10/2025,15/10/2025,15/10/2025,19.6,1653.56,On-time
SH004238,W02,ST10,CR05,2025-10-15,"October 16, 2025",16/10/2025,9.9,918.93,Damaged
SH004239,W02,ST10,CR03,"October 16, 2025",17/10/2025,"October 17, 2025",18.7,1114.05,On-time
SH004240,W02,ST10,CR02,2025-10-18,19/10/2025,19/10/2025,21.0,1777.44,On-time
SH004241,W02,ST10,CR03,2025-10-20,"October 21, 2025",21/10/2025,10.1,1065.82,On-time
SH004242,W02,ST10,CR03,22/10/2025,"October 23, 2025",2025-10-23,21.5,2218.41,On-time
SH004243,W02,ST10,CR03,2025-10-23,"October 24, 2025",24/10/2025,16.3,1798.05,On-time
SH004244,W02,ST10,CR02,"October 24, 2025",25/10/2025,2025-10-25,21.2,1311.84,On-time
SH004245,W02,ST10,CR04,"October 25, 2025","October 26, 2025",2025-10-26,34.0,2221.36,On-time
SH004246,W02,ST10,CR04,26/10/2025,27/10/2025,"October 30, 2025",15.8,1262.57,Delayed
SH004247,W02,ST10,CR03,2025-10-27,"October 28, 2025","October 28, 2025",17.7,1060.12,On-time
SH004248,W02,ST10,CR03,"October 29, 2025","October 30, 2025",30/10/2025,16.4,,On-time
SH004249,W02,ST10,CR02,"October 30, 2025",2025-10-31,04/11/2025,11.1,670.53,Delayed
SH004250,W02,ST10,CR01,31/10/2025,"November 1, 2025",2025-11-01,14.7,1258.78,On-time
SH004251,W02,ST10,CR01,01/11/2025,2025-11-02,2025-11-02,13.5,1119.4,On-time
SH004252,W02,ST10,CR05,02/11/2025,2025-11-03,"November 3, 2025",23.2,1313.67,On-time
SH004253,W02,ST10,CR03,2025-11-04,"November 5, 2025","November 5, 2025",27.3,1926.31,On-time
SH004254,W02,ST10,CR03,06/11/2025,07/11/2025,08/11/2025,12.7,,Delayed
SH004255,W01,ST10,CR01,"November 8, 2025",10/11/2025,"November 10, 2025",221.4,12503.2,On-time
SH004256,W02,ST10,CR01,"November 10, 2025","November 11, 2025",11/11/2025,14.2,1173.21,On-time
SH004257,W02,ST10,CR01,"November 11, 2025","November 12, 2025","November 12, 2025",17.4,839.99,On-time
SH004258,W02,ST10,CR04,2025-11-12,"November 13, 2025",2025-11-17,34.1,1909.55,Delayed
SH004259,W02,ST10,CR02,"November 13, 2025",14/11/2025,"November 14, 2025",28.0,2060.84,On-time
SH004260,W02,ST10,CR01,"November 14, 2025","November 15, 2025",2025-11-15,7.7,751.36,On-time
SH004261,W02,ST10,CR03,"November 16, 2025",17/11/2025,2025-11-17,23.2,1110.31,On-time
SH004262,W02,ST10,CR03,2025-11-17,18/11/2025,"November 18, 2025",14.8,1143.59,On-time
SH004263,W02,ST10,CR03,19/11/2025,2025-11-20,"November 20, 2025",14.7,1105.13,On-time
SH004264,W02,ST10,CR01,21/11/2025,2025-11-22,2025-11-22,11.8,1078.61,On-time
SH004265,W02,ST10,CR03,23/11/2025,2025-11-24,2025-11-24,10.4,1156.6,On-time
SH004266,W02,ST10,CR03,"November 25, 2025","November 26, 2025","November 26, 2025",24.9,1713.78,On-time
SH004267,W03,ST10,CR05,26/11/2025,"November 29, 2025",29/11/2025,417.6,18975.16,Damaged
SH004268,W01,ST10,CR04,2025-11-27,2025-11-29,02/12/2025,221.4,11058.01,Delayed
SH004269,W02,ST10,CR03,28/11/2025,2025-11-29,"November 29, 2025",10.4,1024.59,On-time
SH004270,W02,ST10,CR03,2025-11-29,"November 30, 2025",2025-11-30,22.0,1777.06,On-time
SH004271,W02,ST10,CR05,2025-12-01,"December 2, 2025",02/12/2025,10.4,1032.23,On-time
SH004272,W02,ST10,CR03,2025-12-02,"December 3, 2025",2025-12-03,8.3,690.46,On-time
SH004273,W02,ST10,CR02,03/12/2025,2025-12-04,"December 4, 2025",33.7,1557.45,On-time
SH004274,W01,ST10,CR02,2025-12-04,06/12/2025,"December 9, 2025",221.4,12431.68,Damaged
SH004275,W02,ST10,CR01,05/12/2025,2025-12-06,2025-12-07,22.7,1574.69,Delayed
SH004276,W02,ST10,CR04,"December 7, 2025","December 8, 2025","December 8, 2025",22.3,1352.33,On-time
SH004277,W02,ST10,CR02,2025-12-08,"December 9, 2025",2025-12-09,34.1,1916.32,On-time
SH004278,W02,ST10,CR03,"December 10, 2025",11/12/2025,"December 11, 2025",26.2,1597.44,On-time
SH004279,W02,ST10,CR03,11/12/2025,12/12/2025,"December 12, 2025",24.2,1355.47,On-time
SH004280,W02,ST10,CR03,"December 12, 2025",2025-12-13,13/12/2025,32.9,2188.93,On-time
SH004281,W02,ST10,CR02,2025-12-13,"December 14, 2025",14/12/2025,31.3,1438.31,On-time
SH004282,W01,ST10,CR02,"December 15, 2025","December 17, 2025","December 17, 2025",221.4,,On-time
SH004283,W02,ST10,CR03,2025-12-17,18/12/2025,2025-12-18,11.3,1031.72,On-time
SH004284,W02,ST10,CR02,18/12/2025,"December 19, 2025","December 19, 2025",30.4,1288.93,On-time
SH004285,W02,ST10,CR04,2025-12-19,2025-12-20,"December 23, 2025",25.3,1361.84,Delayed
SH004286,W02,ST10,CR05,"December 20, 2025","December 21, 2025",21/12/2025,17.3,1099.31,On-time
SH004287,W02,ST10,CR03,"December 22, 2025",23/12/2025,2025-12-25,9.3,689.85,Delayed
SH004288,W02,ST10,CR01,2025-12-24,25/12/2025,27/12/2025,14.8,785.65,Delayed
SH004289,W02,ST10,CR01,26/12/2025,27/12/2025,"December 27, 2025",13.2,789.34,On-time
SH004290,W02,ST10,CR01,28/12/2025,29/12/2025,29/12/2025,24.9,1777.35,On-time
SH004291,W02,ST10,CR04,29/12/2025,30/12/2025,2025-12-30,19.2,1302.13,On-time
SH004292,W02,ST10,CR02,30/12/2025,2025-12-31,31/12/2025,27.6,1918.07,On-time
SH004293,W02,ST10,CR02,2025-12-31,"January 1, 2026",,30.5,1691.47,In-Transit
SH004294,W02,ST11,CR01,2024-01-04,"January 5, 2024","January 5, 2024",22.0,1547.56,On-time
SH004295,W02,ST11,CR04,"January 6, 2024","January 7, 2024","January 7, 2024",31.6,1665.94,On-time
SH004296,W02,ST11,CR01,"January 8, 2024",2024-01-09,"January 10, 2024",28.3,1933.56,Delayed
SH004297,W02,ST11,CR04,2024-01-10,"January 11, 2024","January 13, 2024",20.3,1490.38,Delayed
SH004298,W02,ST11,CR05,2024-01-13,2024-01-14,2024-01-14,9.7,1367.45,On-time
SH004299,W02,ST11,CR02,2024-01-15,16/01/2024,2024-01-16,25.8,1433.13,On-time
SH004300,W02,ST11,CR02,18/01/2024,"January 19, 2024",19/01/2024,21.4,1595.45,On-time
SH004301,W02,ST11,CR05,"January 21, 2024",2024-01-22,2024-01-22,32.6,1997.98,On-time
SH004302,W02,ST11,CR01,2024-01-23,24/01/2024,2024-01-24,8.7,552.53,On-time
SH004303,W02,ST11,CR01,25/01/2024,2024-01-26,2024-01-26,23.4,1213.79,On-time
SH004304,W02,ST11,CR03,27/01/2024,28/01/2024,"January 28, 2024",11.3,1061.82,On-time
SH004305,W02,ST11,CR02,"January 30, 2024","January 31, 2024",2024-01-31,32.4,2366.71,On-time
SH004306,W02,ST11,CR03,02/02/2024,03/02/2024,03/02/2024,8.8,734.54,On-time
SH004307,W02,ST11,CR05,05/02/2024,"February 6, 2024","February 6, 2024",14.4,1202.59,On-time
SH004308,W02,ST11,CR03,2024-02-07,08/02/2024,2024-02-08,20.5,1464.75,On-time
SH004309,W02,ST11,CR01,10/02/2024,"February 11, 2024",11/02/2024,9.3,1414.48,On-time
SH004310,W02,ST11,CR01,"February 13, 2024",14/02/2024,"February 14, 2024",17.6,1443.67,Lost
SH004311,W02,ST11,CR01,15/02/2024,16/02/2024,"February 16, 2024",9.9,995.95,On-time
SH004312,W02,ST11,CR05,"February 18, 2024",19/02/2024,19/02/2024,17.6,1191.92,Lost
SH004313,W02,ST11,CR03,20/02/2024,"February 21, 2024","February 25, 2024",19.9,1367.68,Delayed
SH004314,W02,ST11,CR02,23/02/2024,"February 24, 2024",24/02/2024,22.2,1354.52,On-time
SH004315,W02,ST11,CR03,2024-02-26,2024-02-27,"February 27, 2024",19.2,1456.35,On-time
SH004316,W01,ST11,CR05,"February 28, 2024",01/03/2024,2024-03-02,221.4,9208.74,Delayed
SH004317,W02,ST11,CR04,02/03/2024,"March 3, 2024","March 3, 2024",10.0,929.56,On-time
SH004318,W02,ST11,CR03,2024-03-04,2024-03-05,05/03/2024,22.7,1377.32,On-time
SH004319,W02,ST11,CR01,"March 6, 2024",2024-03-07,2024-03-07,13.2,931.95,On-time
SH004320,W02,ST11,CR01,"March 9, 2024",2024-03-10,"March 10, 2024",11.3,1015.62,On-time
SH004321,W02,ST11,CR03,2024-03-12,2024-03-13,"March 13, 2024",19.4,1330.48,On-time
SH004322,W02,ST11,CR02,14/03/2024,"March 15, 2024","March 15, 2024",22.8,1588.8,On-time
SH004323,W02,ST11,CR05,16/03/2024,"March 17, 2024",2024-03-17,14.7,870.72,On-time
SH004324,W02,ST11,CR05,18/03/2024,"March 19, 2024",2024-03-21,18.7,1078.96,Delayed
SH004325,W02,ST11,CR01,"March 21, 2024",22/03/2024,"March 22, 2024",17.4,1243.26,On-time
SH004326,W02,ST11,CR04,24/03/2024,25/03/2024,"March 28, 2024",21.3,2386.55,Delayed
SH004327,W02,ST11,CR02,27/03/2024,2024-03-28,"March 28, 2024",21.8,1567.66,On-time
SH004328,W01,ST11,CR02,2024-03-30,"April 1, 2024","April 1, 2024",221.4,10645.73,On-time
SH004329,W02,ST11,CR05,2024-04-01,"April 2, 2024",2024-04-02,22.3,1395.37,On-time
SH004330,W02,ST11,CR05,04/04/2024,2024-04-05,"April 5, 2024",21.5,1197.01,On-time
SH004331,W02,ST11,CR04,06/04/2024,07/04/2024,2024-04-07,24.2,1382.17,On-time
SH004332,W02,ST11,CR03,"April 8, 2024",09/04/2024,09/04/2024,5.2,874.91,On-time
SH004333,W02,ST11,CR05,"April 10, 2024","April 11, 2024",2024-04-11,11.1,661.68,Lost
SH004334,W02,ST11,CR05,"April 12, 2024","April 13, 2024",13/04/2024,22.9,1630.63,On-time
SH004335,W02,ST11,CR03,15/04/2024,"April 16, 2024",16/04/2024,16.5,1573.24,On-time
SH004336,W02,ST11,CR03,"April 17, 2024",2024-04-18,2024-04-18,12.0,,On-time
SH004337,W03,ST11,CR05,19/04/2024,2024-04-22,22/04/2024,417.6,21013.0,On-time
SH004338,W02,ST11,CR03,"April 21, 2024","April 22, 2024","April 22, 2024",25.9,1534.35,On-time
SH004339,W02,ST11,CR03,23/04/2024,"April 24, 2024",24/04/2024,15.2,1674.19,On-time
SH004340,W02,ST11,CR02,26/04/2024,2024-04-27,2024-04-29,23.3,1214.22,Delayed
SH004341,W02,ST11,CR01,2024-04-28,"April 29, 2024",29/04/2024,34.1,2410.12,On-time
SH004342,W02,ST11,CR05,2024-05-01,02/05/2024,02/05/2024,19.5,1379.36,On-time
SH004343,W02,ST11,CR03,2024-05-03,"May 4, 2024",2024-05-04,29.3,1655.12,On-time
SH004344,W02,ST11,CR02,05/05/2024,06/05/2024,"May 6, 2024",19.1,1165.48,On-time
SH004345,W02,ST11,CR03,07/05/2024,2024-05-08,11/05/2024,14.0,958.85,Delayed
SH004346,W02,ST11,CR02,"May 10, 2024",2024-05-11,"May 11, 2024",19.0,1642.6,On-time
SH004347,W02,ST11,CR03,2024-05-13,"May 14, 2024","May 14, 2024",16.8,1203.25,On-time
SH004348,W03,ST11,CR01,2024-05-15,18/05/2024,2024-05-18,417.6,17220.56,On-time
SH004349,W01,ST11,CR03,2024-05-18,"May 20, 2024","May 21, 2024",221.4,10840.03,Delayed
SH004350,W02,ST11,CR04,21/05/2024,22/05/2024,25/05/2024,29.5,1982.54,Delayed
SH004351,W03,ST11,CR01,24/05/2024,"May 27, 2024","May 27, 2024",417.6,19543.19,On-time
SH004352,W02,ST11,CR03,26/05/2024,2024-05-27,27/05/2024,8.6,1190.83,On-time
SH004353,W02,ST11,CR04,28/05/2024,"May 29, 2024",2024-05-29,26.4,,On-time
SH004354,W02,ST11,CR01,"May 31, 2024","June 1, 2024",01/06/2024,22.2,1571.49,On-time
SH004355,W02,ST11,CR01,"June 2, 2024",03/06/2024,06/06/2024,9.3,970.43,Delayed
SH004356,W02,ST11,CR01,2024-06-04,2024-06-05,2024-06-05,13.6,1200.64,On-time
SH004357,W02,ST11,CR01,"June 7, 2024","June 8, 2024",2024-06-09,29.2,2141.4,Delayed
SH004358,W02,ST11,CR01,09/06/2024,2024-06-10,"June 10, 2024",12.9,1303.87,On-time
SH004359,W02,ST11,CR01,"June 11, 2024",2024-06-12,12/06/2024,33.2,2029.48,On-time
SH004360,W02,ST11,CR03,2024-06-14,2024-06-15,17/06/2024,13.1,1242.75,Delayed
SH004361,W02,ST11,CR05,"June 16, 2024",2024-06-17,17/06/2024,33.9,1704.95,On-time
SH004362,W02,ST11,CR03,2024-06-19,2024-06-20,2024-06-20,11.1,848.7,On-time
SH004363,W02,ST11,CR02,21/06/2024,2024-06-22,"June 22, 2024",33.5,1685.46,On-time
SH004364,W02,ST11,CR05,23/06/2024,24/06/2024,24/06/2024,13.8,901.47,On-time
SH004365,W02,ST11,CR03,"June 25, 2024",2024-06-26,"June 28, 2024",13.5,1029.04,Delayed
SH004366,W02,ST11,CR02,"June 28, 2024",2024-06-29,"June 29, 2024",8.2,785.56,On-time
SH004367,W02,ST11,CR02,2024-07-01,"July 2, 2024",02/07/2024,19.1,1123.79,On-time
SH004368,W02,ST11,CR05,03/07/2024,04/07/2024,"July 4, 2024",34.8,1802.97,On-time
SH004369,W02,ST11,CR01,05/07/2024,"July 6, 2024",2024-07-06,10.8,820.09,On-time
SH004370,W02,ST11,CR03,07/07/2024,"July 8, 2024",08/07/2024,27.8,1563.05,On-time
SH004371,W02,ST11,CR01,10/07/2024,"July 11, 2024","July 12, 2024",26.8,1933.25,Delayed
SH004372,W03,ST11,CR03,13/07/2024,"July 16, 2024",2024-07-20,417.6,15922.03,Delayed
SH004373,W02,ST11,CR05,2024-07-15,2024-07-16,"July 18, 2024",18.9,1404.13,Delayed
SH004374,W02,ST11,CR03,2024-07-18,"July 19, 2024",19/07/2024,23.4,1709.87,On-time
SH004375,W02,ST11,CR05,"July 20, 2024",2024-07-21,21/07/2024,9.1,723.56,On-time
SH004376,W02,ST11,CR02,"July 23, 2024",2024-07-24,"July 24, 2024",14.1,1156.06,On-time
SH004377,W02,ST11,CR02,2024-07-26,27/07/2024,2024-07-27,9.9,543.41,On-time
SH004378,W02,ST11,CR02,28/07/2024,2024-07-29,29/07/2024,32.4,2305.17,On-time
SH004379,W02,ST11,CR01,2024-07-30,31/07/2024,2024-08-03,14.6,1300.57,Delayed
SH004380,W02,ST11,CR04,2024-08-01,02/08/2024,"August 3, 2024",28.5,1846.26,Delayed
SH004381,W02,ST11,CR01,"August 4, 2024",05/08/2024,"August 5, 2024",21.6,1442.24,On-time
SH004382,W02,ST11,CR05,2024-08-07,08/08/2024,2024-08-10,14.2,1158.18,Damaged
SH004383,W02,ST11,CR05,2024-08-09,"August 10, 2024",10/08/2024,24.6,1623.73,On-time
SH004384,W02,ST11,CR01,12/08/2024,"August 13, 2024",13/08/2024,34.7,2190.42,On-time
SH004385,W02,ST11,CR02,2024-08-14,"August 15, 2024","August 18, 2024",28.3,1868.86,Delayed
SH004386,W02,ST11,CR02,"August 17, 2024","August 18, 2024","August 19, 2024",21.3,1887.18,Delayed
SH004387,W02,ST11,CR05,"August 19, 2024","August 20, 2024",2024-08-20,15.7,1164.09,On-time
SH004388,W02,ST11,CR05,22/08/2024,2024-08-23,2024-08-24,31.6,1932.98,Delayed
SH004389,W02,ST11,CR04,25/08/2024,2024-08-26,28/08/2024,24.2,1917.99,Delayed
SH004390,W02,ST11,CR04,2024-08-27,28/08/2024,28/08/2024,12.7,1234.94,On-time
SH004391,W02,ST11,CR01,"August 29, 2024","August 30, 2024","August 30, 2024",25.5,1311.38,On-time
SH004392,W02,ST11,CR04,31/08/2024,2024-09-01,"September 2, 2024",26.0,1282.39,Delayed
SH004393,W02,ST11,CR05,03/09/2024,"September 4, 2024",2024-09-04,29.8,1592.24,On-time
SH004394,W02,ST11,CR03,06/09/2024,07/09/2024,"September 7, 2024",26.0,1983.73,On-time
SH004395,W02,ST11,CR05,2024-09-09,10/09/2024,"September 10, 2024",24.4,1499.16,On-time
SH004396,W02,ST11,CR01,11/09/2024,2024-09-12,"September 12, 2024",9.6,1127.91,On-time
SH004397,W02,ST11,CR05,"September 13, 2024",14/09/2024,"September 14, 2024",9.2,903.31,On-time
SH004398,W02,ST11,CR04,2024-09-15,16/09/2024,2024-09-17,27.6,1430.94,Delayed
SH004399,W02,ST11,CR01,2024-09-18,2024-09-19,2024-09-19,14.9,1061.95,On-time
SH004400,W02,ST11,CR03,2024-09-20,"September 21, 2024",21/09/2024,24.0,1571.67,On-time
SH004401,W02,ST11,CR05,2024-09-22,2024-09-23,"September 23, 2024",19.9,2209.31,On-time
SH004402,W02,ST11,CR02,24/09/2024,25/09/2024,25/09/2024,12.3,1382.43,On-time
SH004403,W01,ST11,CR01,27/09/2024,29/09/2024,"September 29, 2024",221.4,8464.91,On-time
SH004404,W02,ST11,CR01,30/09/2024,"October 1, 2024",2024-10-01,23.2,1393.1,On-time
SH004405,W02,ST11,CR01,"October 3, 2024",2024-10-04,07/10/2024,28.8,1599.75,Delayed
SH004406,W02,ST11,CR04,2024-10-05,2024-10-06,06/10/2024,19.6,1276.07,On-time
SH004407,W02,ST11,CR01,08/10/2024,"October 9, 2024",2024-10-09,19.6,1130.03,On-time
SH004408,W02,ST11,CR02,"October 10, 2024",11/10/2024,13/10/2024,12.8,748.54,Delayed
SH004409,W02,ST11,CR05,"October 13, 2024","October 14, 2024",14/10/2024,18.7,1355.74,On-time
SH004410,W02,ST11,CR03,15/10/2024,"October 16, 2024",2024-10-16,21.5,,On-time
SH004411,W02,ST11,CR04,2024-10-17,2024-10-18,"October 18, 2024",16.0,1258.39,On-time
SH004412,W02,ST11,CR05,2024-10-20,21/10/2024,21/10/2024,10.6,,Damaged
SH004413,W02,ST11,CR05,"October 22, 2024","October 23, 2024","October 23, 2024",22.9,1458.05,On-time
SH004414,W02,ST11,CR03,2024-10-24,2024-10-25,"October 25, 2024",28.8,1266.36,On-time
SH004415,W02,ST11,CR05,26/10/2024,"October 27, 2024",2024-10-27,9.7,834.12,On-time
SH004416,W02,ST11,CR04,"October 28, 2024",29/10/2024,"October 29, 2024",10.1,871.48,On-time
SH004417,W02,ST11,CR02,2024-10-31,01/11/2024,2024-11-01,12.6,925.23,On-time
SH004418,W02,ST11,CR02,02/11/2024,2024-11-03,2024-11-03,15.5,1092.39,On-time
SH004419,W02,ST11,CR05,05/11/2024,2024-11-06,"November 6, 2024",31.5,1605.68,On-time
SH004420,W03,ST11,CR03,"November 7, 2024","November 10, 2024",10/11/2024,417.6,24796.37,On-time
SH004421,W02,ST11,CR04,"November 10, 2024",2024-11-11,11/11/2024,9.3,711.09,On-time
SH004422,W02,ST11,CR03,13/11/2024,"November 14, 2024",14/11/2024,15.9,1474.91,On-time
SH004423,W02,ST11,CR03,15/11/2024,"November 16, 2024",16/11/2024,34.9,2227.77,On-time
SH004424,W02,ST11,CR02,2024-11-17,2024-11-18,"November 18, 2024",19.0,1371.76,On-time
SH004425,W02,ST11,CR03,20/11/2024,"November 21, 2024","November 21, 2024",22.4,1573.38,On-time
SH004426,W02,ST11,CR01,2024-11-23,2024-11-24,"November 27, 2024",31.1,1633.53,Delayed
SH004427,W02,ST11,CR01,"November 25, 2024",2024-11-26,26/11/2024,11.1,1120.35,On-time
SH004428,W02,ST11,CR03,27/11/2024,"November 28, 2024","November 28, 2024",22.1,1371.04,On-time
SH004429,W02,ST11,CR03,2024-11-29,2024-11-30,"November 30, 2024",19.5,1067.09,On-time
SH004430,W02,ST11,CR01,2024-12-02,"December 3, 2024","December 3, 2024",27.8,1780.9,On-time
SH004431,W02,ST11,CR02,2024-12-05,"December 6, 2024",2024-12-06,10.9,1254.91,On-time
SH004432,W01,ST11,CR01,"December 7, 2024","December 9, 2024","December 9, 2024",221.4,10557.13,On-time
SH004433,W02,ST11,CR03,"December 10, 2024",11/12/2024,11/12/2024,22.9,1542.28,On-time
SH004434,W02,ST11,CR05,12/12/2024,"December 13, 2024",13/12/2024,17.7,1112.32,On-time
SH004435,W02,ST11,CR03,"December 15, 2024",16/12/2024,2024-12-16,13.7,673.35,On-time
SH004436,W02,ST11,CR05,"December 17, 2024",18/12/2024,2024-12-18,16.5,1871.81,On-time
SH004437,W02,ST11,CR05,"December 20, 2024",21/12/2024,"December 21, 2024",21.4,1892.42,On-time
SH004438,W02,ST11,CR01,23/12/2024,"December 24, 2024","December 24, 2024",12.8,1045.98,On-time
SH004439,W02,ST11,CR05,25/12/2024,26/12/2024,"December 26, 2024",24.7,1733.11,On-time
SH004440,W02,ST11,CR01,2024-12-27,"December 28, 2024",2024-12-28,18.5,1590.38,On-time
SH004441,W02,ST11,CR01,"December 30, 2024",2024-12-31,"December 31, 2024",10.4,958.76,On-time
SH004442,W02,ST11,CR05,2025-01-01,2025-01-02,2025-01-02,24.9,1387.78,On-time
SH004443,W02,ST11,CR02,03/01/2025,2025-01-04,2025-01-04,9.3,1101.57,On-time
SH004444,W02,ST11,CR01,"January 5, 2025","January 6, 2025",06/01/2025,17.6,1015.54,On-time
SH004445,W02,ST11,CR01,"January 7, 2025",2025-01-08,12/01/2025,33.3,2109.91,Delayed
SH004446,W02,ST11,CR03,"January 9, 2025",10/01/2025,2025-01-10,11.1,1110.45,On-time
SH004447,W02,ST11,CR05,11/01/2025,12/01/2025,2025-01-12,29.9,1381.28,On-time
SH004448,W02,ST11,CR05,13/01/2025,14/01/2025,2025-01-14,26.2,1422.67,On-time
SH004449,W02,ST11,CR03,2025-01-16,17/01/2025,2025-01-17,29.3,1836.0,On-time
SH004450,W02,ST11,CR03,2025-01-19,"January 20, 2025",20/01/2025,9.1,864.32,On-time
SH004451,W02,ST11,CR05,22/01/2025,23/01/2025,"January 23, 2025",25.8,1503.2,On-time
SH004452,W02,ST11,CR02,2025-01-25,26/01/2025,26/01/2025,34.1,1858.03,On-time
SH004453,W02,ST11,CR01,2025-01-27,"January 28, 2025","January 28, 2025",17.3,1454.59,On-time
SH004454,W02,ST11,CR03,"January 29, 2025",2025-01-30,"January 30, 2025",14.2,1173.26,On-time
SH004455,W02,ST11,CR03,01/02/2025,02/02/2025,06/02/2025,23.1,1424.97,Delayed
SH004456,W02,ST11,CR01,"February 4, 2025","February 5, 2025",2025-02-05,32.6,1744.71,On-time
SH004457,W02,ST11,CR05,2025-02-07,08/02/2025,2025-02-08,17.9,1269.21,On-time
SH004458,W02,ST11,CR04,2025-02-11,2025-02-12,2025-02-12,12.1,780.65,On-time
SH004459,W02,ST11,CR02,13/02/2025,2025-02-14,17/02/2025,27.9,1606.03,Delayed
SH004460,W02,ST11,CR02,"February 16, 2025",17/02/2025,17/02/2025,20.5,1231.75,On-time
SH004461,W02,ST11,CR02,18/02/2025,19/02/2025,2025-02-19,14.2,1038.53,On-time
SH004462,W02,ST11,CR01,2025-02-21,2025-02-22,22/02/2025,19.1,1079.56,On-time
SH004463,W03,ST11,CR01,24/02/2025,"February 27, 2025",27/02/2025,417.6,18689.96,On-time
SH004464,W02,ST11,CR03,2025-02-26,27/02/2025,27/02/2025,8.2,,On-time
SH004465,W02,ST11,CR03,28/02/2025,2025-03-01,"March 5, 2025",30.8,1744.31,Delayed
SH004466,W02,ST11,CR02,"March 3, 2025",2025-03-04,2025-03-05,26.9,1646.24,Delayed
SH004467,W02,ST11,CR01,"March 5, 2025",06/03/2025,"March 6, 2025",31.5,1914.25,On-time
SH004468,W02,ST11,CR01,"March 8, 2025",09/03/2025,2025-03-09,21.7,1395.4,On-time
SH004469,W02,ST11,CR04,2025-03-10,2025-03-11,2025-03-11,33.6,1870.16,On-time
SH004470,W02,ST11,CR01,2025-03-13,2025-03-14,"March 18, 2025",11.0,1243.35,Delayed
SH004471,W02,ST11,CR01,2025-03-15,2025-03-16,16/03/2025,13.9,1047.37,On-time
SH004472,W02,ST11,CR01,2025-03-18,19/03/2025,"March 19, 2025",9.6,1340.1,On-time
SH004473,W02,ST11,CR01,20/03/2025,2025-03-21,2025-03-21,26.3,2112.95,On-time
SH004474,W02,ST11,CR03,"March 22, 2025",2025-03-23,2025-03-26,15.6,1174.17,Delayed
SH004475,W03,ST11,CR03,24/03/2025,"March 27, 2025",2025-03-27,417.6,15808.98,On-time
SH004476,W03,ST11,CR02,27/03/2025,2025-03-30,2025-03-30,417.6,21972.12,On-time
SH004477,W02,ST11,CR01,30/03/2025,2025-03-31,"April 1, 2025",21.1,1430.21,Delayed
SH004478,W02,ST11,CR01,2025-04-02,2025-04-03,"April 3, 2025",19.8,1997.78,On-time
SH004479,W02,ST11,CR01,"April 4, 2025",05/04/2025,"April 5, 2025",25.5,1685.32,On-time
SH004480,W02,ST11,CR02,2025-04-07,2025-04-08,08/04/2025,18.5,1669.21,On-time
SH004481,W02,ST11,CR04,"April 10, 2025",2025-04-11,"April 11, 2025",18.8,1514.76,On-time
SH004482,W01,ST11,CR05,2025-04-12,2025-04-14,16/04/2025,221.4,,Delayed
SH004483,W02,ST11,CR05,"April 15, 2025","April 16, 2025","April 16, 2025",33.1,1950.91,On-time
SH004484,W02,ST11,CR04,2025-04-17,2025-04-18,"April 22, 2025",23.5,1453.4,Delayed
SH004485,W02,ST11,CR02,2025-04-19,"April 20, 2025",20/04/2025,33.3,1731.51,On-time
SH004486,W02,ST11,CR05,"April 22, 2025","April 23, 2025",2025-04-23,11.7,1584.11,On-time
SH004487,W03,ST11,CR05,25/04/2025,"April 28, 2025",2025-04-28,417.6,22091.61,On-time
SH004488,W02,ST11,CR04,27/04/2025,"April 28, 2025",28/04/2025,10.8,971.91,On-time
SH004489,W02,ST11,CR01,2025-04-30,"May 1, 2025","May 3, 2025",29.9,1581.98,Delayed
SH004490,W02,ST11,CR05,03/05/2025,2025-05-04,04/05/2025,16.9,1525.8,On-time
SH004491,W02,ST11,CR02,05/05/2025,"May 6, 2025","May 6, 2025",14.0,1314.72,On-time
SH004492,W01,ST11,CR02,08/05/2025,"May 10, 2025",2025-05-10,221.4,10291.54,On-time
SH004493,W02,ST11,CR01,10/05/2025,"May 11, 2025","May 11, 2025",24.0,1372.19,On-time
SH004494,W01,ST11,CR03,2025-05-13,15/05/2025,17/05/2025,221.4,,Delayed
SH004495,W02,ST11,CR01,2025-05-15,16/05/2025,"May 16, 2025",11.8,1141.29,On-time
SH004496,W02,ST11,CR05,17/05/2025,"May 18, 2025","May 18, 2025",31.5,1767.03,On-time
SH004497,W02,ST11,CR03,19/05/2025,2025-05-20,20/05/2025,21.7,1755.59,On-time
SH004498,W02,ST11,CR04,2025-05-21,"May 22, 2025",2025-05-22,9.3,686.68,On-time
SH004499,W02,ST11,CR01,24/05/2025,"May 25, 2025",25/05/2025,30.9,2253.45,On-time
SH004500,W02,ST11,CR04,26/05/2025,27/05/2025,2025-05-28,26.1,,Delayed
SH004501,W02,ST11,CR05,2025-05-28,29/05/2025,29/05/2025,31.9,2010.6,On-time
SH004502,W02,ST11,CR05,"May 30, 2025",31/05/2025,31/05/2025,33.0,2264.54,On-time
SH004503,W02,ST11,CR02,02/06/2025,"June 3, 2025","June 6, 2025",18.9,,Delayed
SH004504,W02,ST11,CR02,2025-06-04,2025-06-05,05/06/2025,11.9,1251.23,Damaged
SH004505,W02,ST11,CR01,"June 7, 2025",2025-06-08,08/06/2025,13.6,938.67,On-time
SH004506,W02,ST11,CR05,2025-06-10,2025-06-11,14/06/2025,33.3,2267.58,Delayed
SH004507,W02,ST11,CR05,13/06/2025,14/06/2025,14/06/2025,24.5,1513.25,On-time
SH004508,W02,ST11,CR01,15/06/2025,"June 16, 2025","June 18, 2025",34.5,1785.07,Delayed
SH004509,W02,ST11,CR04,2025-06-17,18/06/2025,2025-06-18,9.7,658.96,On-time
SH004510,W02,ST11,CR03,20/06/2025,"June 21, 2025","June 22, 2025",13.9,1528.71,Delayed
SH004511,W02,ST11,CR02,"June 23, 2025","June 24, 2025",2025-06-24,11.8,1368.69,On-time
SH004512,W02,ST11,CR05,25/06/2025,"June 26, 2025",26/06/2025,16.7,977.81,On-time
SH004513,W02,ST11,CR04,27/06/2025,2025-06-28,2025-06-28,19.0,1132.6,On-time
SH004514,W02,ST11,CR05,"June 30, 2025",01/07/2025,2025-07-01,29.5,1811.77,On-time
SH004515,W02,ST11,CR03,02/07/2025,2025-07-03,2025-07-03,30.8,1411.71,On-time
SH004516,W02,ST11,CR04,"July 5, 2025","July 6, 2025",06/07/2025,10.9,770.2,On-time
SH004517,W02,ST11,CR02,"July 8, 2025","July 9, 2025",13/07/2025,30.3,1970.76,Delayed
SH004518,W02,ST11,CR03,11/07/2025,12/07/2025,12/07/2025,14.2,1412.09,On-time
SH004519,W02,ST11,CR03,14/07/2025,2025-07-15,2025-07-18,27.1,1559.6,Delayed
SH004520,W02,ST11,CR03,2025-07-17,2025-07-18,"July 18, 2025",30.2,1516.97,On-time
SH004521,W02,ST11,CR01,20/07/2025,"July 21, 2025",2025-07-21,32.4,1942.04,On-time
SH004522,W03,ST11,CR05,23/07/2025,26/07/2025,2025-07-26,417.6,15762.52,On-time
SH004523,W03,ST11,CR05,26/07/2025,2025-07-29,29/07/2025,259.5,20115.21,On-time
SH004524,W02,ST11,CR03,"July 28, 2025",29/07/2025,"July 29, 2025",33.9,2133.44,On-time
SH004525,W02,ST11,CR01,2025-07-31,01/08/2025,03/08/2025,28.2,2024.56,Delayed
SH004526,W02,ST11,CR05,"August 2, 2025",03/08/2025,2025-08-04,16.9,1159.95,Delayed
SH004527,W02,ST11,CR05,05/08/2025,"August 6, 2025",2025-08-07,24.0,,Delayed
SH004528,W02,ST11,CR02,2025-08-08,"August 9, 2025","August 10, 2025",8.5,684.64,Delayed
SH004529,W02,ST11,CR02,12/08/2025,"August 13, 2025",13/08/2025,12.7,793.84,On-time
SH004530,W02,ST11,CR01,"August 15, 2025",2025-08-16,"August 16, 2025",33.0,2222.99,On-time
SH004531,W02,ST11,CR02,17/08/2025,18/08/2025,"August 19, 2025",30.0,1773.93,Damaged
SH004532,W02,ST11,CR01,19/08/2025,"August 20, 2025",2025-08-20,34.0,2121.92,On-time
SH004533,W02,ST11,CR02,21/08/2025,"August 22, 2025",22/08/2025,23.7,1478.67,On-time
SH004534,W02,ST11,CR03,"August 23, 2025","August 24, 2025",24/08/2025,17.8,1111.68,On-time
SH004535,W03,ST11,CR03,2025-08-25,"August 28, 2025","August 28, 2025",417.6,15901.88,On-time
SH004536,W02,ST11,CR03,28/08/2025,"August 29, 2025","August 29, 2025",30.8,1935.4,On-time
SH004537,W03,ST11,CR03,"August 31, 2025","September 3, 2025",04/09/2025,417.6,19857.54,Delayed
SH004538,W02,ST11,CR03,02/09/2025,2025-09-03,2025-09-03,12.3,1775.53,On-time
SH004539,W02,ST11,CR02,2025-09-05,06/09/2025,"September 8, 2025",17.4,1061.45,Delayed
SH004540,W02,ST11,CR05,2025-09-08,"September 9, 2025",2025-09-09,21.8,1196.49,On-time
SH004541,W02,ST11,CR02,2025-09-11,12/09/2025,2025-09-12,19.3,1044.15,Damaged
SH004542,W02,ST11,CR02,14/09/2025,2025-09-15,2025-09-19,17.5,1407.36,Delayed
SH004543,W02,ST11,CR05,2025-09-17,2025-09-18,"September 18, 2025",8.5,994.75,On-time
SH004544,W02,ST11,CR02,2025-09-20,"September 21, 2025","September 25, 2025",11.1,847.74,Delayed
SH004545,W02,ST11,CR03,23/09/2025,24/09/2025,27/09/2025,34.3,1998.69,Delayed
SH004546,W02,ST11,CR01,2025-09-25,2025-09-26,26/09/2025,20.5,1026.67,On-time
SH004547,W02,ST11,CR05,27/09/2025,2025-09-28,"September 28, 2025",24.0,1545.94,On-time
SH004548,W02,ST11,CR04,2025-09-30,"October 1, 2025","October 3, 2025",27.5,1770.97,Damaged
SH004549,W02,ST11,CR05,2025-10-02,03/10/2025,03/10/2025,25.4,1437.12,On-time
SH004550,W02,ST11,CR02,04/10/2025,"October 5, 2025",05/10/2025,17.6,,On-time
SH004551,W03,ST11,CR04,06/10/2025,2025-10-09,2025-10-09,417.6,20581.53,On-time
SH004552,W02,ST11,CR03,08/10/2025,2025-10-09,2025-10-11,28.1,1590.04,Delayed
SH004553,W02,ST11,CR01,10/10/2025,11/10/2025,2025-10-11,19.3,1070.48,On-time
SH004554,W02,ST11,CR01,13/10/2025,"October 14, 2025",14/10/2025,12.5,958.88,On-time
SH004555,W02,ST11,CR02,2025-10-16,17/10/2025,2025-10-17,28.3,1561.76,On-time
SH004556,W01,ST11,CR02,2025-10-19,21/10/2025,2025-10-21,221.4,8505.72,On-time
SH004557,W02,ST11,CR04,"October 21, 2025",22/10/2025,2025-10-22,16.9,1426.99,On-time
SH004558,W02,ST11,CR03,2025-10-24,"October 25, 2025",2025-10-25,19.3,1086.13,On-time
SH004559,W02,ST11,CR02,2025-10-26,2025-10-27,"October 27, 2025",26.9,1979.49,On-time
SH004560,W02,ST11,CR04,2025-10-29,30/10/2025,2025-10-30,29.5,1576.88,On-time
SH004561,W02,ST11,CR02,31/10/2025,01/11/2025,01/11/2025,31.0,1954.15,On-time
SH004562,W02,ST11,CR04,03/11/2025,2025-11-04,04/11/2025,35.0,2016.47,On-time
SH004563,W02,ST11,CR04,2025-11-06,07/11/2025,07/11/2025,8.9,1201.81,On-time
SH004564,W02,ST11,CR04,"November 9, 2025","November 10, 2025","November 10, 2025",16.0,1147.17,On-time
SH004565,W02,ST11,CR05,"November 12, 2025",2025-11-13,13/11/2025,12.4,1225.23,On-time
SH004566,W02,ST11,CR05,2025-11-14,"November 15, 2025",2025-11-15,25.3,1733.14,On-time
SH004567,W02,ST11,CR02,2025-11-16,"November 17, 2025",17/11/2025,28.3,1566.26,On-time
SH004568,W02,ST11,CR03,19/11/2025,"November 20, 2025","November 20, 2025",10.9,796.68,On-time
SH004569,W02,ST11,CR05,21/11/2025,"November 22, 2025",2025-11-22,14.4,1280.04,On-time
SH004570,W02,ST11,CR02,24/11/2025,2025-11-25,29/11/2025,24.5,1695.76,Delayed
SH004571,W02,ST11,CR02,"November 27, 2025",28/11/2025,"November 30, 2025",12.6,1178.17,Delayed
SH004572,W02,ST11,CR05,30/11/2025,2025-12-01,2025-12-01,14.7,968.93,On-time
SH004573,W02,ST11,CR02,"December 3, 2025",04/12/2025,04/12/2025,17.3,1321.41,On-time
SH004574,W02,ST11,CR02,2025-12-05,"December 6, 2025","December 6, 2025",21.1,1135.19,On-time
SH004575,W02,ST11,CR02,"December 8, 2025","December 9, 2025",09/12/2025,9.8,1331.99,On-time
SH004576,W02,ST11,CR03,11/12/2025,12/12/2025,12/12/2025,32.1,1856.99,On-time
SH004577,W02,ST11,CR02,14/12/2025,15/12/2025,2025-12-15,23.7,1310.4,On-time
SH004578,W02,ST11,CR02,2025-12-16,"December 17, 2025",2025-12-17,14.8,1235.61,On-time
SH004579,W02,ST11,CR03,19/12/2025,"December 20, 2025",20/12/2025,9.6,823.73,On-time
SH004580,W02,ST11,CR01,2025-12-21,"December 22, 2025",22/12/2025,25.6,1457.94,On-time
SH004581,W02,ST11,CR02,2025-12-24,"December 25, 2025",2025-12-25,32.1,1373.96,Damaged
SH004582,W02,ST11,CR02,"December 27, 2025",28/12/2025,2025-12-28,13.8,830.45,On-time
SH004583,W02,ST11,CR01,30/12/2025,31/12/2025,"December 31, 2025",19.3,,On-time
SH004584,W01,ST12,CR05,03/01/2024,2024-01-04,"January 4, 2024",76.6,6381.78,On-time
SH004585,W01,ST12,CR01,2024-01-08,"January 9, 2024","January 9, 2024",123.3,4808.95,Damaged
SH004586,W01,ST12,CR04,2024-01-13,2024-01-14,14/01/2024,123.3,7033.11,On-time
SH004587,W01,ST12,CR05,2024-01-18,"January 19, 2024",22/01/2024,123.3,7505.58,Delayed
SH004588,W01,ST12,CR05,23/01/2024,"January 24, 2024",2024-01-28,123.3,6168.46,Delayed
SH004589,W01,ST12,CR01,27/01/2024,28/01/2024,"January 28, 2024",123.3,7217.36,On-time
SH004590,W01,ST12,CR03,2024-01-31,2024-02-01,01/02/2024,123.3,6316.69,On-time
SH004591,W01,ST12,CR03,"February 5, 2024","February 6, 2024","February 6, 2024",123.3,5223.45,On-time
SH004592,W01,ST12,CR02,11/02/2024,12/02/2024,"February 13, 2024",123.3,6945.06,Delayed
SH004593,W01,ST12,CR01,"February 16, 2024",2024-02-17,2024-02-19,76.6,7574.73,Delayed
SH004594,W01,ST12,CR05,"February 21, 2024",2024-02-22,2024-02-22,123.3,5881.26,On-time
SH004595,W01,ST12,CR05,"February 26, 2024",27/02/2024,"February 27, 2024",123.3,7133.37,On-time
SH004596,W01,ST12,CR01,"March 2, 2024",03/03/2024,2024-03-03,123.3,6676.43,Lost
SH004597,W01,ST12,CR05,2024-03-07,08/03/2024,08/03/2024,123.3,5561.11,On-time
SH004598,W03,ST12,CR02,2024-03-11,"March 13, 2024",13/03/2024,270.1,8991.48,On-time
SH004599,W01,ST12,CR05,"March 17, 2024",18/03/2024,18/03/2024,123.3,6097.79,On-time
SH004600,W01,ST12,CR01,"March 23, 2024","March 24, 2024",2024-03-24,123.3,6111.67,On-time
SH004601,W03,ST12,CR05,29/03/2024,2024-03-31,"March 31, 2024",270.1,12272.72,On-time
SH004602,W01,ST12,CR05,"April 2, 2024","April 3, 2024","April 3, 2024",123.3,6341.33,On-time
SH004603,W03,ST12,CR02,2024-04-07,"April 9, 2024",09/04/2024,270.1,12392.39,On-time
SH004604,W01,ST12,CR05,2024-04-12,2024-04-13,13/04/2024,123.3,,On-time
SH004605,W01,ST12,CR05,18/04/2024,"April 19, 2024",2024-04-19,123.3,7059.64,On-time
SH004606,W01,ST12,CR05,"April 23, 2024",2024-04-24,"April 24, 2024",123.3,5972.08,On-time
SH004607,W01,ST12,CR05,28/04/2024,2024-04-29,29/04/2024,123.3,6281.53,On-time
SH004608,W01,ST12,CR03,2024-05-01,02/05/2024,06/05/2024,123.3,4969.05,Delayed
SH004609,W01,ST12,CR03,"May 7, 2024","May 8, 2024",2024-05-08,123.3,5753.98,On-time
SH004610,W01,ST12,CR02,12/05/2024,13/05/2024,2024-05-13,123.3,5559.72,On-time
SH004611,W01,ST12,CR01,"May 16, 2024",17/05/2024,2024-05-17,76.6,5776.99,On-time
SH004612,W01,ST12,CR02,21/05/2024,22/05/2024,2024-05-22,123.3,5527.7,On-time
SH004613,W01,ST12,CR01,"May 24, 2024",2024-05-25,"May 25, 2024",123.3,7391.22,On-time
SH004614,W01,ST12,CR01,28/05/2024,"May 29, 2024","May 29, 2024",123.3,5263.02,On-time
SH004615,W01,ST12,CR03,"June 2, 2024",03/06/2024,2024-06-03,123.3,7427.2,On-time
SH004616,W01,ST12,CR04,"June 8, 2024","June 9, 2024",09/06/2024,123.3,6361.76,On-time
SH004617,W01,ST12,CR02,"June 13, 2024",14/06/2024,14/06/2024,123.3,7014.88,On-time
SH004618,W01,ST12,CR03,2024-06-18,19/06/2024,19/06/2024,123.3,5979.68,On-time
SH004619,W01,ST12,CR02,2024-06-22,"June 23, 2024","June 23, 2024",123.3,5721.22,On-time
SH004620,W01,ST12,CR03,2024-06-25,26/06/2024,26/06/2024,123.3,5782.2,On-time
SH004621,W02,ST12,CR01,28/06/2024,2024-06-30,30/06/2024,161.0,9646.43,On-time
SH004622,W01,ST12,CR02,"July 3, 2024",2024-07-04,"July 6, 2024",123.3,5831.05,Delayed
SH004623,W01,ST12,CR05,2024-07-06,2024-07-07,"July 7, 2024",123.3,7294.7,On-time
SH004624,W01,ST12,CR03,2024-07-09,2024-07-10,10/07/2024,76.6,7709.87,On-time
SH004625,W02,ST12,CR01,2024-07-14,"July 16, 2024",16/07/2024,161.0,7900.52,On-time
SH004626,W01,ST12,CR01,20/07/2024,"July 21, 2024","July 21, 2024",123.3,7072.75,On-time
SH004627,W01,ST12,CR01,2024-07-25,"July 26, 2024","July 26, 2024",123.3,6048.0,On-time
SH004628,W03,ST12,CR05,29/07/2024,31/07/2024,31/07/2024,270.1,12658.18,On-time
SH004629,W01,ST12,CR04,2024-08-03,"August 4, 2024","August 4, 2024",123.3,5528.85,On-time
SH004630,W01,ST12,CR04,"August 9, 2024",10/08/2024,2024-08-10,123.3,,On-time
SH004631,W01,ST12,CR02,14/08/2024,15/08/2024,15/08/2024,123.3,6153.34,On-time
SH004632,W01,ST12,CR03,18/08/2024,"August 19, 2024","August 19, 2024",123.3,6428.17,On-time
SH004633,W01,ST12,CR03,"August 22, 2024","August 23, 2024",23/08/2024,123.3,6301.91,On-time
SH004634,W01,ST12,CR02,2024-08-26,2024-08-27,"August 30, 2024",123.3,7563.52,Delayed
SH004635,W01,ST12,CR04,2024-08-30,"August 31, 2024","August 31, 2024",123.3,5804.04,On-time
SH004636,W01,ST12,CR05,03/09/2024,"September 4, 2024","September 7, 2024",76.6,6113.44,Delayed
SH004637,W01,ST12,CR05,"September 6, 2024",07/09/2024,"September 7, 2024",123.3,5149.68,On-time
SH004638,W01,ST12,CR03,"September 10, 2024","September 11, 2024",2024-09-11,123.3,6640.23,On-time
SH004639,W01,ST12,CR04,13/09/2024,"September 14, 2024",17/09/2024,123.3,5870.05,Delayed
SH004640,W01,ST12,CR02,"September 17, 2024",18/09/2024,18/09/2024,76.6,5730.74,On-time
SH004641,W01,ST12,CR05,"September 21, 2024",2024-09-22,2024-09-22,123.3,4277.02,On-time
SH004642,W01,ST12,CR03,2024-09-25,"September 26, 2024",2024-09-26,123.3,7316.82,On-time
SH004643,W01,ST12,CR02,"September 30, 2024",2024-10-01,01/10/2024,76.6,5226.67,Lost
SH004644,W01,ST12,CR02,2024-10-03,2024-10-04,04/10/2024,123.3,4637.73,On-time
SH004645,W01,ST12,CR01,2024-10-09,"October 10, 2024",2024-10-10,123.3,6943.87,On-time
SH004646,W02,ST12,CR03,2024-10-12,2024-10-14,14/10/2024,161.0,8086.43,On-time
SH004647,W01,ST12,CR05,2024-10-17,18/10/2024,"October 18, 2024",123.3,4939.99,On-time
SH004648,W01,ST12,CR02,22/10/2024,"October 23, 2024",23/10/2024,123.3,4491.46,On-time
SH004649,W01,ST12,CR05,"October 26, 2024",27/10/2024,2024-10-27,123.3,6206.7,On-time
SH004650,W01,ST12,CR05,"October 31, 2024",01/11/2024,"November 1, 2024",123.3,,On-time
SH004651,W01,ST12,CR01,2024-11-03,"November 4, 2024",2024-11-04,123.3,4869.1,On-time
SH004652,W01,ST12,CR01,2024-11-09,"November 10, 2024",2024-11-10,123.3,5504.28,On-time
SH004653,W01,ST12,CR02,"November 14, 2024",2024-11-15,15/11/2024,123.3,6645.96,On-time
SH004654,W01,ST12,CR02,"November 19, 2024",2024-11-20,2024-11-20,76.6,6700.47,On-time
SH004655,W01,ST12,CR01,"November 23, 2024",24/11/2024,24/11/2024,123.3,5079.25,On-time
SH004656,W01,ST12,CR02,2024-11-28,2024-11-29,2024-12-01,123.3,6511.79,Delayed
SH004657,W01,ST12,CR02,2024-12-02,03/12/2024,03/12/2024,123.3,7046.99,On-time
SH004658,W01,ST12,CR01,"December 7, 2024",2024-12-08,"December 8, 2024",76.6,,On-time
SH004659,W01,ST12,CR02,12/12/2024,13/12/2024,2024-12-13,123.3,7855.18,On-time
SH004660,W01,ST12,CR01,15/12/2024,16/12/2024,17/12/2024,76.6,7341.07,Delayed
SH004661,W01,ST12,CR03,"December 21, 2024",2024-12-22,22/12/2024,76.6,6364.21,On-time
SH004662,W01,ST12,CR05,"December 24, 2024",2024-12-25,2024-12-25,123.3,5644.64,On-time
SH004663,W01,ST99,CR02,2024-12-29,30/12/2024,"December 30, 2024",123.3,5716.91,On-time
SH004664,W01,ST12,CR02,03/01/2025,"January 4, 2025",04/01/2025,123.3,7615.66,On-time
SH004665,W01,ST12,CR01,07/01/2025,08/01/2025,08/01/2025,123.3,6742.77,On-time
SH004666,W01,ST12,CR01,2025-01-10,11/01/2025,2025-01-11,123.3,5400.84,On-time
SH004667,W01,ST12,CR01,15/01/2025,16/01/2025,16/01/2025,123.3,6261.1,On-time
SH004668,W01,ST12,CR01,2025-01-20,"January 21, 2025",25/01/2025,123.3,5115.66,Delayed
SH004669,W01,ST12,CR02,24/01/2025,"January 25, 2025","January 25, 2025",123.3,5616.4,On-time
SH004670,W01,ST12,CR05,"January 29, 2025",2025-01-30,2025-01-30,123.3,4587.96,On-time
SH004671,W01,ST12,CR03,2025-02-04,"February 5, 2025",05/02/2025,76.6,5896.22,On-time
SH004672,W01,ST12,CR01,"February 9, 2025","February 10, 2025",2025-02-10,123.3,5236.82,On-time
SH004673,W01,ST12,CR02,2025-02-12,"February 13, 2025",13/02/2025,123.3,6591.86,On-time
SH004674,W01,ST12,CR05,18/02/2025,"February 19, 2025","February 19, 2025",123.3,5941.41,On-time
SH004675,W01,ST12,CR05,24/02/2025,2025-02-25,25/02/2025,123.3,5829.98,On-time
SH004676,W01,ST12,CR05,2025-03-01,"March 2, 2025",2025-03-02,123.3,7181.24,On-time
SH004677,W01,ST12,CR04,2025-03-05,06/03/2025,06/03/2025,123.3,7428.85,On-time
SH004678,W03,ST12,CR03,2025-03-11,2025-03-13,13/03/2025,270.1,12818.96,On-time
SH004679,W01,ST12,CR02,"March 15, 2025","March 16, 2025",2025-03-16,123.3,6709.37,On-time
SH004680,W03,ST12,CR02,2025-03-21,"March 23, 2025","March 23, 2025",270.1,15020.69,On-time
SH004681,W01,ST12,CR05,2025-03-26,"March 27, 2025",2025-03-27,123.3,,On-time
SH004682,W01,ST12,CR05,"March 29, 2025",30/03/2025,"April 3, 2025",123.3,5518.02,Delayed
SH004683,W03,ST12,CR04,04/04/2025,"April 6, 2025",2025-04-08,270.1,13530.78,Delayed
SH004684,W01,ST12,CR03,10/04/2025,2025-04-11,2025-04-11,123.3,5007.52,On-time
SH004685,W01,ST12,CR01,2025-04-16,17/04/2025,"April 17, 2025",123.3,4913.08,On-time
SH004686,W03,ST12,CR03,21/04/2025,"April 23, 2025",2025-04-23,270.1,11593.92,On-time
SH004687,W01,ST12,CR05,2025-04-27,28/04/2025,2025-04-28,76.6,6161.69,On-time
SH004688,W01,ST12,CR05,"May 2, 2025","May 3, 2025",2025-05-03,123.3,4210.07,On-time
SH004689,W03,ST12,CR03,05/05/2025,07/05/2025,08/05/2025,167.9,10651.44,Delayed
SH004690,W01,ST12,CR05,"May 9, 2025","May 10, 2025","May 10, 2025",123.3,6316.54,On-time
SH004691,W03,ST12,CR03,2025-05-12,2025-05-14,2025-05-18,270.1,12793.26,Delayed
SH004692,W01,ST12,CR05,"May 18, 2025","May 19, 2025",2025-05-19,123.3,5960.69,On-time
SH004693,W01,ST12,CR03,2025-05-23,24/05/2025,24/05/2025,123.3,6537.88,Damaged
SH004694,W01,ST12,CR03,2025-05-27,2025-05-28,2025-05-28,123.3,6593.28,On-time
SH004695,W01,ST12,CR01,31/05/2025,2025-06-01,2025-06-01,123.3,6378.62,On-time
SH004696,W01,ST12,CR01,2025-06-04,2025-06-05,05/06/2025,123.3,5670.7,On-time
SH004697,W01,ST12,CR03,08/06/2025,09/06/2025,"June 9, 2025",76.6,6408.3,On-time
SH004698,W01,ST12,CR03,13/06/2025,14/06/2025,14/06/2025,123.3,7257.03,On-time
SH004699,W01,ST12,CR01,"June 18, 2025",19/06/2025,"June 20, 2025",123.3,7725.98,Delayed
SH004700,W01,ST12,CR05,22/06/2025,23/06/2025,"June 23, 2025",76.6,7361.53,On-time
SH004701,W01,ST12,CR05,2025-06-26,"June 27, 2025",27/06/2025,123.3,5803.83,On-time
SH004702,W01,ST12,CR02,2025-06-30,"July 1, 2025",2025-07-03,123.3,7978.89,Delayed
SH004703,W01,ST12,CR04,2025-07-06,"July 7, 2025",2025-07-08,123.3,6432.68,Delayed
SH004704,W01,ST12,CR05,2025-07-11,"July 12, 2025",2025-07-12,123.3,5891.44,On-time
SH004705,W03,ST12,CR02,17/07/2025,"July 19, 2025",20/07/2025,270.1,,Delayed
SH004706,W01,ST12,CR02,"July 23, 2025",2025-07-24,2025-07-27,76.6,6782.91,Delayed
SH004707,W01,ST12,CR03,"July 28, 2025",29/07/2025,"July 29, 2025",123.3,4434.07,On-time
SH004708,W01,ST12,CR03,"August 1, 2025","August 2, 2025",2025-08-02,123.3,6146.89,On-time
SH004709,W01,ST12,CR01,04/08/2025,2025-08-05,05/08/2025,123.3,5736.65,On-time
SH004710,W01,ST12,CR01,08/08/2025,"August 9, 2025",09/08/2025,123.3,6319.48,Damaged
SH004711,W01,ST12,CR03,13/08/2025,14/08/2025,14/08/2025,123.3,7798.67,On-time
SH004712,W01,ST12,CR05,"August 18, 2025",19/08/2025,19/08/2025,123.3,5841.92,On-time
SH004713,W01,ST12,CR02,"August 24, 2025",25/08/2025,"August 28, 2025",123.3,4740.95,Delayed
SH004714,W01,ST12,CR01,2025-08-30,"August 31, 2025","September 2, 2025",76.6,4757.35,Delayed
SH004715,W01,ST12,CR04,05/09/2025,"September 6, 2025","September 10, 2025",123.3,5929.81,Delayed
SH004716,W01,ST12,CR05,11/09/2025,2025-09-12,12/09/2025,123.3,5757.15,On-time
SH004717,W01,ST12,CR04,"September 14, 2025",2025-09-15,19/09/2025,123.3,6062.49,Delayed
SH004718,W01,ST12,CR03,"September 18, 2025",2025-09-19,19/09/2025,123.3,,On-time
SH004719,W01,ST12,CR03,"September 23, 2025",2025-09-24,2025-09-24,76.6,7632.0,On-time
SH004720,W01,ST12,CR05,"September 26, 2025","September 27, 2025",2025-09-27,123.3,5553.09,Damaged
SH004721,W01,ST12,CR03,2025-10-01,"October 2, 2025",2025-10-06,123.3,5721.2,Delayed
SH004722,W01,ST12,CR03,2025-10-05,06/10/2025,06/10/2025,123.3,5423.89,On-time
SH004723,W01,ST12,CR04,"October 8, 2025","October 9, 2025","October 9, 2025",123.3,4540.22,On-time
SH004724,W01,ST12,CR03,2025-10-13,"October 14, 2025",2025-10-14,123.3,5466.06,On-time
SH004725,W01,ST12,CR03,"October 18, 2025","October 19, 2025",19/10/2025,123.3,6242.61,On-time
SH004726,W01,ST12,CR01,24/10/2025,2025-10-25,2025-10-25,76.6,6759.4,On-time
SH004727,W01,ST12,CR01,2025-10-30,"October 31, 2025","November 3, 2025",123.3,6119.82,Delayed
SH004728,W01,ST12,CR02,2025-11-03,2025-11-04,2025-11-04,123.3,6964.0,On-time
SH004729,W01,ST12,CR05,09/11/2025,10/11/2025,"November 10, 2025",123.3,4874.87,On-time
SH004730,W01,ST12,CR01,2025-11-13,"November 14, 2025",14/11/2025,123.3,7451.85,On-time
SH004731,W01,ST12,CR05,2025-11-16,2025-11-17,"November 17, 2025",123.3,6459.89,On-time
SH004732,W01,ST12,CR02,"November 21, 2025","November 22, 2025",22/11/2025,123.3,5573.89,On-time
SH004733,W01,ST12,CR03,25/11/2025,"November 26, 2025",2025-11-26,123.3,7555.5,On-time
SH004734,W01,ST12,CR05,2025-11-29,30/11/2025,"December 3, 2025",123.3,4762.85,Delayed
SH004735,W02,ST12,CR03,"December 4, 2025",2025-12-06,2025-12-10,161.0,9297.61,Delayed
SH004736,W01,ST12,CR03,"December 7, 2025",2025-12-08,"December 11, 2025",123.3,5018.66,Damaged
SH004737,W01,ST12,CR05,10/12/2025,11/12/2025,11/12/2025,123.3,4296.67,On-time
SH004738,W01,ST12,CR02,15/12/2025,"December 16, 2025",2025-12-16,123.3,4820.52,On-time
SH004739,W01,ST12,CR03,19/12/2025,2025-12-20,2025-12-20,76.6,5699.02,On-time
SH004740,W03,ST12,CR04,2025-12-24,2025-12-26,"December 26, 2025",270.1,11988.52,On-time
SH004741,W03,ST12,CR03,2025-12-27,2025-12-29,,270.1,12870.71,In-Transit
SH004742,W01,ST12,CR02,31/12/2025,"January 1, 2026",,123.3,5032.31,In-Transit
SH004743,W02,ST13,CR04,2024-01-01,03/01/2024,2024-01-03,175.3,11060.54,On-time
SH004744,W02,ST13,CR04,02/01/2024,04/01/2024,2024-01-04,282.1,12994.78,On-time
SH004745,W02,ST13,CR02,05/01/2024,"January 7, 2024",2024-01-09,282.1,12743.81,Delayed
SH004746,W02,ST13,CR01,2024-01-07,"January 9, 2024",2024-01-09,282.1,12168.86,On-time
SH004747,W02,ST13,CR01,2024-01-09,2024-01-11,2024-01-11,282.1,12630.66,On-time
SH004748,W02,ST13,CR04,"January 11, 2024",13/01/2024,"January 13, 2024",282.1,13356.23,On-time
SH004749,W02,ST13,CR03,2024-01-14,"January 16, 2024","January 18, 2024",282.1,,Delayed
SH004750,W02,ST13,CR02,"January 17, 2024",19/01/2024,2024-01-19,282.1,14677.25,On-time
SH004751,W02,ST13,CR04,2024-01-18,"January 20, 2024",24/01/2024,282.1,16131.64,Delayed
SH004752,W02,ST13,CR02,"January 19, 2024","January 21, 2024",2024-01-24,282.1,12703.37,Damaged
SH004753,W02,ST13,CR01,21/01/2024,23/01/2024,2024-01-23,282.1,16400.35,On-time
SH004754,W02,ST13,CR03,23/01/2024,2024-01-25,"January 25, 2024",175.3,13200.89,On-time
SH004755,W02,ST13,CR01,"January 25, 2024",27/01/2024,"January 27, 2024",282.1,14265.33,On-time
SH004756,W02,ST13,CR04,"January 26, 2024",2024-01-28,01/02/2024,282.1,10309.04,Delayed
SH004757,W02,ST13,CR01,2024-01-27,2024-01-29,2024-01-29,282.1,14033.51,Damaged
SH004758,W02,ST13,CR01,"January 28, 2024","January 30, 2024",30/01/2024,282.1,15043.53,Damaged
SH004759,W02,ST13,CR03,30/01/2024,01/02/2024,2024-02-01,282.1,10695.14,On-time
SH004760,W02,ST13,CR01,"January 31, 2024",2024-02-02,02/02/2024,282.1,16387.01,On-time
SH004761,W03,ST13,CR02,"February 2, 2024",04/02/2024,"February 4, 2024",367.7,18989.95,On-time
SH004762,W02,ST13,CR01,"February 4, 2024","February 6, 2024",06/02/2024,282.1,12024.8,On-time
SH004763,W02,ST13,CR05,2024-02-05,2024-02-07,07/02/2024,282.1,14118.03,On-time
SH004764,W02,ST13,CR04,06/02/2024,"February 8, 2024",10/02/2024,282.1,14229.08,Delayed
SH004765,W02,ST13,CR01,2024-02-08,"February 10, 2024",10/02/2024,282.1,10838.21,On-time
SH004766,W02,ST13,CR01,2024-02-10,2024-02-12,"February 12, 2024",282.1,12455.98,On-time
SH004767,W02,ST13,CR02,11/02/2024,"February 13, 2024","February 14, 2024",282.1,15652.82,Delayed
SH004768,W02,ST13,CR05,13/02/2024,2024-02-15,15/02/2024,282.1,10813.81,On-time
SH004769,W02,ST13,CR02,2024-02-15,17/02/2024,2024-02-17,175.3,13810.79,On-time
SH004770,W02,ST13,CR02,2024-02-16,2024-02-18,21/02/2024,282.1,14073.34,Delayed
SH004771,W01,ST13,CR02,18/02/2024,20/02/2024,2024-02-23,202.2,12157.9,Delayed
SH004772,W02,ST13,CR03,"February 20, 2024","February 22, 2024",22/02/2024,282.1,,On-time
SH004773,W02,ST13,CR04,"February 21, 2024",23/02/2024,2024-02-23,175.3,13971.3,On-time
SH004774,W02,ST13,CR03,23/02/2024,25/02/2024,2024-02-25,282.1,13074.4,On-time
SH004775,W02,ST13,CR01,24/02/2024,2024-02-26,2024-02-26,282.1,14776.53,On-time
SH004776,W02,ST13,CR03,2024-02-26,28/02/2024,"February 28, 2024",282.1,15039.5,Lost
SH004777,W02,ST13,CR03,28/02/2024,01/03/2024,2024-03-01,282.1,10260.08,On-time
SH004778,W02,ST13,CR03,"March 2, 2024",04/03/2024,"March 4, 2024",282.1,,On-time
SH004779,W02,ST13,CR01,2024-03-04,06/03/2024,06/03/2024,282.1,16107.64,On-time
SH004780,W03,ST13,CR01,2024-03-06,08/03/2024,"March 8, 2024",367.7,15129.64,On-time
SH004781,W02,ST13,CR02,08/03/2024,2024-03-10,10/03/2024,175.3,11447.54,On-time
SH004782,W02,ST13,CR05,10/03/2024,"March 12, 2024",12/03/2024,282.1,13001.63,On-time
SH004783,W02,ST13,CR04,12/03/2024,14/03/2024,"March 14, 2024",282.1,11214.05,Damaged
SH004784,W02,ST13,CR02,15/03/2024,2024-03-17,2024-03-17,282.1,16538.21,On-time
SH004785,W02,ST13,CR04,"March 18, 2024",2024-03-20,2024-03-20,282.1,15653.16,On-time
SH004786,W02,ST13,CR04,"March 20, 2024","March 22, 2024",25/03/2024,282.1,11692.13,Delayed
SH004787,W02,ST13,CR02,"March 22, 2024","March 24, 2024","March 24, 2024",282.1,13402.09,On-time
SH004788,W02,ST13,CR02,"March 24, 2024",2024-03-26,"March 26, 2024",282.1,14198.68,On-time
SH004789,W02,ST13,CR04,26/03/2024,"March 28, 2024",28/03/2024,282.1,14961.6,On-time
SH004790,W02,ST13,CR05,"March 27, 2024","March 29, 2024",2024-03-29,282.1,10706.06,On-time
SH004791,W02,ST13,CR02,2024-03-28,"March 30, 2024","March 30, 2024",282.1,13333.33,On-time
SH004792,W02,ST13,CR01,"March 30, 2024","April 1, 2024","April 1, 2024",282.1,15232.94,On-time
SH004793,W02,ST13,CR01,"March 31, 2024",02/04/2024,02/04/2024,282.1,10730.35,On-time
SH004794,W02,ST13,CR05,2024-04-02,04/04/2024,"April 4, 2024",175.3,14918.25,Lost
SH004795,W01,ST13,CR05,2024-04-04,"April 6, 2024",2024-04-06,202.2,8403.22,On-time
SH004796,W02,ST13,CR02,06/04/2024,"April 8, 2024","April 8, 2024",282.1,16435.11,On-time
SH004797,W02,ST13,CR04,2024-04-08,2024-04-10,14/04/2024,282.1,15238.86,Delayed
SH004798,W02,ST13,CR05,10/04/2024,2024-04-12,2024-04-12,282.1,11418.35,On-time
SH004799,W02,ST13,CR02,2024-04-12,2024-04-14,2024-04-14,282.1,10788.95,On-time
SH004800,W02,ST13,CR02,13/04/2024,15/04/2024,"April 15, 2024",282.1,,On-time
SH004801,W02,ST13,CR03,2024-04-15,"April 17, 2024","April 17, 2024",175.3,15430.56,Damaged
SH004802,W02,ST13,CR01,17/04/2024,"April 19, 2024",19/04/2024,282.1,15653.45,On-time
SH004803,W02,ST13,CR03,"April 19, 2024",21/04/2024,2024-04-21,282.1,12286.33,On-time
SH004804,W02,ST13,CR02,"April 21, 2024",2024-04-23,"April 23, 2024",282.1,13575.08,On-time
SH004805,W02,ST13,CR01,"April 23, 2024",2024-04-25,"April 25, 2024",282.1,15825.11,On-time
SH004806,W01,ST13,CR01,2024-04-25,"April 27, 2024",2024-04-27,202.2,9795.6,On-time
SH004807,W02,ST13,CR01,"April 27, 2024",29/04/2024,2024-04-29,175.3,13642.29,On-time
SH004808,W02,ST13,CR05,"April 28, 2024","April 30, 2024",2024-04-30,282.1,15476.18,On-time
SH004809,W02,ST13,CR01,2024-04-29,01/05/2024,01/05/2024,282.1,10322.49,On-time
SH004810,W02,ST13,CR03,02/05/2024,"May 4, 2024","May 4, 2024",282.1,16762.43,On-time
SH004811,W01,ST13,CR03,2024-05-03,"May 5, 2024","May 5, 2024",202.2,10845.83,On-time
SH004812,W02,ST13,CR03,2024-05-05,2024-05-07,2024-05-07,282.1,10730.68,On-time
SH004813,W02,ST13,CR01,07/05/2024,"May 9, 2024",2024-05-09,282.1,11473.73,On-time
SH004814,W02,ST13,CR03,2024-05-09,11/05/2024,"May 11, 2024",282.1,12572.17,On-time
SH004815,W02,ST13,CR03,2024-05-12,"May 14, 2024","May 14, 2024",282.1,12219.9,On-time
SH004816,W02,ST13,CR02,13/05/2024,"May 15, 2024",2024-05-15,282.1,14402.16,On-time
SH004817,W02,ST13,CR01,"May 15, 2024",2024-05-17,"May 17, 2024",282.1,13775.23,On-time
SH004818,W02,ST13,CR03,17/05/2024,"May 19, 2024",19/05/2024,282.1,9913.85,On-time
SH004819,W03,ST13,CR01,"May 18, 2024","May 20, 2024",2024-05-24,367.7,19355.99,Delayed
SH004820,W02,ST13,CR02,2024-05-19,21/05/2024,"May 22, 2024",282.1,17127.39,Delayed
SH004821,W02,ST13,CR02,21/05/2024,23/05/2024,2024-05-24,282.1,13355.24,Delayed
SH004822,W02,ST13,CR02,23/05/2024,"May 25, 2024",26/05/2024,282.1,13212.15,Delayed
SH004823,W02,ST13,CR04,25/05/2024,27/05/2024,2024-05-27,282.1,16602.99,On-time
SH004824,W02,ST13,CR05,"May 27, 2024",29/05/2024,"May 29, 2024",175.3,14278.57,On-time
SH004825,W02,ST13,CR01,"May 28, 2024",30/05/2024,"May 30, 2024",282.1,14506.94,On-time
SH004826,W02,ST13,CR04,30/05/2024,2024-06-01,01/06/2024,282.1,14726.45,On-time
SH004827,W02,ST13,CR02,"June 1, 2024",03/06/2024,2024-06-03,282.1,11326.49,On-time
SH004828,W02,ST13,CR01,02/06/2024,04/06/2024,"June 5, 2024",282.1,10285.38,Delayed
SH004829,W01,ST13,CR02,"June 3, 2024",05/06/2024,"June 9, 2024",202.2,9000.08,Delayed
SH004830,W02,ST13,CR02,05/06/2024,07/06/2024,07/06/2024,282.1,10983.76,On-time
SH004831,W02,ST13,CR01,2024-06-07,"June 9, 2024",2024-06-09,282.1,14255.86,On-time
SH004832,W02,ST13,CR05,09/06/2024,"June 11, 2024","June 11, 2024",282.1,13863.2,On-time
SH004833,W01,ST13,CR01,2024-06-11,13/06/2024,2024-06-14,202.2,8993.83,Delayed
SH004834,W02,ST13,CR03,14/06/2024,2024-06-16,2024-06-16,282.1,15633.24,On-time
SH004835,W02,ST13,CR04,16/06/2024,2024-06-18,18/06/2024,282.1,11668.27,On-time
SH004836,W02,ST13,CR03,18/06/2024,"June 20, 2024","June 21, 2024",282.1,9890.62,Delayed
SH004837,W02,ST13,CR04,20/06/2024,22/06/2024,"June 22, 2024",282.1,,On-time
SH004838,W02,ST13,CR03,2024-06-22,"June 24, 2024",24/06/2024,282.1,12413.81,On-time
SH004839,W02,ST13,CR05,2024-06-24,"June 26, 2024","June 26, 2024",282.1,10916.9,On-time
SH004840,W02,ST13,CR04,2024-06-27,29/06/2024,"June 29, 2024",282.1,,On-time
SH004841,W01,ST13,CR02,"June 29, 2024","July 1, 2024","July 1, 2024",202.2,6974.85,On-time
SH004842,W02,ST13,CR01,30/06/2024,2024-07-02,"July 2, 2024",175.3,14306.29,On-time
SH004843,W02,ST13,CR03,01/07/2024,"July 3, 2024",04/07/2024,175.3,13321.29,Delayed
SH004844,W02,ST13,CR05,"July 4, 2024",2024-07-06,2024-07-06,282.1,13994.23,On-time
SH004845,W02,ST13,CR02,"July 7, 2024","July 9, 2024",2024-07-09,282.1,15888.38,On-time
SH004846,W02,ST13,CR02,09/07/2024,"July 11, 2024",12/07/2024,282.1,13278.95,Delayed
SH004847,W02,ST13,CR02,11/07/2024,13/07/2024,13/07/2024,282.1,11095.43,On-time
SH004848,W02,ST13,CR04,12/07/2024,"July 14, 2024",18/07/2024,175.3,16791.61,Lost
SH004849,W02,ST13,CR02,2024-07-13,"July 15, 2024","July 15, 2024",282.1,11998.01,On-time
SH004850,W02,ST13,CR01,16/07/2024,18/07/2024,18/07/2024,175.3,15073.74,On-time
SH004851,W02,ST13,CR03,"July 18, 2024",20/07/2024,24/07/2024,282.1,14587.64,Delayed
SH004852,W02,ST13,CR05,"July 20, 2024",22/07/2024,2024-07-25,282.1,11576.23,Delayed
SH004853,W02,ST13,CR02,"July 22, 2024",24/07/2024,25/07/2024,282.1,15893.98,Delayed
SH004854,W02,ST13,CR02,2024-07-24,"July 26, 2024",2024-07-26,282.1,14333.48,On-time
SH004855,W02,ST13,CR03,"July 26, 2024","July 28, 2024",2024-07-28,282.1,13809.39,On-time
SH004856,W02,ST13,CR05,2024-07-28,"July 30, 2024",2024-07-30,282.1,10840.61,On-time
SH004857,W02,ST13,CR01,"July 29, 2024",2024-07-31,31/07/2024,282.1,11976.54,On-time
SH004858,W02,ST13,CR05,30/07/2024,2024-08-01,"August 1, 2024",282.1,11803.92,On-time
SH004859,W02,ST13,CR05,01/08/2024,03/08/2024,2024-08-03,282.1,12456.9,On-time
SH004860,W02,ST13,CR02,03/08/2024,"August 5, 2024",2024-08-05,282.1,9741.43,On-time
SH004861,W03,ST13,CR02,"August 5, 2024",2024-08-07,10/08/2024,367.7,16606.73,Delayed
SH004862,W02,ST13,CR01,07/08/2024,"August 9, 2024","August 9, 2024",282.1,12083.38,On-time
SH004863,W02,ST13,CR03,09/08/2024,11/08/2024,2024-08-11,282.1,13592.09,On-time
SH004864,W02,ST13,CR02,10/08/2024,"August 12, 2024",2024-08-12,282.1,15430.64,On-time
SH004865,W02,ST13,CR04,"August 12, 2024",14/08/2024,2024-08-14,282.1,15482.21,On-time
SH004866,W02,ST13,CR04,"August 13, 2024",2024-08-15,18/08/2024,282.1,,Delayed
SH004867,W02,ST13,CR03,2024-08-14,16/08/2024,2024-08-16,282.1,16228.1,On-time
SH004868,W02,ST13,CR03,16/08/2024,"August 18, 2024","August 18, 2024",282.1,12351.28,On-time
SH004869,W02,ST13,CR02,2024-08-18,20/08/2024,2024-08-20,282.1,15602.95,On-time
SH004870,W02,ST13,CR02,2024-08-20,2024-08-22,22/08/2024,282.1,14430.76,On-time
SH004871,W02,ST13,CR04,"August 22, 2024","August 24, 2024","August 24, 2024",282.1,14821.71,On-time
SH004872,W02,ST13,CR02,"August 24, 2024",26/08/2024,"August 26, 2024",282.1,14512.6,On-time
SH004873,W02,ST13,CR05,2024-08-25,2024-08-27,"August 27, 2024",282.1,15118.25,On-time
SH004874,W02,ST13,CR03,27/08/2024,"August 29, 2024",2024-08-29,282.1,12202.04,On-time
SH004875,W02,ST13,CR01,2024-08-28,30/08/2024,30/08/2024,282.1,15030.54,On-time
SH004876,W02,ST13,CR05,2024-08-30,"September 1, 2024",2024-09-01,282.1,12796.62,On-time
SH004877,W02,ST13,CR01,"September 1, 2024",2024-09-03,03/09/2024,282.1,15891.78,On-time
SH004878,W02,ST13,CR01,2024-09-03,05/09/2024,2024-09-05,282.1,14569.27,On-time
SH004879,W02,ST13,CR01,04/09/2024,"September 6, 2024","September 6, 2024",282.1,14179.16,On-time
SH004880,W02,ST13,CR03,"September 5, 2024","September 7, 2024",2024-09-07,282.1,10458.17,On-time
SH004881,W02,ST13,CR01,06/09/2024,2024-09-08,"September 9, 2024",282.1,15086.16,Delayed
SH004882,W02,ST13,CR04,2024-09-08,10/09/2024,2024-09-10,282.1,,On-time
SH004883,W02,ST13,CR02,09/09/2024,2024-09-11,2024-09-15,282.1,,Delayed
SH004884,W02,ST13,CR02,2024-09-11,13/09/2024,2024-09-13,175.3,13774.81,On-time
SH004885,W02,ST13,CR03,"September 12, 2024",14/09/2024,2024-09-17,282.1,11907.35,Delayed
SH004886,W02,ST13,CR03,2024-09-15,17/09/2024,"September 17, 2024",282.1,11483.04,On-time
SH004887,W02,ST13,CR04,17/09/2024,2024-09-19,"September 21, 2024",175.3,17460.04,Delayed
SH004888,W02,ST13,CR05,"September 18, 2024","September 20, 2024","September 20, 2024",282.1,15491.11,On-time
SH004889,W02,ST13,CR03,2024-09-20,"September 22, 2024",2024-09-22,282.1,17177.02,On-time
SH004890,W02,ST13,CR03,23/09/2024,25/09/2024,"September 25, 2024",282.1,11681.65,On-time
SH004891,W03,ST13,CR05,2024-09-25,"September 27, 2024",2024-09-27,367.7,17292.58,On-time
SH004892,W02,ST13,CR04,"September 27, 2024",2024-09-29,"September 29, 2024",282.1,12135.28,On-time
SH004893,W02,ST13,CR02,"September 28, 2024","September 30, 2024",2024-09-30,282.1,11665.37,On-time
SH004894,W02,ST13,CR03,30/09/2024,2024-10-02,2024-10-02,282.1,12551.96,On-time
SH004895,W02,ST13,CR04,02/10/2024,04/10/2024,"October 4, 2024",282.1,15602.43,On-time
SH004896,W02,ST13,CR01,2024-10-03,2024-10-05,"October 5, 2024",282.1,12995.91,On-time
SH004897,W02,ST13,CR02,2024-10-05,2024-10-07,07/10/2024,282.1,10778.15,On-time
SH004898,W02,ST13,CR03,2024-10-07,2024-10-09,2024-10-09,282.1,14376.92,On-time
SH004899,W02,ST13,CR05,"October 9, 2024","October 11, 2024",2024-10-11,282.1,13305.95,On-time
SH004900,W02,ST13,CR03,"October 11, 2024",13/10/2024,2024-10-13,282.1,14088.54,On-time
SH004901,W02,ST13,CR04,"October 13, 2024",2024-10-15,2024-10-17,282.1,10986.55,Delayed
SH004902,W02,ST13,CR04,15/10/2024,"October 17, 2024","October 18, 2024",175.3,13568.09,Delayed
SH004903,W02,ST13,CR02,"October 16, 2024","October 18, 2024",2024-10-18,282.1,11244.84,On-time
SH004904,W02,ST13,CR03,2024-10-17,2024-10-19,2024-10-19,282.1,13912.98,On-time
SH004905,W02,ST13,CR02,2024-10-20,22/10/2024,"October 24, 2024",175.3,14163.91,Delayed
SH004906,W02,ST13,CR05,2024-10-22,2024-10-24,2024-10-24,282.1,10251.52,On-time
SH004907,W02,ST13,CR05,"October 24, 2024",2024-10-26,2024-10-26,282.1,17634.92,On-time
SH004908,W02,ST13,CR01,"October 26, 2024","October 28, 2024",2024-10-28,282.1,13079.04,On-time
SH004909,W02,ST13,CR04,"October 29, 2024",31/10/2024,"October 31, 2024",282.1,17724.53,On-time
SH004910,W02,ST13,CR02,2024-10-31,2024-11-02,06/11/2024,175.3,10241.65,Delayed
SH004911,W03,ST13,CR03,"November 1, 2024","November 3, 2024",03/11/2024,367.7,17259.36,On-time
SH004912,W02,ST13,CR01,03/11/2024,05/11/2024,2024-11-09,282.1,14273.5,Delayed
SH004913,W02,ST13,CR03,"November 5, 2024",07/11/2024,"November 7, 2024",282.1,14243.33,On-time
SH004914,W02,ST13,CR05,2024-11-06,08/11/2024,08/11/2024,282.1,14449.75,On-time
SH004915,W02,ST13,CR01,"November 9, 2024",2024-11-11,"November 11, 2024",282.1,11173.91,On-time
SH004916,W02,ST13,CR01,11/11/2024,13/11/2024,"November 13, 2024",282.1,11500.97,On-time
SH004917,W02,ST13,CR02,2024-11-13,"November 15, 2024","November 15, 2024",282.1,10776.12,On-time
SH004918,W02,ST13,CR01,15/11/2024,"November 17, 2024","November 17, 2024",282.1,14755.26,On-time
SH004919,W02,ST13,CR03,17/11/2024,19/11/2024,19/11/2024,282.1,15817.02,On-time
SH004920,W02,ST13,CR04,"November 18, 2024",20/11/2024,2024-11-20,282.1,11448.13,On-time
SH004921,W02,ST13,CR04,"November 20, 2024",22/11/2024,22/11/2024,282.1,17637.56,On-time
SH004922,W02,ST13,CR05,"November 22, 2024",24/11/2024,"November 24, 2024",282.1,13249.15,On-time
SH004923,W02,ST13,CR04,23/11/2024,"November 25, 2024",27/11/2024,282.1,13316.9,Delayed
SH004924,W02,ST13,CR04,25/11/2024,"November 27, 2024",2024-11-27,282.1,10458.25,Damaged
SH004925,W02,ST13,CR02,26/11/2024,"November 28, 2024","November 28, 2024",282.1,16505.69,On-time
SH004926,W02,ST13,CR03,2024-11-28,2024-11-30,"November 30, 2024",282.1,13993.37,On-time
SH004927,W02,ST13,CR05,"December 1, 2024","December 3, 2024","December 3, 2024",282.1,17751.1,Damaged
SH004928,W02,ST13,CR02,02/12/2024,"December 4, 2024",04/12/2024,282.1,12912.99,On-time
SH004929,W02,ST13,CR05,"December 3, 2024",2024-12-05,"December 5, 2024",175.3,13684.98,On-time
SH004930,W02,ST13,CR04,05/12/2024,07/12/2024,"December 7, 2024",282.1,11910.61,On-time
SH004931,W02,ST13,CR01,07/12/2024,2024-12-09,09/12/2024,282.1,13012.86,On-time
SH004932,W02,ST13,CR05,2024-12-09,2024-12-11,11/12/2024,282.1,14624.27,On-time
SH004933,W02,ST13,CR03,11/12/2024,"December 13, 2024",13/12/2024,282.1,13872.76,On-time
SH004934,W02,ST13,CR03,2024-12-13,15/12/2024,"December 15, 2024",282.1,12531.25,On-time
SH004935,W02,ST13,CR01,"December 15, 2024",17/12/2024,"December 17, 2024",282.1,12325.19,On-time
SH004936,W02,ST13,CR05,2024-12-18,"December 20, 2024","December 20, 2024",175.3,11082.71,On-time
SH004937,W02,ST13,CR03,21/12/2024,"December 23, 2024","December 23, 2024",282.1,15202.74,On-time
SH004938,W02,ST13,CR02,23/12/2024,"December 25, 2024",25/12/2024,282.1,14379.25,On-time
SH004939,W02,ST13,CR05,24/12/2024,"December 26, 2024",2024-12-26,282.1,14772.7,On-time
SH004940,W02,ST13,CR05,"December 27, 2024","December 29, 2024",29/12/2024,175.3,11752.41,On-time
SH004941,W02,ST13,CR03,2024-12-28,30/12/2024,2024-12-30,282.1,14991.94,On-time
SH004942,W02,ST13,CR05,2024-12-30,2025-01-01,04/01/2025,282.1,13420.55,Delayed
SH004943,W02,ST13,CR05,"January 1, 2025",2025-01-03,"January 3, 2025",282.1,12243.39,Damaged
SH004944,W02,ST13,CR04,04/01/2025,"January 6, 2025","January 6, 2025",282.1,13259.89,On-time
SH004945,W02,ST13,CR01,2025-01-06,08/01/2025,2025-01-08,282.1,15997.09,On-time
SH004946,W02,ST13,CR02,"January 7, 2025",2025-01-09,"January 9, 2025",282.1,12237.31,On-time
SH004947,W02,ST13,CR05,2025-01-09,2025-01-11,"January 11, 2025",282.1,13306.85,On-time
SH004948,W02,ST13,CR01,2025-01-11,"January 13, 2025",2025-01-13,282.1,17090.35,On-time
SH004949,W02,ST13,CR03,13/01/2025,"January 15, 2025","January 15, 2025",282.1,13887.18,On-time
SH004950,W02,ST13,CR02,"January 15, 2025",2025-01-17,2025-01-17,282.1,12696.0,On-time
SH004951,W03,ST13,CR01,17/01/2025,19/01/2025,2025-01-19,367.7,21937.99,On-time
SH004952,W02,ST13,CR05,2025-01-19,21/01/2025,"January 21, 2025",175.3,13523.31,On-time
SH004953,W02,ST13,CR05,"January 20, 2025",22/01/2025,2025-01-22,282.1,16020.92,On-time
SH004954,W02,ST13,CR03,2025-01-22,24/01/2025,2025-01-24,175.3,17228.91,On-time
SH004955,W02,ST13,CR04,2025-01-23,25/01/2025,2025-01-26,282.1,13965.71,Delayed
SH004956,W03,ST13,CR03,"January 25, 2025",27/01/2025,2025-01-28,367.7,19768.54,Delayed
SH004957,W02,ST13,CR02,27/01/2025,"January 29, 2025",2025-01-29,282.1,15871.43,On-time
SH004958,W03,ST13,CR01,2025-01-29,"January 31, 2025",01/02/2025,367.7,19302.86,Lost
SH004959,W02,ST13,CR03,31/01/2025,02/02/2025,2025-02-02,282.1,13018.79,On-time
SH004960,W02,ST13,CR02,01/02/2025,"February 3, 2025",03/02/2025,282.1,16444.63,On-time
SH004961,W02,ST13,CR01,03/02/2025,"February 5, 2025",05/02/2025,282.1,16579.81,On-time
SH004962,W02,ST13,CR02,"February 5, 2025","February 7, 2025","February 7, 2025",282.1,11082.14,On-time
SH004963,W02,ST13,CR04,"February 7, 2025","February 9, 2025",09/02/2025,282.1,11306.45,On-time
SH004964,W02,ST13,CR02,08/02/2025,"February 10, 2025",10/02/2025,175.3,10860.63,On-time
SH004965,W02,ST13,CR03,"February 10, 2025","February 12, 2025","February 12, 2025",282.1,14086.93,On-time
SH004966,W02,ST13,CR03,12/02/2025,14/02/2025,2025-02-14,282.1,10194.38,On-time
SH004967,W02,ST13,CR01,14/02/2025,2025-02-16,2025-02-16,282.1,15065.74,On-time
SH004968,W03,ST13,CR01,16/02/2025,18/02/2025,2025-02-18,367.7,16756.18,On-time
SH004969,W02,ST13,CR04,2025-02-17,2025-02-19,2025-02-19,282.1,13763.65,On-time
SH004970,W02,ST13,CR03,19/02/2025,"February 21, 2025",21/02/2025,282.1,11169.49,On-time
SH004971,W02,ST13,CR05,21/02/2025,2025-02-23,2025-02-23,282.1,12856.68,On-time
SH004972,W02,ST13,CR03,"February 22, 2025","February 24, 2025","February 24, 2025",282.1,12590.82,On-time
SH004973,W02,ST13,CR02,2025-02-24,"February 26, 2025",2025-02-26,282.1,15952.05,On-time
SH004974,W02,ST13,CR02,"February 27, 2025",01/03/2025,2025-03-03,282.1,12739.1,Damaged
SH004975,W02,ST13,CR05,2025-03-01,"March 3, 2025","March 3, 2025",282.1,14078.89,On-time
SH004976,W03,ST13,CR03,"March 3, 2025",05/03/2025,2025-03-06,228.5,16904.27,Delayed
SH004977,W02,ST13,CR01,"March 4, 2025","March 6, 2025",06/03/2025,282.1,12038.3,On-time
SH004978,W02,ST13,CR02,05/03/2025,07/03/2025,"March 11, 2025",282.1,13447.02,Delayed
SH004979,W02,ST13,CR01,07/03/2025,"March 9, 2025",10/03/2025,282.1,13979.67,Delayed
SH004980,W01,ST13,CR03,2025-03-09,11/03/2025,2025-03-14,202.2,9555.26,Delayed
SH004981,W02,ST13,CR03,"March 11, 2025",13/03/2025,"March 16, 2025",282.1,10146.12,Delayed
SH004982,W02,ST13,CR05,13/03/2025,2025-03-15,2025-03-15,282.1,15094.95,On-time
SH004983,W02,ST13,CR01,"March 15, 2025","March 17, 2025",17/03/2025,282.1,12545.2,On-time
SH004984,W02,ST13,CR01,17/03/2025,19/03/2025,"March 19, 2025",282.1,12061.68,On-time
SH004985,W01,ST13,CR04,19/03/2025,21/03/2025,2025-03-22,202.2,9652.43,Damaged
SH004986,W02,ST13,CR02,2025-03-21,"March 23, 2025","March 23, 2025",282.1,13942.94,On-time
SH004987,W02,ST13,CR01,2025-03-23,25/03/2025,2025-03-25,175.3,15539.14,On-time
SH004988,W02,ST13,CR01,"March 25, 2025",2025-03-27,2025-03-27,175.3,11093.01,On-time
SH004989,W02,ST13,CR01,2025-03-27,"March 29, 2025",2025-03-29,282.1,13039.6,On-time
SH004990,W02,ST13,CR05,29/03/2025,31/03/2025,2025-03-31,282.1,11118.9,On-time
SH004991,W02,ST13,CR01,30/03/2025,2025-04-01,"April 1, 2025",282.1,12187.51,Damaged
SH004992,W02,ST13,CR02,"March 31, 2025",2025-04-02,2025-04-02,282.1,10715.73,On-time
SH004993,W02,ST13,CR02,02/04/2025,"April 4, 2025",04/04/2025,282.1,14956.24,Damaged
SH004994,W02,ST13,CR01,04/04/2025,06/04/2025,"April 10, 2025",282.1,,Delayed
SH004995,W02,ST13,CR02,06/04/2025,"April 8, 2025",2025-04-08,282.1,14142.61,On-time
SH004996,W02,ST13,CR04,2025-04-09,11/04/2025,11/04/2025,282.1,,On-time
SH004997,W02,ST13,CR03,"April 11, 2025","April 13, 2025",17/04/2025,282.1,13089.21,Delayed
SH004998,W02,ST13,CR01,13/04/2025,15/04/2025,15/04/2025,282.1,13236.88,On-time
SH004999,W02,ST13,CR03,14/04/2025,16/04/2025,17/04/2025,282.1,12619.6,Delayed
SH005000,W02,ST13,CR02,2025-04-16,18/04/2025,22/04/2025,282.1,13079.1,Delayed
SH005001,W02,ST13,CR05,"April 18, 2025",20/04/2025,"April 20, 2025",175.3,12878.0,On-time
SH005002,W02,ST13,CR01,2025-04-20,2025-04-22,2025-04-22,175.3,12612.48,On-time
SH005003,W02,ST13,CR03,23/04/2025,"April 25, 2025",25/04/2025,282.1,15970.01,On-time
SH005004,W02,ST13,CR02,25/04/2025,"April 27, 2025","April 27, 2025",282.1,11145.6,On-time
SH005005,W02,ST13,CR02,2025-04-27,2025-04-29,"April 29, 2025",282.1,15193.12,On-time
SH005006,W03,ST13,CR02,29/04/2025,"May 1, 2025","May 1, 2025",367.7,18064.48,On-time
SH005007,W02,ST13,CR04,30/04/2025,2025-05-02,2025-05-02,282.1,11392.07,On-time
SH005008,W02,ST13,CR05,"May 2, 2025",04/05/2025,2025-05-04,282.1,12284.38,On-time
SH005009,W02,ST13,CR02,05/05/2025,2025-05-07,07/05/2025,282.1,14371.76,On-time
SH005010,W02,ST13,CR01,07/05/2025,"May 9, 2025","May 9, 2025",282.1,15073.89,On-time
SH005011,W02,ST13,CR02,2025-05-09,"May 11, 2025",11/05/2025,282.1,16034.77,On-time
SH005012,W02,ST13,CR05,10/05/2025,2025-05-12,2025-05-12,282.1,12397.38,On-time
SH005013,W02,ST13,CR05,"May 12, 2025","May 14, 2025",14/05/2025,282.1,11422.66,On-time
SH005014,W02,ST13,CR01,2025-05-14,2025-05-16,2025-05-20,282.1,14930.49,Delayed
SH005015,W02,ST13,CR02,2025-05-17,"May 19, 2025","May 19, 2025",282.1,15802.14,On-time
SH005016,W02,ST13,CR01,"May 19, 2025",2025-05-21,2025-05-21,282.1,11060.85,On-time
SH005017,W02,ST13,CR01,2025-05-21,23/05/2025,2025-05-23,282.1,12093.82,On-time
SH005018,W02,ST13,CR03,2025-05-23,25/05/2025,2025-05-27,175.3,,Delayed
SH005019,W02,ST13,CR05,2025-05-24,26/05/2025,"May 26, 2025",282.1,14231.65,On-time
SH005020,W02,ST13,CR01,2025-05-26,2025-05-28,2025-05-28,282.1,14057.84,On-time
SH005021,W02,ST13,CR04,29/05/2025,31/05/2025,"June 1, 2025",282.1,14377.97,Delayed
SH005022,W02,ST13,CR02,"May 30, 2025",01/06/2025,"June 1, 2025",282.1,12773.35,On-time
SH005023,W02,ST13,CR02,"June 1, 2025",03/06/2025,2025-06-03,175.3,,Damaged
SH005024,W02,ST13,CR02,"June 2, 2025",04/06/2025,2025-06-08,282.1,14090.22,Delayed
SH005025,W02,ST13,CR02,"June 5, 2025",07/06/2025,08/06/2025,282.1,16095.3,Delayed
SH005026,W02,ST13,CR05,07/06/2025,2025-06-09,2025-06-09,282.1,12020.54,On-time
SH005027,W02,ST13,CR01,"June 9, 2025","June 11, 2025",14/06/2025,282.1,14839.34,Delayed
SH005028,W02,ST13,CR01,11/06/2025,2025-06-13,2025-06-13,175.3,14135.91,On-time
SH005029,W02,ST13,CR03,"June 13, 2025","June 15, 2025","June 15, 2025",282.1,12297.91,On-time
SH005030,W02,ST13,CR03,16/06/2025,18/06/2025,21/06/2025,175.3,13554.9,Delayed
SH005031,W02,ST13,CR02,17/06/2025,"June 19, 2025",2025-06-23,175.3,12524.44,Delayed
SH005032,W02,ST13,CR05,"June 18, 2025",20/06/2025,20/06/2025,282.1,14218.55,On-time
SH005033,W02,ST13,CR04,2025-06-20,2025-06-22,"June 25, 2025",282.1,16178.95,Delayed
SH005034,W02,ST13,CR05,22/06/2025,2025-06-24,2025-06-24,282.1,10005.89,On-time
SH005035,W01,ST13,CR02,"June 25, 2025",27/06/2025,"June 27, 2025",202.2,8476.31,On-time
SH005036,W01,ST13,CR04,"June 27, 2025",2025-06-29,"June 29, 2025",202.2,10064.83,On-time
SH005037,W02,ST13,CR04,"June 29, 2025",01/07/2025,"July 1, 2025",282.1,14619.08,On-time
SH005038,W02,ST13,CR04,"July 1, 2025",2025-07-03,2025-07-03,282.1,12811.54,On-time
SH005039,W01,ST13,CR05,"July 3, 2025",2025-07-05,2025-07-05,202.2,8829.62,On-time
SH005040,W02,ST13,CR04,05/07/2025,07/07/2025,07/07/2025,175.3,10958.39,On-time
SH005041,W02,ST13,CR04,"July 7, 2025",2025-07-09,09/07/2025,282.1,9387.85,On-time
SH005042,W02,ST13,CR02,"July 8, 2025","July 10, 2025",10/07/2025,282.1,15328.72,On-time
SH005043,W02,ST13,CR02,"July 11, 2025","July 13, 2025","July 14, 2025",282.1,14779.91,Delayed
SH005044,W02,ST13,CR01,"July 13, 2025","July 15, 2025",2025-07-15,282.1,15230.5,On-time
SH005045,W02,ST13,CR01,2025-07-15,2025-07-17,"July 21, 2025",282.1,13778.5,Delayed
SH005046,W03,ST13,CR04,"July 17, 2025",19/07/2025,19/07/2025,367.7,20405.42,On-time
SH005047,W02,ST13,CR04,2025-07-19,21/07/2025,2025-07-21,282.1,12257.9,On-time
SH005048,W02,ST13,CR03,2025-07-22,"July 24, 2025","July 24, 2025",175.3,16330.53,On-time
SH005049,W02,ST13,CR03,"July 23, 2025",2025-07-25,"July 26, 2025",282.1,14356.19,Delayed
SH005050,W02,ST13,CR05,25/07/2025,27/07/2025,27/07/2025,282.1,15273.58,On-time
SH005051,W02,ST13,CR01,"July 26, 2025","July 28, 2025","July 28, 2025",282.1,11054.69,On-time
SH005052,W03,ST13,CR01,2025-07-29,"July 31, 2025","August 2, 2025",367.7,16075.45,Delayed
SH005053,W02,ST13,CR02,31/07/2025,02/08/2025,02/08/2025,282.1,10286.35,On-time
SH005054,W02,ST13,CR03,2025-08-02,04/08/2025,"August 5, 2025",282.1,11328.79,Delayed
SH005055,W02,ST13,CR04,03/08/2025,"August 5, 2025","August 7, 2025",282.1,15156.37,Delayed
SH005056,W02,ST13,CR03,2025-08-05,2025-08-07,"August 7, 2025",282.1,12103.64,On-time
SH005057,W02,ST13,CR01,07/08/2025,09/08/2025,"August 12, 2025",282.1,13178.74,Delayed
SH005058,W02,ST13,CR03,"August 9, 2025",11/08/2025,"August 11, 2025",175.3,12144.67,On-time
SH005059,W02,ST13,CR05,2025-08-11,"August 13, 2025",13/08/2025,282.1,17088.68,On-time
SH005060,W02,ST13,CR02,13/08/2025,2025-08-15,"August 15, 2025",282.1,17168.22,On-time
SH005061,W02,ST13,CR01,2025-08-16,2025-08-18,18/08/2025,282.1,15400.68,On-time
SH005062,W02,ST13,CR04,18/08/2025,2025-08-20,2025-08-20,175.3,11344.5,On-time
SH005063,W02,ST13,CR01,2025-08-20,2025-08-22,2025-08-22,282.1,12949.31,On-time
SH005064,W02,ST13,CR02,"August 21, 2025",2025-08-23,"August 26, 2025",282.1,14634.78,Delayed
SH005065,W01,ST13,CR05,2025-08-23,25/08/2025,"August 27, 2025",202.2,7675.78,Lost
SH005066,W02,ST13,CR04,2025-08-25,27/08/2025,28/08/2025,282.1,13781.87,Delayed
SH005067,W02,ST13,CR02,"August 28, 2025",30/08/2025,"August 30, 2025",282.1,12551.21,On-time
SH005068,W02,ST13,CR05,2025-08-29,"August 31, 2025","August 31, 2025",282.1,11975.05,On-time
SH005069,W02,ST13,CR01,2025-08-30,01/09/2025,2025-09-01,282.1,16954.84,On-time
SH005070,W02,ST99,CR03,01/09/2025,2025-09-03,"September 3, 2025",282.1,12571.44,On-time
SH005071,W01,ST13,CR01,2025-09-04,06/09/2025,2025-09-07,202.2,7063.74,Delayed
SH005072,W02,ST13,CR02,2025-09-06,"September 8, 2025",2025-09-11,282.1,11220.99,Delayed
SH005073,W02,ST13,CR02,2025-09-08,"September 10, 2025",10/09/2025,282.1,12116.57,On-time
SH005074,W02,ST13,CR03,10/09/2025,2025-09-12,"September 12, 2025",282.1,12922.35,On-time
SH005075,W02,ST13,CR02,"September 12, 2025",2025-09-14,14/09/2025,175.3,10544.69,On-time
SH005076,W02,ST13,CR02,"September 14, 2025",2025-09-16,16/09/2025,282.1,10994.87,On-time
SH005077,W02,ST13,CR02,16/09/2025,"September 18, 2025",2025-09-18,282.1,11664.92,On-time
SH005078,W03,ST13,CR01,2025-09-17,19/09/2025,"September 19, 2025",367.7,14525.96,On-time
SH005079,W03,ST13,CR01,19/09/2025,"September 21, 2025",2025-09-21,367.7,14065.65,On-time
SH005080,W02,ST13,CR01,"September 21, 2025","September 23, 2025",2025-09-23,282.1,,On-time
SH005081,W03,ST13,CR03,22/09/2025,2025-09-24,24/09/2025,367.7,16210.17,On-time
SH005082,W02,ST13,CR05,"September 24, 2025",2025-09-26,"September 26, 2025",282.1,13480.26,Damaged
SH005083,W02,ST13,CR01,"September 25, 2025","September 27, 2025",2025-09-27,282.1,13980.42,On-time
SH005084,W02,ST13,CR03,2025-09-27,29/09/2025,29/09/2025,282.1,11383.29,On-time
SH005085,W02,ST13,CR03,"September 29, 2025",01/10/2025,01/10/2025,282.1,14158.9,On-time
SH005086,W02,ST13,CR05,30/09/2025,02/10/2025,"October 2, 2025",282.1,11551.41,On-time
SH005087,W02,ST13,CR02,"October 1, 2025","October 3, 2025",03/10/2025,282.1,13841.46,On-time
SH005088,W02,ST13,CR03,03/10/2025,2025-10-05,"October 5, 2025",282.1,13667.53,On-time
SH005089,W02,ST13,CR04,2025-10-04,2025-10-06,2025-10-07,282.1,11606.9,Delayed
SH005090,W02,ST13,CR04,2025-10-07,2025-10-09,"October 9, 2025",282.1,13182.19,On-time
SH005091,W02,ST13,CR01,"October 9, 2025",11/10/2025,2025-10-11,175.3,11390.03,On-time
SH005092,W02,ST13,CR01,11/10/2025,"October 13, 2025",13/10/2025,282.1,14270.27,On-time
SH005093,W02,ST13,CR01,13/10/2025,15/10/2025,15/10/2025,282.1,15705.23,On-time
SH005094,W02,ST13,CR03,15/10/2025,"October 17, 2025",2025-10-21,282.1,10698.92,Delayed
SH005095,W02,ST13,CR03,17/10/2025,2025-10-19,2025-10-19,175.3,14670.08,On-time
SH005096,W02,ST13,CR05,20/10/2025,"October 22, 2025",22/10/2025,282.1,,On-time
SH005097,W02,ST13,CR05,2025-10-22,"October 24, 2025",24/10/2025,282.1,,On-time
SH005098,W02,ST13,CR01,"October 24, 2025","October 26, 2025",26/10/2025,282.1,13763.39,On-time
SH005099,W02,ST13,CR01,26/10/2025,2025-10-28,28/10/2025,282.1,15693.09,Damaged
SH005100,W02,ST13,CR05,2025-10-27,29/10/2025,"October 29, 2025",282.1,12650.72,On-time
SH005101,W02,ST13,CR05,28/10/2025,"October 30, 2025",2025-10-30,282.1,14170.03,On-time
SH005102,W02,ST13,CR02,"October 29, 2025",2025-10-31,31/10/2025,282.1,15871.74,On-time
SH005103,W02,ST13,CR04,30/10/2025,2025-11-01,"November 1, 2025",175.3,13571.15,On-time
SH005104,W02,ST13,CR04,01/11/2025,03/11/2025,2025-11-06,282.1,,Delayed
SH005105,W03,ST13,CR01,"November 3, 2025",2025-11-05,2025-11-05,367.7,,On-time
SH005106,W02,ST13,CR02,2025-11-04,06/11/2025,06/11/2025,282.1,13956.83,On-time
SH005107,W02,ST13,CR05,2025-11-06,"November 8, 2025",08/11/2025,282.1,12822.08,On-time
SH005108,W01,ST13,CR05,08/11/2025,10/11/2025,2025-11-10,202.2,8987.59,On-time
SH005109,W02,ST13,CR01,"November 10, 2025","November 12, 2025","November 12, 2025",282.1,12370.52,On-time
SH005110,W02,ST13,CR03,"November 12, 2025","November 14, 2025","November 14, 2025",282.1,12135.73,On-time
SH005111,W03,ST13,CR05,14/11/2025,2025-11-16,16/11/2025,367.7,18882.35,On-time
SH005112,W02,ST13,CR05,16/11/2025,2025-11-18,18/11/2025,282.1,13231.87,On-time
SH005113,W02,ST13,CR01,"November 19, 2025","November 21, 2025",2025-11-21,175.3,13784.42,On-time
SH005114,W02,ST13,CR03,"November 21, 2025",2025-11-23,2025-11-23,282.1,12989.66,On-time
SH005115,W02,ST13,CR02,"November 22, 2025","November 24, 2025",2025-11-24,282.1,15824.36,On-time
SH005116,W02,ST13,CR01,23/11/2025,"November 25, 2025",2025-11-25,282.1,12447.69,On-time
SH005117,W02,ST13,CR01,2025-11-24,2025-11-26,"November 26, 2025",175.3,13031.67,On-time
SH005118,W02,ST13,CR03,27/11/2025,"November 29, 2025",29/11/2025,282.1,15879.26,On-time
SH005119,W03,ST13,CR02,2025-11-28,30/11/2025,30/11/2025,367.7,19212.86,On-time
SH005120,W02,ST13,CR05,30/11/2025,2025-12-02,02/12/2025,282.1,15172.43,On-time
SH005121,W02,ST13,CR03,02/12/2025,2025-12-04,07/12/2025,282.1,16582.5,Delayed
SH005122,W02,ST13,CR03,04/12/2025,2025-12-06,06/12/2025,282.1,15045.11,On-time
SH005123,W01,ST13,CR01,2025-12-06,2025-12-08,2025-12-08,202.2,9651.11,On-time
SH005124,W02,ST13,CR05,"December 8, 2025",10/12/2025,10/12/2025,282.1,12990.3,On-time
SH005125,W02,ST13,CR01,"December 9, 2025",2025-12-11,"December 11, 2025",282.1,11438.8,On-time
SH005126,W02,ST13,CR02,11/12/2025,13/12/2025,"December 13, 2025",282.1,11659.83,On-time
SH005127,W02,ST13,CR01,"December 13, 2025",15/12/2025,2025-12-15,282.1,15747.98,On-time
SH005128,W02,ST13,CR02,"December 15, 2025",17/12/2025,"December 17, 2025",282.1,12646.55,On-time
SH005129,W02,ST13,CR01,2025-12-18,20/12/2025,"December 20, 2025",282.1,10093.77,Lost
SH005130,W02,ST13,CR02,19/12/2025,2025-12-21,"December 21, 2025",282.1,12354.79,On-time
SH005131,W02,ST13,CR01,21/12/2025,23/12/2025,23/12/2025,282.1,14960.5,On-time
SH005132,W02,ST13,CR05,2025-12-23,"December 25, 2025",25/12/2025,282.1,12590.08,On-time
SH005133,W02,ST13,CR02,2025-12-25,"December 27, 2025","December 31, 2025",282.1,14689.33,Delayed
SH005134,W02,ST13,CR01,"December 26, 2025",2025-12-28,28/12/2025,282.1,,On-time
SH005135,W01,ST13,CR01,"December 28, 2025","December 30, 2025",2025-12-30,202.2,7313.76,On-time
SH005136,W02,ST13,CR01,30/12/2025,2026-01-01,,282.1,10841.99,In-Transit
SH005137,W03,ST14,CR05,03/01/2024,2024-01-05,2024-01-09,201.8,8611.64,Delayed
SH005138,W03,ST14,CR04,05/01/2024,2024-01-07,"January 8, 2024",201.8,11474.13,Delayed
SH005139,W03,ST14,CR03,06/01/2024,2024-01-08,08/01/2024,201.8,8947.63,On-time
SH005140,W03,ST14,CR05,08/01/2024,"January 10, 2024",2024-01-10,201.8,11039.79,On-time
SH005141,W03,ST14,CR01,"January 9, 2024","January 11, 2024",11/01/2024,201.8,11917.13,On-time
SH005142,W03,ST14,CR05,2024-01-12,14/01/2024,"January 14, 2024",201.8,9291.05,On-time
SH005143,W03,ST14,CR01,14/01/2024,2024-01-16,"January 16, 2024",201.8,10491.4,On-time
SH005144,W03,ST14,CR05,16/01/2024,"January 18, 2024","January 18, 2024",201.8,9564.57,On-time
SH005145,W03,ST14,CR02,18/01/2024,20/01/2024,"January 20, 2024",201.8,8878.31,On-time
SH005146,W03,ST14,CR05,"January 19, 2024","January 21, 2024","January 21, 2024",201.8,8966.6,Damaged
SH005147,W03,ST14,CR03,22/01/2024,24/01/2024,2024-01-24,201.8,9079.48,Damaged
SH005148,W03,ST14,CR01,23/01/2024,25/01/2024,2024-01-28,201.8,8443.17,Delayed
SH005149,W03,ST14,CR02,"January 25, 2024",27/01/2024,2024-01-27,201.8,9062.19,On-time
SH005150,W02,ST14,CR02,27/01/2024,"January 29, 2024",2024-01-29,252.7,,On-time
SH005151,W03,ST14,CR03,2024-01-29,"January 31, 2024","January 31, 2024",201.8,9224.03,On-time
SH005152,W03,ST14,CR04,"January 30, 2024","February 1, 2024","February 1, 2024",125.4,9482.65,On-time
SH005153,W03,ST14,CR01,"February 1, 2024",2024-02-03,"February 3, 2024",201.8,12271.09,On-time
SH005154,W03,ST14,CR04,03/02/2024,05/02/2024,05/02/2024,201.8,9738.95,On-time
SH005155,W03,ST14,CR01,04/02/2024,2024-02-06,2024-02-06,201.8,9629.17,On-time
SH005156,W03,ST14,CR02,2024-02-06,2024-02-08,08/02/2024,201.8,10091.08,Damaged
SH005157,W03,ST14,CR05,"February 8, 2024",10/02/2024,2024-02-10,201.8,8080.14,On-time
SH005158,W03,ST14,CR02,"February 11, 2024",13/02/2024,13/02/2024,201.8,9483.93,On-time
SH005159,W03,ST14,CR03,"February 13, 2024","February 15, 2024","February 15, 2024",201.8,7664.61,On-time
SH005160,W03,ST14,CR02,"February 15, 2024","February 17, 2024","February 19, 2024",201.8,11571.89,Delayed
SH005161,W03,ST14,CR04,16/02/2024,"February 18, 2024","February 18, 2024",201.8,9390.69,Damaged
SH005162,W03,ST14,CR01,19/02/2024,2024-02-21,"February 25, 2024",201.8,9563.3,Delayed
SH005163,W03,ST14,CR01,2024-02-21,23/02/2024,26/02/2024,201.8,8441.27,Delayed
SH005164,W03,ST14,CR03,"February 23, 2024",2024-02-25,2024-02-25,201.8,11503.85,On-time
SH005165,W03,ST14,CR05,2024-02-25,27/02/2024,2024-02-27,201.8,9764.13,On-time
SH005166,W03,ST14,CR03,"February 27, 2024",29/02/2024,2024-02-29,201.8,9567.44,On-time
SH005167,W03,ST14,CR05,"February 29, 2024","March 2, 2024",02/03/2024,201.8,10603.27,On-time
SH005168,W03,ST14,CR01,2024-03-01,03/03/2024,"March 5, 2024",201.8,8239.26,Delayed
SH005169,W03,ST14,CR03,04/03/2024,06/03/2024,2024-03-06,201.8,8385.44,Damaged
SH005170,W03,ST14,CR04,2024-03-06,"March 8, 2024","March 8, 2024",201.8,8590.36,On-time
SH005171,W03,ST14,CR01,08/03/2024,2024-03-10,"March 10, 2024",125.4,10183.9,On-time
SH005172,W03,ST14,CR01,"March 10, 2024","March 12, 2024",12/03/2024,201.8,10341.76,On-time
SH005173,W03,ST14,CR03,2024-03-12,"March 14, 2024",14/03/2024,125.4,8213.96,On-time
SH005174,W03,ST14,CR05,13/03/2024,2024-03-15,15/03/2024,201.8,7930.22,On-time
SH005175,W03,ST14,CR04,15/03/2024,17/03/2024,"March 17, 2024",201.8,11914.93,On-time
SH005176,W02,ST14,CR01,"March 16, 2024","March 18, 2024",18/03/2024,252.7,10548.57,On-time
SH005177,W03,ST14,CR01,"March 18, 2024","March 20, 2024","March 20, 2024",201.8,,On-time
SH005178,W01,ST14,CR01,20/03/2024,2024-03-22,"March 22, 2024",145.6,,On-time
SH005179,W03,ST14,CR01,2024-03-22,24/03/2024,2024-03-24,201.8,8884.04,Damaged
SH005180,W03,ST14,CR05,25/03/2024,27/03/2024,27/03/2024,201.8,9207.63,On-time
SH005181,W03,ST14,CR03,"March 26, 2024",2024-03-28,28/03/2024,201.8,9507.49,On-time
SH005182,W03,ST14,CR02,2024-03-29,"March 31, 2024",2024-04-03,201.8,10864.0,Delayed
SH005183,W03,ST14,CR01,2024-03-31,"April 2, 2024",02/04/2024,201.8,11180.54,On-time
SH005184,W03,ST14,CR03,"April 1, 2024",03/04/2024,"April 3, 2024",201.8,8121.83,Damaged
SH005185,W03,ST14,CR02,03/04/2024,"April 5, 2024",06/04/2024,201.8,11629.23,Delayed
SH005186,W03,ST14,CR01,2024-04-05,"April 7, 2024","April 7, 2024",125.4,12068.28,On-time
SH005187,W03,ST14,CR01,07/04/2024,09/04/2024,"April 9, 2024",201.8,7453.56,On-time
SH005188,W03,ST14,CR01,09/04/2024,"April 11, 2024",2024-04-11,201.8,9837.86,On-time
SH005189,W02,ST14,CR01,11/04/2024,13/04/2024,"April 13, 2024",252.7,12021.6,On-time
SH005190,W03,ST14,CR01,13/04/2024,2024-04-15,15/04/2024,201.8,10853.5,On-time
SH005191,W03,ST14,CR05,"April 15, 2024",2024-04-17,2024-04-17,201.8,7259.03,On-time
SH005192,W03,ST14,CR02,"April 17, 2024",19/04/2024,2024-04-19,201.8,8068.58,On-time
SH005193,W03,ST14,CR05,2024-04-20,2024-04-22,22/04/2024,201.8,11321.48,On-time
SH005194,W02,ST14,CR05,2024-04-21,"April 23, 2024","April 27, 2024",252.7,14703.0,Delayed
SH005195,W03,ST14,CR02,"April 23, 2024",2024-04-25,25/04/2024,201.8,7707.1,On-time
SH005196,W01,ST14,CR04,2024-04-24,26/04/2024,2024-04-26,145.6,8604.93,On-time
SH005197,W03,ST14,CR05,2024-04-27,29/04/2024,29/04/2024,125.4,7935.6,On-time
SH005198,W03,ST14,CR03,30/04/2024,2024-05-02,02/05/2024,201.8,9558.2,On-time
SH005199,W03,ST14,CR05,"May 2, 2024",2024-05-04,"May 4, 2024",201.8,10324.29,On-time
SH005200,W03,ST14,CR01,04/05/2024,2024-05-06,2024-05-07,201.8,8732.07,Delayed
SH005201,W03,ST14,CR01,05/05/2024,"May 7, 2024",07/05/2024,201.8,11345.25,On-time
SH005202,W03,ST14,CR05,07/05/2024,09/05/2024,2024-05-09,201.8,,On-time
SH005203,W03,ST14,CR02,2024-05-09,2024-05-11,11/05/2024,201.8,10684.94,On-time
SH005204,W03,ST14,CR05,12/05/2024,"May 14, 2024",14/05/2024,125.4,11104.9,On-time
SH005205,W03,ST14,CR04,2024-05-13,"May 15, 2024",2024-05-18,201.8,8821.53,Delayed
SH005206,W03,ST14,CR04,15/05/2024,17/05/2024,"May 20, 2024",201.8,,Delayed
SH005207,W03,ST14,CR05,2024-05-18,"May 20, 2024",2024-05-20,201.8,11427.98,On-time
SH005208,W03,ST14,CR03,20/05/2024,"May 22, 2024",2024-05-22,201.8,10869.09,On-time
SH005209,W03,ST14,CR03,"May 21, 2024","May 23, 2024",2024-05-23,201.8,11513.88,Damaged
SH005210,W03,ST14,CR01,2024-05-23,"May 25, 2024","May 25, 2024",201.8,12048.56,Lost
SH005211,W03,ST14,CR01,2024-05-25,"May 27, 2024",2024-05-27,201.8,,On-time
SH005212,W03,ST14,CR03,26/05/2024,28/05/2024,28/05/2024,201.8,9078.91,On-time
SH005213,W03,ST14,CR02,2024-05-28,30/05/2024,"June 3, 2024",125.4,8898.03,Delayed
SH005214,W03,ST14,CR03,2024-05-30,2024-06-01,"June 1, 2024",201.8,8085.35,On-time
SH005215,W03,ST14,CR02,2024-05-31,2024-06-02,02/06/2024,201.8,9148.6,On-time
SH005216,W03,ST14,CR05,02/06/2024,04/06/2024,07/06/2024,201.8,10183.32,Delayed
SH005217,W03,ST14,CR02,"June 4, 2024",06/06/2024,2024-06-07,201.8,9654.06,Delayed
SH005218,W02,ST14,CR02,"June 5, 2024",2024-06-07,"June 7, 2024",252.7,12736.17,On-time
SH005219,W03,ST14,CR02,08/06/2024,2024-06-10,"June 12, 2024",201.8,7975.14,Delayed
SH005220,W03,ST14,CR04,"June 11, 2024",2024-06-13,2024-06-13,125.4,10764.09,On-time
SH005221,W03,ST14,CR01,2024-06-12,2024-06-14,2024-06-17,201.8,10429.86,Delayed
SH005222,W03,ST14,CR05,13/06/2024,"June 15, 2024",2024-06-15,201.8,10573.23,On-time
SH005223,W03,ST14,CR03,"June 14, 2024",2024-06-16,"June 16, 2024",201.8,8208.09,On-time
SH005224,W03,ST14,CR03,"June 16, 2024",2024-06-18,"June 22, 2024",201.8,9480.3,Damaged
SH005225,W03,ST14,CR03,"June 18, 2024",20/06/2024,20/06/2024,125.4,8170.21,On-time
SH005226,W03,ST14,CR05,20/06/2024,22/06/2024,2024-06-24,201.8,10349.69,Delayed
SH005227,W03,ST14,CR05,21/06/2024,2024-06-23,"June 24, 2024",201.8,9133.65,Delayed
SH005228,W03,ST14,CR01,"June 22, 2024","June 24, 2024",2024-06-24,201.8,9499.55,On-time
SH005229,W03,ST14,CR01,"June 24, 2024",26/06/2024,26/06/2024,201.8,10120.57,On-time
SH005230,W03,ST14,CR05,2024-06-26,"June 28, 2024",28/06/2024,201.8,8574.67,On-time
SH005231,W03,ST14,CR03,28/06/2024,"June 30, 2024",30/06/2024,201.8,11961.97,On-time
SH005232,W03,ST14,CR05,30/06/2024,02/07/2024,2024-07-02,201.8,10609.28,On-time
SH005233,W03,ST14,CR05,"July 2, 2024","July 4, 2024",2024-07-04,201.8,7545.0,On-time
SH005234,W03,ST14,CR03,03/07/2024,2024-07-05,08/07/2024,201.8,10718.41,Delayed
SH005235,W03,ST14,CR04,05/07/2024,07/07/2024,2024-07-11,201.8,10053.6,Delayed
SH005236,W03,ST14,CR05,07/07/2024,09/07/2024,09/07/2024,201.8,9412.75,On-time
SH005237,W03,ST14,CR05,2024-07-10,12/07/2024,"July 12, 2024",201.8,11366.53,On-time
SH005238,W03,ST14,CR01,12/07/2024,2024-07-14,"July 14, 2024",201.8,8805.1,On-time
SH005239,W03,ST14,CR03,14/07/2024,16/07/2024,"July 16, 2024",201.8,9129.31,On-time
SH005240,W03,ST14,CR04,2024-07-16,"July 18, 2024",18/07/2024,201.8,11231.87,On-time
SH005241,W03,ST14,CR01,2024-07-19,2024-07-21,"July 23, 2024",201.8,8845.82,Delayed
SH005242,W01,ST14,CR02,2024-07-21,23/07/2024,"July 23, 2024",90.5,6283.81,On-time
SH005243,W03,ST14,CR01,2024-07-23,"July 25, 2024",2024-07-25,201.8,8481.62,On-time
SH005244,W03,ST14,CR03,"July 25, 2024",27/07/2024,"July 28, 2024",201.8,10419.66,Delayed
SH005245,W03,ST14,CR02,"July 27, 2024",29/07/2024,2024-07-29,201.8,12014.56,Damaged
SH005246,W03,ST14,CR01,"July 28, 2024","July 30, 2024","July 30, 2024",201.8,10990.93,On-time
SH005247,W01,ST14,CR05,"July 30, 2024","August 1, 2024",2024-08-01,145.6,6447.51,On-time
SH005248,W03,ST14,CR01,01/08/2024,"August 3, 2024",03/08/2024,201.8,9206.66,On-time
SH005249,W03,ST14,CR04,"August 3, 2024",05/08/2024,"August 5, 2024",201.8,9055.62,On-time
SH005250,W03,ST14,CR04,2024-08-05,"August 7, 2024",07/08/2024,201.8,10761.82,On-time
SH005251,W03,ST14,CR01,"August 7, 2024",09/08/2024,2024-08-09,201.8,8476.12,On-time
SH005252,W03,ST14,CR01,09/08/2024,2024-08-11,11/08/2024,201.8,10549.96,On-time
SH005253,W03,ST14,CR03,"August 11, 2024","August 13, 2024",2024-08-13,201.8,8246.79,On-time
SH005254,W03,ST14,CR03,2024-08-13,15/08/2024,"August 15, 2024",201.8,10919.82,On-time
SH005255,W03,ST14,CR03,2024-08-16,"August 18, 2024",18/08/2024,201.8,8463.48,On-time
SH005256,W03,ST14,CR01,2024-08-18,2024-08-20,"August 20, 2024",201.8,11002.52,On-time
SH005257,W03,ST14,CR04,2024-08-20,22/08/2024,2024-08-25,201.8,9520.52,Delayed
SH005258,W03,ST14,CR03,2024-08-22,2024-08-24,2024-08-26,201.8,7529.45,Delayed
SH005259,W03,ST14,CR01,2024-08-24,26/08/2024,26/08/2024,201.8,7854.51,Damaged
SH005260,W03,ST14,CR01,"August 25, 2024",27/08/2024,2024-08-27,201.8,11233.27,Damaged
SH005261,W03,ST14,CR01,"August 27, 2024","August 29, 2024","August 29, 2024",201.8,10038.84,On-time
SH005262,W03,ST14,CR03,"August 29, 2024","August 31, 2024",31/08/2024,125.4,8227.54,On-time
SH005263,W01,ST14,CR02,2024-08-31,"September 2, 2024","September 2, 2024",145.6,8127.51,On-time
SH005264,W03,ST14,CR04,2024-09-02,04/09/2024,"September 5, 2024",201.8,8994.74,Delayed
SH005265,W03,ST14,CR05,"September 3, 2024",2024-09-05,05/09/2024,201.8,11611.45,On-time
SH005266,W03,ST14,CR04,05/09/2024,07/09/2024,"September 7, 2024",125.4,9504.84,On-time
SH005267,W03,ST14,CR03,07/09/2024,"September 9, 2024",2024-09-09,201.8,11566.7,On-time
SH005268,W03,ST14,CR03,2024-09-09,2024-09-11,11/09/2024,201.8,8977.06,On-time
SH005269,W03,ST14,CR02,2024-09-11,2024-09-13,13/09/2024,201.8,10383.36,On-time
SH005270,W03,ST14,CR04,12/09/2024,14/09/2024,"September 14, 2024",201.8,12260.44,On-time
SH005271,W02,ST14,CR01,2024-09-14,"September 16, 2024","September 16, 2024",252.7,13575.88,On-time
SH005272,W01,ST14,CR01,2024-09-15,"September 17, 2024",17/09/2024,145.6,5351.0,On-time
SH005273,W03,ST14,CR02,2024-09-17,"September 19, 2024",20/09/2024,201.8,8994.93,Delayed
SH005274,W03,ST14,CR04,19/09/2024,"September 21, 2024","September 21, 2024",201.8,11529.57,On-time
SH005275,W03,ST14,CR04,20/09/2024,"September 22, 2024",2024-09-23,201.8,9691.46,Delayed
SH005276,W03,ST14,CR02,22/09/2024,"September 24, 2024",2024-09-24,201.8,9388.15,On-time
SH005277,W03,ST14,CR01,2024-09-25,2024-09-27,27/09/2024,201.8,11006.98,On-time
SH005278,W03,ST14,CR02,"September 27, 2024",29/09/2024,29/09/2024,125.4,11156.03,On-time
SH005279,W03,ST14,CR05,"September 29, 2024","October 1, 2024",01/10/2024,201.8,9291.66,On-time
SH005280,W03,ST14,CR05,2024-10-02,04/10/2024,2024-10-04,201.8,8788.37,On-time
SH005281,W03,ST14,CR02,05/10/2024,"October 7, 2024",2024-10-08,201.8,9065.94,Delayed
SH005282,W03,ST14,CR03,2024-10-08,2024-10-10,2024-10-10,201.8,10733.18,On-time
SH005283,W03,ST14,CR04,"October 9, 2024",11/10/2024,"October 11, 2024",201.8,10721.49,On-time
SH005284,W03,ST14,CR05,"October 11, 2024",13/10/2024,2024-10-13,201.8,8813.65,On-time
SH005285,W03,ST14,CR02,"October 13, 2024",2024-10-15,18/10/2024,201.8,9669.02,Delayed
SH005286,W03,ST14,CR02,2024-10-15,2024-10-17,20/10/2024,201.8,12489.13,Delayed
SH005287,W03,ST14,CR01,18/10/2024,20/10/2024,20/10/2024,125.4,10897.81,On-time
SH005288,W03,ST14,CR02,20/10/2024,22/10/2024,2024-10-22,201.8,8800.4,On-time
SH005289,W03,ST14,CR05,21/10/2024,"October 23, 2024","October 23, 2024",201.8,10013.79,On-time
SH005290,W03,ST14,CR03,2024-10-23,"October 25, 2024",25/10/2024,201.8,7948.13,On-time
SH005291,W03,ST14,CR05,26/10/2024,28/10/2024,2024-10-28,201.8,7627.95,On-time
SH005292,W03,ST14,CR01,"October 27, 2024",2024-10-29,29/10/2024,201.8,8339.53,On-time
SH005293,W03,ST14,CR01,2024-10-29,"October 31, 2024",2024-10-31,201.8,9619.89,On-time
SH005294,W03,ST14,CR02,"October 31, 2024",2024-11-02,2024-11-02,201.8,10976.39,On-time
SH005295,W02,ST14,CR04,2024-11-02,"November 4, 2024",2024-11-08,252.7,9478.36,Delayed
SH005296,W03,ST14,CR02,03/11/2024,2024-11-05,05/11/2024,201.8,8841.39,On-time
SH005297,W03,ST14,CR05,"November 5, 2024",2024-11-07,"November 7, 2024",201.8,8580.87,On-time
SH005298,W03,ST14,CR03,"November 6, 2024",08/11/2024,2024-11-08,201.8,10665.08,On-time
SH005299,W03,ST14,CR02,2024-11-08,2024-11-10,2024-11-10,201.8,11984.25,On-time
SH005300,W03,ST14,CR01,2024-11-10,"November 12, 2024",12/11/2024,201.8,11772.45,On-time
SH005301,W03,ST14,CR03,13/11/2024,2024-11-15,2024-11-19,201.8,9332.94,Delayed
SH005302,W03,ST14,CR03,2024-11-15,17/11/2024,17/11/2024,201.8,10301.19,On-time
SH005303,W03,ST14,CR01,"November 17, 2024",2024-11-19,21/11/2024,201.8,10871.64,Delayed
SH005304,W03,ST14,CR01,2024-11-20,22/11/2024,"November 22, 2024",201.8,10047.19,On-time
SH005305,W03,ST14,CR02,23/11/2024,"November 25, 2024","November 28, 2024",201.8,9522.34,Delayed
SH005306,W03,ST14,CR01,2024-11-25,2024-11-27,2024-11-29,201.8,8349.91,Delayed
SH005307,W03,ST14,CR02,"November 28, 2024",30/11/2024,02/12/2024,201.8,9660.83,Delayed
SH005308,W03,ST14,CR02,"November 30, 2024",2024-12-02,02/12/2024,201.8,11636.81,On-time
SH005309,W03,ST14,CR04,"December 1, 2024","December 3, 2024",2024-12-03,201.8,10745.94,On-time
SH005310,W03,ST14,CR01,"December 4, 2024",06/12/2024,"December 6, 2024",201.8,7694.53,On-time
SH005311,W03,ST14,CR02,"December 6, 2024",2024-12-08,"December 8, 2024",201.8,8912.54,On-time
SH005312,W03,ST14,CR04,2024-12-08,2024-12-10,"December 10, 2024",125.4,10560.05,On-time
SH005313,W03,ST14,CR03,11/12/2024,13/12/2024,13/12/2024,201.8,11313.48,On-time
SH005314,W03,ST14,CR03,12/12/2024,14/12/2024,"December 14, 2024",201.8,9299.14,On-time
SH005315,W03,ST14,CR03,2024-12-15,"December 17, 2024","December 17, 2024",201.8,12530.61,On-time
SH005316,W03,ST14,CR01,"December 17, 2024",2024-12-19,"December 19, 2024",201.8,9518.43,On-time
SH005317,W03,ST14,CR03,2024-12-18,20/12/2024,"December 24, 2024",201.8,,Delayed
SH005318,W03,ST14,CR05,20/12/2024,"December 22, 2024",2024-12-22,201.8,9293.14,On-time
SH005319,W03,ST14,CR05,2024-12-22,2024-12-24,"December 24, 2024",201.8,,On-time
SH005320,W03,ST14,CR02,"December 23, 2024","December 25, 2024","December 25, 2024",201.8,9571.62,On-time
SH005321,W03,ST14,CR02,"December 26, 2024",2024-12-28,28/12/2024,201.8,7672.84,On-time
SH005322,W03,ST14,CR04,28/12/2024,2024-12-30,"January 3, 2025",201.8,10560.64,Delayed
SH005323,W03,ST14,CR03,30/12/2024,01/01/2025,"January 1, 2025",201.8,10175.91,On-time
SH005324,W03,ST14,CR02,2025-01-01,03/01/2025,2025-01-03,201.8,9441.91,On-time
SH005325,W03,ST14,CR01,"January 3, 2025",2025-01-05,05/01/2025,201.8,10184.63,On-time
SH005326,W03,ST14,CR02,2025-01-04,06/01/2025,2025-01-06,201.8,7973.16,On-time
SH005327,W03,ST14,CR03,07/01/2025,"January 9, 2025",2025-01-09,201.8,9390.44,On-time
SH005328,W03,ST14,CR02,2025-01-09,"January 11, 2025","January 15, 2025",201.8,11249.36,Delayed
SH005329,W03,ST14,CR02,2025-01-11,2025-01-13,13/01/2025,201.8,8544.8,On-time
SH005330,W03,ST14,CR03,"January 13, 2025","January 15, 2025","January 19, 2025",201.8,,Delayed
SH005331,W03,ST14,CR01,15/01/2025,"January 17, 2025","January 17, 2025",201.8,8586.3,On-time
SH005332,W03,ST14,CR02,"January 16, 2025",18/01/2025,"January 18, 2025",201.8,12223.01,On-time
SH005333,W03,ST14,CR02,19/01/2025,21/01/2025,21/01/2025,125.4,12061.0,On-time
SH005334,W01,ST14,CR02,"January 21, 2025","January 23, 2025","January 23, 2025",145.6,7772.5,On-time
SH005335,W03,ST14,CR01,22/01/2025,24/01/2025,2025-01-24,125.4,10751.47,On-time
SH005336,W03,ST14,CR02,2025-01-24,2025-01-26,2025-01-26,201.8,11344.0,On-time
SH005337,W03,ST14,CR05,2025-01-26,2025-01-28,2025-01-28,201.8,6654.73,On-time
SH005338,W03,ST14,CR01,28/01/2025,2025-01-30,2025-01-30,201.8,8198.16,On-time
SH005339,W03,ST14,CR04,2025-01-30,01/02/2025,"February 1, 2025",201.8,8553.31,On-time
SH005340,W03,ST14,CR01,2025-02-01,03/02/2025,03/02/2025,201.8,8553.59,On-time
SH005341,W03,ST14,CR02,"February 4, 2025",2025-02-06,09/02/2025,201.8,9415.81,Delayed
SH005342,W03,ST14,CR04,"February 5, 2025",07/02/2025,2025-02-07,201.8,8786.31,On-time
SH005343,W03,ST14,CR02,2025-02-07,"February 9, 2025",10/02/2025,201.8,11983.78,Delayed
SH005344,W03,ST14,CR04,2025-02-09,2025-02-11,11/02/2025,125.4,10886.51,On-time
SH005345,W03,ST14,CR02,11/02/2025,"February 13, 2025","February 17, 2025",201.8,8443.97,Delayed
SH005346,W03,ST14,CR04,"February 13, 2025","February 15, 2025",15/02/2025,201.8,9372.04,On-time
SH005347,W03,ST14,CR05,2025-02-15,2025-02-17,"February 17, 2025",125.4,9435.21,On-time
SH005348,W03,ST14,CR05,"February 17, 2025",2025-02-19,19/02/2025,201.8,9131.58,Damaged
SH005349,W01,ST14,CR02,"February 18, 2025",2025-02-20,2025-02-20,145.6,5812.55,On-time
SH005350,W03,ST14,CR04,20/02/2025,22/02/2025,"February 22, 2025",201.8,11451.16,On-time
SH005351,W03,ST14,CR02,"February 22, 2025",2025-02-24,2025-02-25,125.4,11799.37,Lost
SH005352,W01,ST14,CR02,25/02/2025,2025-02-27,"February 27, 2025",145.6,,On-time
SH005353,W03,ST14,CR01,27/02/2025,01/03/2025,"March 1, 2025",201.8,12005.04,Lost
SH005354,W03,ST14,CR02,01/03/2025,"March 3, 2025",03/03/2025,201.8,9366.92,On-time
SH005355,W03,ST14,CR02,"March 3, 2025",05/03/2025,"March 5, 2025",201.8,10693.52,On-time
SH005356,W03,ST14,CR04,"March 5, 2025",2025-03-07,2025-03-11,201.8,10220.76,Delayed
SH005357,W03,ST14,CR01,2025-03-07,"March 9, 2025",2025-03-09,201.8,11801.9,On-time
SH005358,W03,ST14,CR04,"March 8, 2025",10/03/2025,2025-03-10,201.8,11730.35,On-time
SH005359,W03,ST14,CR04,"March 10, 2025",2025-03-12,"March 14, 2025",201.8,8075.4,Delayed
SH005360,W03,ST14,CR05,2025-03-12,"March 14, 2025",2025-03-14,201.8,9271.35,On-time
SH005361,W03,ST14,CR03,"March 14, 2025",16/03/2025,"March 16, 2025",201.8,9754.24,On-time
SH005362,W03,ST14,CR03,2025-03-15,17/03/2025,"March 18, 2025",201.8,7397.76,Delayed
SH005363,W03,ST14,CR05,"March 17, 2025",2025-03-19,19/03/2025,201.8,8767.92,On-time
SH005364,W03,ST14,CR02,"March 19, 2025",2025-03-21,21/03/2025,201.8,,On-time
SH005365,W03,ST14,CR03,21/03/2025,2025-03-23,"March 23, 2025",201.8,,On-time
SH005366,W03,ST14,CR05,23/03/2025,2025-03-25,25/03/2025,201.8,9785.36,On-time
SH005367,W03,ST14,CR04,24/03/2025,2025-03-26,2025-03-27,201.8,8418.92,Delayed
SH005368,W03,ST14,CR02,27/03/2025,2025-03-29,02/04/2025,201.8,9525.95,Damaged
SH005369,W03,ST14,CR01,"March 29, 2025",2025-03-31,"April 4, 2025",201.8,7850.53,Delayed
SH005370,W03,ST14,CR01,2025-03-31,02/04/2025,02/04/2025,201.8,8223.16,On-time
SH005371,W01,ST14,CR04,"April 3, 2025",05/04/2025,09/04/2025,145.6,5716.59,Delayed
SH005372,W03,ST14,CR05,"April 4, 2025",2025-04-06,"April 6, 2025",201.8,9850.59,On-time
SH005373,W03,ST14,CR05,2025-04-06,"April 8, 2025",2025-04-08,201.8,9109.38,Lost
SH005374,W03,ST14,CR03,2025-04-08,10/04/2025,2025-04-10,201.8,8402.89,On-time
SH005375,W03,ST14,CR03,"April 10, 2025",12/04/2025,"April 12, 2025",201.8,12040.47,On-time
SH005376,W03,ST14,CR02,"April 11, 2025",13/04/2025,13/04/2025,125.4,9879.66,On-time
SH005377,W03,ST14,CR04,14/04/2025,16/04/2025,2025-04-17,201.8,10930.18,Delayed
SH005378,W01,ST14,CR02,"April 16, 2025",2025-04-18,22/04/2025,145.6,5464.11,Delayed
SH005379,W03,ST14,CR04,2025-04-19,"April 21, 2025","April 22, 2025",201.8,9034.25,Delayed
SH005380,W03,ST14,CR02,"April 21, 2025",23/04/2025,23/04/2025,201.8,,On-time
SH005381,W03,ST14,CR04,23/04/2025,2025-04-25,25/04/2025,201.8,11274.67,On-time
SH005382,W03,ST14,CR01,2025-04-25,27/04/2025,27/04/2025,201.8,8890.93,On-time
SH005383,W03,ST14,CR03,"April 28, 2025",30/04/2025,2025-04-30,125.4,,On-time
SH005384,W03,ST14,CR01,2025-04-30,"May 2, 2025","May 2, 2025",201.8,10677.41,On-time
SH005385,W03,ST14,CR03,2025-05-02,04/05/2025,"May 4, 2025",201.8,8239.16,On-time
SH005386,W03,ST14,CR03,2025-05-04,"May 6, 2025","May 6, 2025",201.8,11337.39,On-time
SH005387,W03,ST14,CR02,06/05/2025,08/05/2025,08/05/2025,201.8,7659.22,On-time
SH005388,W03,ST14,CR02,"May 8, 2025",2025-05-10,10/05/2025,201.8,9656.85,On-time
SH005389,W03,ST14,CR02,"May 9, 2025","May 11, 2025",11/05/2025,201.8,8881.38,On-time
SH005390,W03,ST14,CR02,12/05/2025,2025-05-14,14/05/2025,201.8,11972.8,On-time
SH005391,W03,ST14,CR05,"May 14, 2025",2025-05-16,2025-05-16,201.8,9085.45,On-time
SH005392,W03,ST14,CR02,16/05/2025,18/05/2025,2025-05-21,201.8,11072.21,Delayed
SH005393,W03,ST14,CR02,2025-05-19,2025-05-21,2025-05-21,201.8,9836.16,On-time
SH005394,W03,ST14,CR01,21/05/2025,2025-05-23,23/05/2025,201.8,9115.02,On-time
SH005395,W01,ST14,CR05,"May 23, 2025",25/05/2025,25/05/2025,90.5,6429.9,On-time
SH005396,W03,ST14,CR01,2025-05-25,27/05/2025,27/05/2025,201.8,7918.26,On-time
SH005397,W03,ST14,CR04,27/05/2025,"May 29, 2025",2025-06-01,125.4,8957.22,Delayed
SH005398,W03,ST14,CR01,29/05/2025,31/05/2025,2025-05-31,201.8,10079.23,On-time
SH005399,W03,ST14,CR02,31/05/2025,"June 2, 2025",2025-06-03,201.8,10078.95,Damaged
SH005400,W03,ST14,CR04,"June 2, 2025",2025-06-04,"June 4, 2025",201.8,8456.76,On-time
SH005401,W03,ST14,CR05,04/06/2025,"June 6, 2025","June 9, 2025",201.8,7414.6,Delayed
SH005402,W03,ST14,CR01,2025-06-06,2025-06-08,"June 8, 2025",201.8,8011.92,On-time
SH005403,W03,ST14,CR03,07/06/2025,2025-06-09,09/06/2025,201.8,9644.21,On-time
SH005404,W03,ST14,CR02,2025-06-09,11/06/2025,2025-06-14,201.8,9242.37,Delayed
SH005405,W03,ST14,CR01,"June 12, 2025","June 14, 2025",2025-06-16,201.8,10657.45,Delayed
SH005406,W03,ST14,CR02,"June 14, 2025","June 16, 2025",2025-06-18,201.8,11393.59,Delayed
SH005407,W03,ST14,CR02,"June 16, 2025",18/06/2025,18/06/2025,201.8,11927.17,On-time
SH005408,W03,ST14,CR02,"June 18, 2025","June 20, 2025",20/06/2025,201.8,10497.63,On-time
SH005409,W03,ST14,CR05,"June 20, 2025",22/06/2025,2025-06-25,201.8,10237.33,Delayed
SH005410,W03,ST14,CR05,"June 22, 2025",2025-06-24,24/06/2025,201.8,,On-time
SH005411,W03,ST14,CR03,"June 24, 2025",26/06/2025,2025-06-26,201.8,,On-time
SH005412,W03,ST14,CR01,"June 27, 2025",2025-06-29,2025-06-29,201.8,,On-time
SH005413,W03,ST14,CR02,29/06/2025,01/07/2025,2025-07-01,201.8,10355.61,On-time
SH005414,W03,ST14,CR01,2025-07-01,"July 3, 2025",2025-07-03,201.8,7176.16,On-time
SH005415,W03,ST14,CR04,"July 2, 2025",2025-07-04,"July 4, 2025",201.8,8429.87,On-time
SH005416,W03,ST14,CR05,2025-07-04,"July 6, 2025",2025-07-06,201.8,10978.36,On-time
SH005417,W01,ST14,CR01,06/07/2025,08/07/2025,08/07/2025,145.6,7579.01,On-time
SH005418,W03,ST14,CR02,2025-07-08,2025-07-10,13/07/2025,201.8,8815.47,Delayed
SH005419,W03,ST14,CR04,2025-07-10,"July 12, 2025","July 12, 2025",201.8,9643.51,On-time
SH005420,W03,ST14,CR02,2025-07-11,"July 13, 2025",2025-07-13,201.8,12861.23,On-time
SH005421,W03,ST14,CR05,2025-07-12,14/07/2025,14/07/2025,201.8,11587.29,On-time
SH005422,W03,ST14,CR05,"July 15, 2025","July 17, 2025",2025-07-18,201.8,10154.27,Delayed
SH005423,W03,ST14,CR03,17/07/2025,2025-07-19,"July 20, 2025",201.8,10715.2,Delayed
SH005424,W03,ST14,CR01,"July 19, 2025",21/07/2025,2025-07-21,201.8,8398.14,On-time
SH005425,W03,ST14,CR03,2025-07-22,24/07/2025,2025-07-27,201.8,9180.55,Delayed
SH005426,W03,ST14,CR05,2025-07-25,"July 27, 2025","July 27, 2025",201.8,9376.85,On-time
SH005427,W03,ST14,CR02,"July 27, 2025",2025-07-29,29/07/2025,201.8,8095.74,On-time
SH005428,W03,ST14,CR01,2025-07-29,31/07/2025,2025-07-31,125.4,11133.38,On-time
SH005429,W03,ST14,CR02,31/07/2025,"August 2, 2025",2025-08-02,201.8,10989.76,On-time
SH005430,W03,ST14,CR05,02/08/2025,"August 4, 2025","August 4, 2025",125.4,9469.57,On-time
SH005431,W03,ST14,CR01,"August 3, 2025",05/08/2025,05/08/2025,201.8,10372.45,On-time
SH005432,W03,ST14,CR03,"August 5, 2025",2025-08-07,"August 7, 2025",201.8,8298.5,On-time
SH005433,W03,ST14,CR02,"August 7, 2025",09/08/2025,"August 9, 2025",125.4,11491.69,On-time
SH005434,W03,ST14,CR01,2025-08-10,"August 12, 2025","August 12, 2025",201.8,11757.48,On-time
SH005435,W03,ST14,CR03,2025-08-13,"August 15, 2025",2025-08-15,201.8,12267.46,On-time
SH005436,W03,ST14,CR01,2025-08-16,"August 18, 2025","August 18, 2025",201.8,10162.79,On-time
SH005437,W03,ST14,CR02,"August 18, 2025","August 20, 2025",20/08/2025,201.8,8043.08,On-time
SH005438,W03,ST14,CR02,2025-08-20,2025-08-22,"August 22, 2025",201.8,12891.64,On-time
SH005439,W03,ST14,CR02,22/08/2025,2025-08-24,2025-08-24,201.8,8209.26,On-time
SH005440,W03,ST14,CR02,2025-08-24,26/08/2025,2025-08-26,201.8,8855.84,On-time
SH005441,W03,ST14,CR03,"August 26, 2025","August 28, 2025",2025-08-28,201.8,8563.93,On-time
SH005442,W03,ST14,CR01,2025-08-28,"August 30, 2025",2025-09-02,201.8,10201.93,Delayed
SH005443,W03,ST14,CR04,2025-08-30,01/09/2025,2025-09-01,201.8,12710.37,On-time
SH005444,W03,ST14,CR05,"September 1, 2025",03/09/2025,05/09/2025,201.8,12004.32,Delayed
SH005445,W01,ST14,CR01,04/09/2025,2025-09-06,2025-09-07,145.6,6273.49,Delayed
SH005446,W01,ST14,CR05,06/09/2025,"September 8, 2025",10/09/2025,90.5,8014.19,Delayed
SH005447,W01,ST14,CR05,2025-09-08,2025-09-10,13/09/2025,145.6,7062.5,Delayed
SH005448,W03,ST14,CR01,"September 10, 2025",2025-09-12,"September 14, 2025",201.8,10437.12,Delayed
SH005449,W03,ST14,CR05,2025-09-13,"September 15, 2025","September 15, 2025",201.8,12605.0,On-time
SH005450,W03,ST14,CR01,14/09/2025,16/09/2025,16/09/2025,201.8,11155.51,On-time
SH005451,W02,ST14,CR04,"September 17, 2025","September 19, 2025",2025-09-21,157.1,8866.07,Delayed
SH005452,W03,ST14,CR05,20/09/2025,22/09/2025,"September 25, 2025",201.8,10428.99,Delayed
SH005453,W03,ST14,CR01,22/09/2025,24/09/2025,24/09/2025,201.8,7766.19,On-time
SH005454,W03,ST14,CR04,2025-09-24,26/09/2025,30/09/2025,201.8,10322.07,Delayed
SH005455,W03,ST14,CR01,26/09/2025,2025-09-28,"September 30, 2025",201.8,8590.11,Delayed
SH005456,W03,ST14,CR03,29/09/2025,01/10/2025,01/10/2025,125.4,10626.6,On-time
SH005457,W03,ST14,CR04,"October 1, 2025",2025-10-03,"October 3, 2025",201.8,7509.11,On-time
SH005458,W03,ST14,CR03,03/10/2025,05/10/2025,2025-10-05,201.8,,On-time
SH005459,W03,ST14,CR03,05/10/2025,"October 7, 2025",07/10/2025,125.4,,On-time
SH005460,W03,ST14,CR03,2025-10-07,09/10/2025,2025-10-09,201.8,8813.77,On-time
SH005461,W03,ST14,CR02,2025-10-09,"October 11, 2025",11/10/2025,201.8,10397.87,On-time
SH005462,W03,ST14,CR03,2025-10-11,2025-10-13,13/10/2025,201.8,10905.9,On-time
SH005463,W03,ST14,CR01,"October 13, 2025",2025-10-15,"October 15, 2025",201.8,9283.28,On-time
SH005464,W03,ST14,CR04,2025-10-15,2025-10-17,2025-10-17,201.8,11170.15,On-time
SH005465,W03,ST14,CR05,2025-10-17,19/10/2025,2025-10-19,201.8,9412.11,Lost
SH005466,W03,ST14,CR01,2025-10-19,"October 21, 2025","October 21, 2025",201.8,7530.2,On-time
SH005467,W03,ST14,CR05,21/10/2025,"October 23, 2025",2025-10-23,201.8,10063.64,On-time
SH005468,W03,ST14,CR04,23/10/2025,"October 25, 2025","October 25, 2025",201.8,9377.73,On-time
SH005469,W03,ST14,CR04,"October 25, 2025",2025-10-27,"October 27, 2025",201.8,8678.47,On-time
SH005470,W03,ST14,CR01,2025-10-26,"October 28, 2025","October 28, 2025",201.8,10869.71,On-time
SH005471,W02,ST14,CR05,2025-10-28,30/10/2025,2025-11-02,252.7,15878.13,Delayed
SH005472,W03,ST14,CR04,30/10/2025,01/11/2025,2025-11-05,201.8,8421.08,Delayed
SH005473,W03,ST14,CR02,"November 2, 2025",2025-11-04,"November 4, 2025",201.8,9910.25,On-time
SH005474,W03,ST14,CR02,"November 4, 2025",2025-11-06,06/11/2025,201.8,11294.17,On-time
SH005475,W03,ST14,CR03,"November 5, 2025",07/11/2025,07/11/2025,125.4,8296.78,On-time
SH005476,W03,ST14,CR01,2025-11-07,2025-11-09,"November 9, 2025",201.8,11660.84,On-time
SH005477,W03,ST14,CR02,08/11/2025,"November 10, 2025",12/11/2025,201.8,10233.85,Delayed
SH005478,W03,ST14,CR01,2025-11-10,12/11/2025,"November 16, 2025",201.8,,Delayed
SH005479,W03,ST14,CR03,2025-11-11,2025-11-13,13/11/2025,125.4,8658.97,On-time
SH005480,W01,ST14,CR02,2025-11-13,"November 15, 2025",16/11/2025,145.6,8015.15,Delayed
SH005481,W03,ST14,CR04,"November 16, 2025","November 18, 2025",2025-11-18,125.4,8915.95,On-time
SH005482,W03,ST14,CR05,2025-11-18,2025-11-20,2025-11-22,201.8,12463.27,Delayed
SH005483,W02,ST14,CR02,2025-11-19,21/11/2025,21/11/2025,252.7,13534.04,On-time
SH005484,W03,ST14,CR01,2025-11-21,2025-11-23,23/11/2025,201.8,11087.14,On-time
SH005485,W03,ST14,CR05,"November 22, 2025",24/11/2025,24/11/2025,201.8,7572.62,On-time
SH005486,W03,ST14,CR02,23/11/2025,25/11/2025,2025-11-25,201.8,8605.53,On-time
SH005487,W03,ST14,CR03,25/11/2025,2025-11-27,27/11/2025,201.8,7811.66,On-time
SH005488,W03,ST14,CR01,27/11/2025,2025-11-29,2025-11-29,201.8,8175.41,Damaged
SH005489,W03,ST14,CR04,"November 29, 2025","December 1, 2025","December 1, 2025",201.8,11901.06,On-time
SH005490,W01,ST14,CR03,01/12/2025,2025-12-03,"December 3, 2025",145.6,6436.96,On-time
SH005491,W01,ST14,CR04,03/12/2025,2025-12-05,2025-12-05,145.6,7052.6,On-time
SH005492,W03,ST14,CR01,"December 5, 2025","December 7, 2025",2025-12-07,201.8,9528.14,On-time
SH005493,W03,ST14,CR01,"December 8, 2025",10/12/2025,2025-12-10,201.8,8277.76,On-time
SH005494,W03,ST14,CR02,10/12/2025,"December 12, 2025",12/12/2025,201.8,10668.31,On-time
SH005495,W03,ST14,CR05,2025-12-12,2025-12-14,"December 14, 2025",201.8,10966.54,On-time
SH005496,W03,ST14,CR05,"December 14, 2025",2025-12-16,16/12/2025,201.8,11805.27,On-time
SH005497,W03,ST14,CR01,"December 16, 2025",2025-12-18,18/12/2025,201.8,9931.67,On-time
SH005498,W03,ST14,CR02,2025-12-18,"December 20, 2025","December 20, 2025",201.8,8816.3,On-time
SH005499,W03,ST14,CR03,20/12/2025,"December 22, 2025",22/12/2025,201.8,11884.16,On-time
SH005500,W03,ST14,CR02,"December 22, 2025",24/12/2025,2025-12-24,201.8,7259.25,On-time
SH005501,W03,ST14,CR01,2025-12-24,26/12/2025,"December 26, 2025",125.4,9684.9,On-time
SH005502,W03,ST14,CR01,"December 25, 2025",27/12/2025,27/12/2025,201.8,9543.67,On-time
SH005503,W03,ST14,CR01,"December 28, 2025",30/12/2025,2025-12-30,201.8,9860.23,On-time
SH005504,W03,ST14,CR05,2025-12-31,"January 2, 2026",,201.8,10638.03,In-Transit
SH005505,W01,ST15,CR01,04/01/2024,2024-01-06,2024-01-06,221.4,12293.42,On-time
SH005506,W02,ST15,CR05,"January 5, 2024",2024-01-06,06/01/2024,21.2,1140.15,On-time
SH005507,W02,ST15,CR01,07/01/2024,"January 8, 2024","January 8, 2024",24.2,1758.73,On-time
SH005508,W02,ST15,CR01,09/01/2024,10/01/2024,"January 10, 2024",26.8,1853.0,On-time
SH005509,W02,ST15,CR03,2024-01-11,2024-01-12,2024-01-12,26.4,1853.44,On-time
SH005510,W02,ST15,CR05,2024-01-13,14/01/2024,14/01/2024,28.8,1886.85,On-time
SH005511,W01,ST15,CR02,"January 15, 2024",17/01/2024,17/01/2024,221.4,10109.01,On-time
SH005512,W01,ST15,CR04,17/01/2024,2024-01-19,2024-01-19,221.4,9379.84,On-time
SH005513,W02,ST15,CR01,2024-01-18,2024-01-19,2024-01-19,9.5,770.18,On-time
SH005514,W02,ST15,CR01,"January 19, 2024","January 20, 2024",2024-01-20,15.9,1241.02,On-time
SH005515,W02,ST99,CR04,"January 21, 2024","January 22, 2024",22/01/2024,8.9,572.6,On-time
SH005516,W02,ST15,CR04,2024-01-23,"January 24, 2024","January 24, 2024",15.4,1282.28,On-time
SH005517,W02,ST15,CR02,2024-01-25,2024-01-26,2024-01-26,8.2,,On-time
SH005518,W02,ST15,CR01,2024-01-27,28/01/2024,"January 28, 2024",34.4,2260.14,On-time
SH005519,W02,ST15,CR02,2024-01-29,"January 30, 2024",30/01/2024,16.3,1081.99,On-time
SH005520,W03,ST15,CR02,31/01/2024,03/02/2024,2024-02-03,417.6,26741.23,On-time
SH005521,W02,ST15,CR03,"February 1, 2024",02/02/2024,"February 2, 2024",13.2,1564.22,On-time
SH005522,W02,ST15,CR01,"February 2, 2024","February 3, 2024",2024-02-03,19.3,,On-time
SH005523,W01,ST15,CR03,2024-02-04,"February 6, 2024",2024-02-06,221.4,10851.97,On-time
SH005524,W02,ST15,CR02,2024-02-05,06/02/2024,06/02/2024,22.0,1437.05,On-time
SH005525,W02,ST15,CR01,07/02/2024,2024-02-08,2024-02-08,12.0,1016.66,On-time
SH005526,W02,ST15,CR05,08/02/2024,"February 9, 2024",2024-02-09,33.3,2232.74,On-time
SH005527,W01,ST15,CR05,09/02/2024,"February 11, 2024",2024-02-11,221.4,11602.97,On-time
SH005528,W02,ST15,CR03,"February 10, 2024",11/02/2024,2024-02-11,22.2,1441.5,On-time
SH005529,W03,ST15,CR04,2024-02-11,"February 14, 2024",16/02/2024,417.6,18146.0,Delayed
SH005530,W02,ST15,CR01,13/02/2024,"February 14, 2024",17/02/2024,28.5,1579.53,Delayed
SH005531,W02,ST15,CR04,"February 15, 2024",16/02/2024,2024-02-16,13.1,897.29,On-time
SH005532,W02,ST15,CR03,"February 16, 2024",17/02/2024,2024-02-17,18.4,1627.54,Damaged
SH005533,W02,ST15,CR03,2024-02-18,2024-02-19,19/02/2024,31.0,1307.02,Lost
SH005534,W02,ST15,CR03,2024-02-19,"February 20, 2024",20/02/2024,7.6,862.32,On-time
SH005535,W02,ST15,CR04,2024-02-21,22/02/2024,"February 22, 2024",9.9,1332.76,On-time
SH005536,W01,ST15,CR03,2024-02-22,2024-02-24,2024-02-24,221.4,,On-time
SH005537,W02,ST15,CR05,"February 23, 2024","February 24, 2024","February 24, 2024",30.3,,On-time
SH005538,W02,ST15,CR01,24/02/2024,25/02/2024,2024-02-25,17.2,1058.87,On-time
SH005539,W02,ST15,CR02,"February 26, 2024","February 27, 2024",2024-03-01,16.3,1580.58,Delayed
SH005540,W02,ST15,CR03,"February 27, 2024",2024-02-28,2024-02-28,21.0,1464.31,On-time
SH005541,W02,ST15,CR01,"February 28, 2024","February 29, 2024","February 29, 2024",9.7,947.88,On-time
SH005542,W02,ST15,CR01,2024-03-01,2024-03-02,2024-03-02,29.2,1669.98,Lost
SH005543,W02,ST15,CR03,"March 3, 2024","March 4, 2024",2024-03-04,13.1,990.33,On-time
SH005544,W02,ST15,CR03,"March 4, 2024",05/03/2024,05/03/2024,32.5,1619.86,On-time
SH005545,W02,ST15,CR01,"March 6, 2024",2024-03-07,2024-03-07,25.2,1665.61,On-time
SH005546,W02,ST15,CR04,08/03/2024,"March 9, 2024","March 9, 2024",23.9,1464.92,On-time
SH005547,W01,ST15,CR02,09/03/2024,11/03/2024,"March 15, 2024",221.4,9813.58,Delayed
SH005548,W02,ST15,CR01,11/03/2024,"March 12, 2024",12/03/2024,25.5,1548.29,On-time
SH005549,W02,ST15,CR04,2024-03-12,13/03/2024,2024-03-13,20.1,1573.63,On-time
SH005550,W02,ST15,CR03,2024-03-13,"March 14, 2024","March 14, 2024",11.3,824.42,On-time
SH005551,W02,ST15,CR04,2024-03-15,16/03/2024,2024-03-16,14.0,1296.04,On-time
SH005552,W02,ST15,CR02,"March 17, 2024",2024-03-18,20/03/2024,10.1,909.4,Delayed
SH005553,W02,ST15,CR03,18/03/2024,2024-03-19,2024-03-19,10.9,923.79,On-time
SH005554,W02,ST15,CR03,"March 20, 2024","March 21, 2024","March 21, 2024",11.4,729.2,On-time
SH005555,W02,ST15,CR02,"March 21, 2024","March 22, 2024","March 22, 2024",34.5,1822.58,On-time
SH005556,W02,ST15,CR01,23/03/2024,2024-03-24,"March 24, 2024",31.8,2436.55,On-time
SH005557,W02,ST15,CR02,2024-03-24,"March 25, 2024",25/03/2024,28.9,1600.71,On-time
SH005558,W02,ST15,CR03,"March 25, 2024","March 26, 2024","March 26, 2024",10.0,894.5,On-time
SH005559,W02,ST15,CR01,26/03/2024,27/03/2024,27/03/2024,11.1,861.91,On-time
SH005560,W02,ST15,CR05,"March 27, 2024","March 28, 2024",2024-03-28,14.5,1044.17,On-time
SH005561,W02,ST15,CR05,"March 28, 2024",2024-03-29,2024-03-29,33.0,1868.12,On-time
SH005562,W02,ST15,CR03,29/03/2024,2024-03-30,"March 30, 2024",24.2,1302.85,On-time
SH005563,W02,ST15,CR04,31/03/2024,"April 1, 2024",2024-04-01,33.6,1787.94,On-time
SH005564,W02,ST15,CR04,02/04/2024,"April 3, 2024","April 3, 2024",8.7,636.22,On-time
SH005565,W02,ST15,CR01,2024-04-04,"April 5, 2024",2024-04-05,13.7,899.86,On-time
SH005566,W02,ST15,CR03,05/04/2024,"April 6, 2024","April 6, 2024",32.5,,On-time
SH005567,W03,ST15,CR01,2024-04-06,09/04/2024,10/04/2024,417.6,23736.04,Delayed
SH005568,W02,ST15,CR02,07/04/2024,"April 8, 2024",2024-04-08,22.4,1178.35,On-time
SH005569,W02,ST15,CR01,"April 9, 2024",10/04/2024,2024-04-12,29.9,1728.74,Delayed
SH005570,W02,ST15,CR05,"April 10, 2024","April 11, 2024",2024-04-11,16.4,873.87,On-time
SH005571,W02,ST15,CR05,"April 12, 2024",13/04/2024,"April 13, 2024",25.1,1412.41,On-time
SH005572,W02,ST15,CR05,2024-04-13,14/04/2024,14/04/2024,34.8,2150.22,On-time
SH005573,W02,ST15,CR03,"April 14, 2024","April 15, 2024",2024-04-15,25.0,1667.6,On-time
SH005574,W02,ST15,CR05,"April 15, 2024",16/04/2024,"April 16, 2024",32.3,1497.47,Damaged
SH005575,W02,ST15,CR04,2024-04-17,2024-04-18,22/04/2024,23.6,1270.48,Delayed
SH005576,W02,ST15,CR05,"April 18, 2024",19/04/2024,2024-04-20,13.3,1037.29,Delayed
SH005577,W02,ST15,CR03,"April 19, 2024",2024-04-20,"April 20, 2024",26.2,1348.88,On-time
SH005578,W02,ST15,CR03,2024-04-20,21/04/2024,2024-04-21,14.3,1012.55,Damaged
SH005579,W02,ST15,CR02,2024-04-21,2024-04-22,2024-04-22,19.4,1350.3,On-time
SH005580,W02,ST15,CR03,23/04/2024,2024-04-24,24/04/2024,8.5,797.84,On-time
SH005581,W02,ST15,CR02,25/04/2024,26/04/2024,"April 26, 2024",26.5,1857.68,On-time
SH005582,W01,ST15,CR05,"April 26, 2024",28/04/2024,2024-04-28,221.4,11390.91,On-time
SH005583,W02,ST15,CR05,"April 27, 2024",28/04/2024,"April 28, 2024",23.7,1636.27,On-time
SH005584,W02,ST15,CR05,28/04/2024,2024-04-29,29/04/2024,26.7,1850.19,On-time
SH005585,W02,ST15,CR04,2024-04-29,30/04/2024,2024-05-01,25.6,2062.83,Delayed
SH005586,W02,ST15,CR03,"April 30, 2024",01/05/2024,2024-05-01,8.8,1292.69,On-time
SH005587,W02,ST15,CR04,2024-05-01,02/05/2024,2024-05-02,10.2,706.87,On-time
SH005588,W02,ST15,CR01,"May 2, 2024",03/05/2024,2024-05-03,16.3,903.86,On-time
SH005589,W02,ST15,CR05,2024-05-03,"May 4, 2024","May 4, 2024",27.0,1497.29,On-time
SH005590,W02,ST15,CR03,"May 5, 2024",06/05/2024,06/05/2024,10.0,785.35,On-time
SH005591,W02,ST15,CR04,"May 7, 2024",08/05/2024,11/05/2024,14.3,1031.19,Delayed
SH005592,W02,ST15,CR01,"May 8, 2024",2024-05-09,09/05/2024,12.8,1146.76,On-time
SH005593,W02,ST15,CR05,09/05/2024,"May 10, 2024",2024-05-10,13.3,865.75,On-time
SH005594,W02,ST15,CR05,11/05/2024,2024-05-12,2024-05-12,11.6,992.84,On-time
SH005595,W02,ST15,CR02,"May 13, 2024",14/05/2024,2024-05-14,6.9,1124.84,On-time
SH005596,W02,ST15,CR03,"May 15, 2024",16/05/2024,16/05/2024,18.0,1019.65,On-time
SH005597,W02,ST15,CR05,16/05/2024,2024-05-17,"May 17, 2024",19.1,2081.62,On-time
SH005598,W02,ST15,CR03,"May 17, 2024","May 18, 2024",2024-05-18,12.6,958.54,On-time
SH005599,W02,ST15,CR04,19/05/2024,20/05/2024,"May 22, 2024",15.6,1381.8,Delayed
SH005600,W02,ST15,CR04,"May 21, 2024",22/05/2024,22/05/2024,12.9,1359.21,On-time
SH005601,W02,ST15,CR01,2024-05-22,2024-05-23,2024-05-23,24.6,1654.77,On-time
SH005602,W02,ST15,CR05,2024-05-23,2024-05-24,24/05/2024,23.0,1213.47,On-time
SH005603,W01,ST15,CR05,"May 25, 2024","May 27, 2024","May 29, 2024",137.6,8470.69,Delayed
SH005604,W02,ST15,CR01,"May 26, 2024","May 27, 2024","May 27, 2024",16.9,1029.53,On-time
SH005605,W01,ST15,CR05,2024-05-27,29/05/2024,29/05/2024,221.4,8838.98,On-time
SH005606,W02,ST15,CR02,28/05/2024,29/05/2024,29/05/2024,17.1,1274.59,On-time
SH005607,W02,ST15,CR02,"May 30, 2024",31/05/2024,31/05/2024,9.9,965.66,Damaged
SH005608,W02,ST15,CR03,01/06/2024,02/06/2024,2024-06-03,11.6,865.1,Delayed
SH005609,W02,ST15,CR02,"June 2, 2024",2024-06-03,03/06/2024,12.3,815.69,On-time
SH005610,W02,ST15,CR01,03/06/2024,2024-06-04,08/06/2024,15.3,1004.13,Delayed
SH005611,W02,ST15,CR05,"June 5, 2024","June 6, 2024",06/06/2024,31.7,1973.75,On-time
SH005612,W02,ST15,CR01,"June 6, 2024","June 7, 2024",07/06/2024,26.5,1266.9,On-time
SH005613,W02,ST15,CR03,"June 7, 2024","June 8, 2024",08/06/2024,13.2,1221.5,On-time
SH005614,W02,ST15,CR01,09/06/2024,10/06/2024,2024-06-10,13.5,1435.97,On-time
SH005615,W02,ST15,CR02,"June 11, 2024","June 12, 2024","June 12, 2024",20.4,,On-time
SH005616,W03,ST15,CR05,12/06/2024,2024-06-15,15/06/2024,417.6,16064.5,On-time
SH005617,W02,ST15,CR04,2024-06-14,2024-06-15,2024-06-19,23.8,1341.3,Delayed
SH005618,W02,ST15,CR02,15/06/2024,16/06/2024,"June 16, 2024",34.3,1958.56,On-time
SH005619,W02,ST15,CR02,"June 16, 2024",17/06/2024,2024-06-17,14.9,1487.96,On-time
SH005620,W02,ST15,CR01,17/06/2024,18/06/2024,"June 18, 2024",22.6,1411.77,On-time
SH005621,W02,ST15,CR02,"June 19, 2024",20/06/2024,"June 23, 2024",8.1,817.99,Delayed
SH005622,W02,ST15,CR03,20/06/2024,21/06/2024,"June 21, 2024",17.0,1386.26,On-time
SH005623,W02,ST15,CR01,"June 21, 2024",2024-06-22,22/06/2024,10.0,694.92,On-time
SH005624,W03,ST15,CR05,2024-06-22,25/06/2024,25/06/2024,417.6,17527.21,On-time
SH005625,W02,ST15,CR02,"June 23, 2024","June 24, 2024",24/06/2024,20.2,1336.15,On-time
SH005626,W02,ST15,CR04,2024-06-24,2024-06-25,25/06/2024,22.8,1430.96,On-time
SH005627,W02,ST15,CR05,2024-06-25,"June 26, 2024",26/06/2024,31.3,1928.83,On-time
SH005628,W01,ST15,CR04,26/06/2024,2024-06-28,"July 1, 2024",221.4,8885.46,Delayed
SH005629,W02,ST15,CR03,"June 28, 2024",29/06/2024,30/06/2024,10.9,1205.09,Lost
SH005630,W02,ST15,CR02,29/06/2024,2024-06-30,30/06/2024,16.5,1054.68,On-time
SH005631,W02,ST15,CR02,"June 30, 2024",2024-07-01,2024-07-03,21.6,1347.13,Delayed
SH005632,W02,ST15,CR05,02/07/2024,03/07/2024,"July 3, 2024",26.8,1624.93,On-time
SH005633,W02,ST15,CR02,2024-07-03,2024-07-04,04/07/2024,21.6,1692.56,On-time
SH005634,W02,ST15,CR02,05/07/2024,"July 6, 2024","July 8, 2024",14.0,820.73,Delayed
SH005635,W02,ST15,CR01,07/07/2024,08/07/2024,"July 8, 2024",23.0,1079.05,On-time
SH005636,W02,ST15,CR01,"July 8, 2024",09/07/2024,09/07/2024,22.0,1260.44,On-time
SH005637,W02,ST15,CR03,2024-07-09,10/07/2024,2024-07-10,13.4,948.3,Damaged
SH005638,W02,ST15,CR04,2024-07-11,12/07/2024,16/07/2024,32.9,1944.69,Delayed
SH005639,W02,ST15,CR05,12/07/2024,13/07/2024,2024-07-17,34.7,1563.03,Delayed
SH005640,W02,ST15,CR04,13/07/2024,"July 14, 2024",14/07/2024,9.3,698.17,On-time
SH005641,W02,ST15,CR04,2024-07-14,"July 15, 2024",15/07/2024,18.7,962.44,On-time
SH005642,W02,ST15,CR05,"July 15, 2024",16/07/2024,"July 16, 2024",29.5,1811.17,On-time
SH005643,W02,ST15,CR01,"July 16, 2024",2024-07-17,17/07/2024,28.1,1566.45,On-time
SH005644,W02,ST15,CR01,17/07/2024,2024-07-18,18/07/2024,31.2,1500.52,On-time
SH005645,W02,ST15,CR03,"July 19, 2024",20/07/2024,"July 20, 2024",17.6,1161.76,On-time
SH005646,W02,ST15,CR01,21/07/2024,2024-07-22,"July 22, 2024",12.5,833.44,On-time
SH005647,W02,ST15,CR03,"July 23, 2024",24/07/2024,"July 24, 2024",13.6,1154.48,On-time
SH005648,W02,ST15,CR01,"July 24, 2024","July 25, 2024",2024-07-25,14.7,1758.36,On-time
SH005649,W01,ST15,CR02,"July 25, 2024",27/07/2024,2024-07-27,221.4,9049.14,On-time
SH005650,W02,ST15,CR01,27/07/2024,"July 28, 2024",2024-07-28,14.6,1037.5,On-time
SH005651,W02,ST15,CR04,2024-07-28,"July 29, 2024",2024-08-02,26.7,1564.36,Delayed
SH005652,W02,ST15,CR02,29/07/2024,2024-07-30,2024-07-30,11.9,884.99,On-time
SH005653,W02,ST15,CR02,31/07/2024,2024-08-01,2024-08-01,16.6,903.68,On-time
SH005654,W02,ST15,CR01,"August 1, 2024","August 2, 2024","August 2, 2024",33.9,1886.42,Lost
SH005655,W02,ST15,CR01,03/08/2024,"August 4, 2024","August 4, 2024",33.3,2246.53,On-time
SH005656,W02,ST15,CR04,04/08/2024,"August 5, 2024",2024-08-06,19.1,1083.52,Delayed
SH005657,W02,ST15,CR05,06/08/2024,07/08/2024,"August 7, 2024",17.3,1104.93,On-time
SH005658,W02,ST15,CR05,2024-08-07,2024-08-08,08/08/2024,20.8,1421.79,On-time
SH005659,W02,ST15,CR05,2024-08-09,10/08/2024,2024-08-14,23.5,1532.81,Delayed
SH005660,W02,ST15,CR01,2024-08-11,2024-08-12,2024-08-15,21.1,1457.4,Delayed
SH005661,W02,ST15,CR03,"August 13, 2024",2024-08-14,"August 14, 2024",23.6,1699.39,On-time
SH005662,W03,ST15,CR01,15/08/2024,2024-08-18,"August 20, 2024",417.6,17047.54,Delayed
SH005663,W02,ST15,CR04,16/08/2024,17/08/2024,2024-08-17,32.4,1621.0,On-time
SH005664,W02,ST15,CR01,18/08/2024,19/08/2024,2024-08-20,29.4,1709.16,Delayed
SH005665,W02,ST15,CR01,20/08/2024,"August 21, 2024","August 21, 2024",19.3,,On-time
SH005666,W02,ST15,CR01,2024-08-22,2024-08-23,2024-08-23,22.3,1468.51,On-time
SH005667,W02,ST15,CR05,23/08/2024,2024-08-24,2024-08-24,29.6,1803.85,On-time
SH005668,W02,ST15,CR01,"August 24, 2024",2024-08-25,25/08/2024,24.4,1582.96,On-time
SH005669,W02,ST15,CR03,2024-08-25,26/08/2024,26/08/2024,14.8,883.69,On-time
SH005670,W02,ST99,CR01,"August 26, 2024",2024-08-27,2024-08-27,22.1,1237.32,On-time
SH005671,W02,ST15,CR02,2024-08-27,"August 28, 2024","August 28, 2024",15.8,,On-time
SH005672,W02,ST15,CR03,"August 29, 2024",30/08/2024,"August 30, 2024",19.9,1390.88,On-time
SH005673,W02,ST15,CR03,"August 30, 2024",31/08/2024,"August 31, 2024",30.6,,On-time
SH005674,W02,ST15,CR03,01/09/2024,"September 2, 2024",2024-09-02,34.9,2189.38,On-time
SH005675,W02,ST15,CR01,2024-09-02,03/09/2024,"September 3, 2024",30.8,2322.25,On-time
SH005676,W02,ST15,CR05,04/09/2024,"September 5, 2024",2024-09-05,27.5,1743.13,On-time
SH005677,W02,ST15,CR01,2024-09-05,"September 6, 2024","September 6, 2024",8.1,892.59,On-time
SH005678,W02,ST15,CR01,"September 7, 2024",08/09/2024,08/09/2024,16.6,1066.52,On-time
SH005679,W02,ST15,CR03,2024-09-08,2024-09-09,09/09/2024,14.8,1175.32,On-time
SH005680,W02,ST15,CR01,2024-09-09,10/09/2024,"September 13, 2024",20.1,1210.34,Delayed
SH005681,W02,ST15,CR04,"September 10, 2024",2024-09-11,"September 11, 2024",19.0,1378.22,On-time
SH005682,W02,ST15,CR02,"September 11, 2024",12/09/2024,12/09/2024,26.8,1859.57,On-time
SH005683,W02,ST15,CR02,13/09/2024,"September 14, 2024",2024-09-14,34.4,1906.31,Damaged
SH005684,W02,ST15,CR03,"September 15, 2024",16/09/2024,2024-09-16,22.4,1452.02,On-time
SH005685,W02,ST15,CR01,16/09/2024,"September 17, 2024","September 17, 2024",27.7,1596.77,On-time
SH005686,W01,ST15,CR05,2024-09-18,20/09/2024,20/09/2024,137.6,11152.96,On-time
SH005687,W03,ST15,CR03,"September 19, 2024",2024-09-22,"September 22, 2024",417.6,23477.5,On-time
SH005688,W02,ST15,CR01,2024-09-20,21/09/2024,2024-09-21,18.8,1233.75,On-time
SH005689,W02,ST15,CR02,22/09/2024,2024-09-23,23/09/2024,18.4,881.99,On-time
SH005690,W02,ST15,CR03,23/09/2024,"September 24, 2024","September 27, 2024",31.0,1744.93,Delayed
SH005691,W02,ST15,CR04,24/09/2024,25/09/2024,25/09/2024,12.3,868.32,On-time
SH005692,W02,ST15,CR05,25/09/2024,"September 26, 2024","September 26, 2024",9.7,864.84,On-time
SH005693,W02,ST15,CR03,2024-09-26,2024-09-27,"September 27, 2024",15.4,1127.44,On-time
SH005694,W01,ST15,CR02,27/09/2024,2024-09-29,01/10/2024,137.6,9810.34,Delayed
SH005695,W02,ST15,CR02,"September 29, 2024",30/09/2024,"September 30, 2024",16.8,2068.86,On-time
SH005696,W02,ST15,CR04,2024-10-01,02/10/2024,02/10/2024,27.0,2020.68,On-time
SH005697,W02,ST15,CR05,"October 2, 2024","October 3, 2024",2024-10-03,19.6,,On-time
SH005698,W02,ST15,CR01,04/10/2024,05/10/2024,"October 5, 2024",20.6,1491.49,On-time
SH005699,W02,ST15,CR05,"October 5, 2024",2024-10-06,"October 6, 2024",16.2,1334.9,On-time
SH005700,W02,ST15,CR05,"October 7, 2024",08/10/2024,08/10/2024,10.1,841.71,On-time
SH005701,W02,ST15,CR01,09/10/2024,"October 10, 2024","October 10, 2024",30.4,2399.58,On-time
SH005702,W02,ST15,CR01,11/10/2024,2024-10-12,2024-10-12,15.5,955.08,On-time
SH005703,W02,ST15,CR03,12/10/2024,2024-10-13,2024-10-13,16.5,837.84,On-time
SH005704,W02,ST15,CR03,2024-10-14,2024-10-15,"October 15, 2024",10.0,1276.43,On-time
SH005705,W01,ST15,CR01,"October 16, 2024",2024-10-18,18/10/2024,221.4,,On-time
SH005706,W02,ST15,CR03,2024-10-17,"October 18, 2024","October 18, 2024",26.5,1785.11,On-time
SH005707,W02,ST15,CR01,18/10/2024,19/10/2024,19/10/2024,18.8,1234.64,On-time
SH005708,W02,ST15,CR02,"October 19, 2024",20/10/2024,"October 20, 2024",10.9,815.83,On-time
SH005709,W02,ST15,CR01,"October 20, 2024",21/10/2024,2024-10-21,26.6,1412.84,On-time
SH005710,W02,ST15,CR01,22/10/2024,"October 23, 2024",23/10/2024,19.6,1919.39,On-time
SH005711,W02,ST15,CR02,23/10/2024,2024-10-24,2024-10-24,31.7,1821.65,On-time
SH005712,W02,ST15,CR01,"October 24, 2024",25/10/2024,2024-10-25,26.1,1530.16,Damaged
SH005713,W02,ST15,CR03,2024-10-25,26/10/2024,26/10/2024,10.0,646.23,On-time
SH005714,W02,ST15,CR01,26/10/2024,2024-10-27,27/10/2024,10.9,775.84,On-time
SH005715,W02,ST15,CR01,27/10/2024,28/10/2024,28/10/2024,18.7,1013.35,On-time
SH005716,W02,ST15,CR01,29/10/2024,2024-10-30,2024-10-30,31.4,1629.64,On-time
SH005717,W01,ST15,CR05,"October 31, 2024","November 2, 2024","November 5, 2024",221.4,12417.69,Delayed
SH005718,W02,ST15,CR01,01/11/2024,02/11/2024,"November 2, 2024",33.7,1579.66,On-time
SH005719,W02,ST15,CR05,03/11/2024,2024-11-04,04/11/2024,18.3,1487.0,On-time
SH005720,W02,ST15,CR01,"November 5, 2024",2024-11-06,2024-11-06,24.5,1695.76,On-time
SH005721,W02,ST15,CR01,2024-11-06,07/11/2024,2024-11-07,23.4,1646.69,On-time
SH005722,W02,ST15,CR02,2024-11-07,08/11/2024,2024-11-08,34.6,2106.46,On-time
SH005723,W02,ST15,CR03,09/11/2024,2024-11-10,10/11/2024,13.7,760.71,On-time
SH005724,W02,ST15,CR05,10/11/2024,11/11/2024,2024-11-11,8.9,680.3,On-time
SH005725,W02,ST15,CR04,"November 11, 2024",2024-11-12,12/11/2024,21.4,1664.88,On-time
SH005726,W02,ST15,CR01,2024-11-12,2024-11-13,"November 13, 2024",21.3,1406.95,On-time
SH005727,W02,ST15,CR03,2024-11-13,2024-11-14,2024-11-14,9.0,1354.87,On-time
SH005728,W02,ST15,CR04,14/11/2024,"November 15, 2024","November 16, 2024",32.0,1847.04,Delayed
SH005729,W02,ST15,CR02,15/11/2024,"November 16, 2024",2024-11-16,11.6,1308.12,On-time
SH005730,W02,ST15,CR01,2024-11-16,17/11/2024,17/11/2024,12.1,958.44,On-time
SH005731,W03,ST15,CR05,18/11/2024,"November 21, 2024",2024-11-21,417.6,17034.77,On-time
SH005732,W03,ST15,CR04,2024-11-19,22/11/2024,24/11/2024,259.5,22077.03,Delayed
SH005733,W02,ST15,CR05,21/11/2024,"November 22, 2024","November 22, 2024",23.6,1171.04,On-time
SH005734,W02,ST15,CR01,2024-11-22,23/11/2024,23/11/2024,16.0,995.52,Damaged
SH005735,W02,ST15,CR01,2024-11-24,"November 25, 2024",2024-11-28,27.8,1607.71,Delayed
SH005736,W02,ST15,CR01,25/11/2024,"November 26, 2024","November 26, 2024",18.0,1015.36,On-time
SH005737,W02,ST15,CR04,2024-11-26,2024-11-27,"November 27, 2024",24.9,2002.44,On-time
SH005738,W02,ST15,CR05,"November 28, 2024","November 29, 2024","November 29, 2024",22.8,1177.46,On-time
SH005739,W02,ST15,CR02,2024-11-30,01/12/2024,"December 1, 2024",8.8,689.64,On-time
SH005740,W02,ST15,CR02,2024-12-01,2024-12-02,2024-12-02,9.2,897.45,On-time
SH005741,W01,ST15,CR04,02/12/2024,2024-12-04,"December 4, 2024",221.4,10367.05,On-time
SH005742,W02,ST15,CR03,04/12/2024,"December 5, 2024","December 5, 2024",15.0,,On-time
SH005743,W02,ST15,CR02,"December 6, 2024",07/12/2024,2024-12-07,22.0,1496.66,On-time
SH005744,W02,ST15,CR03,2024-12-08,"December 9, 2024",09/12/2024,14.3,866.32,On-time
SH005745,W02,ST15,CR03,"December 10, 2024","December 11, 2024","December 11, 2024",27.5,1839.34,On-time
SH005746,W02,ST15,CR03,2024-12-11,12/12/2024,"December 12, 2024",19.3,1197.56,On-time
SH005747,W02,ST15,CR05,"December 12, 2024",2024-12-13,"December 13, 2024",22.4,1114.13,On-time
SH005748,W02,ST15,CR01,2024-12-13,"December 14, 2024",2024-12-14,9.0,695.43,On-time
SH005749,W02,ST15,CR04,"December 14, 2024",2024-12-15,15/12/2024,33.5,1960.38,On-time
SH005750,W02,ST15,CR04,2024-12-15,16/12/2024,16/12/2024,16.5,1041.97,On-time
SH005751,W02,ST15,CR05,2024-12-16,17/12/2024,2024-12-17,28.5,1754.41,On-time
SH005752,W02,ST15,CR04,2024-12-17,2024-12-18,18/12/2024,19.2,1372.0,On-time
SH005753,W02,ST15,CR03,18/12/2024,19/12/2024,19/12/2024,29.0,1777.65,On-time
SH005754,W02,ST15,CR05,2024-12-19,"December 20, 2024",20/12/2024,26.2,1628.6,Damaged
SH005755,W02,ST15,CR03,2024-12-21,2024-12-22,2024-12-22,22.6,1448.4,On-time
SH005756,W02,ST15,CR04,23/12/2024,24/12/2024,24/12/2024,33.1,1568.14,On-time
SH005757,W01,ST15,CR03,"December 25, 2024",2024-12-27,"December 27, 2024",221.4,9348.89,On-time
SH005758,W02,ST15,CR05,"December 26, 2024","December 27, 2024","December 31, 2024",10.9,944.76,Delayed
SH005759,W02,ST15,CR04,2024-12-28,2024-12-29,"December 29, 2024",31.7,1942.76,Lost
SH005760,W02,ST15,CR05,30/12/2024,31/12/2024,31/12/2024,10.5,1015.13,On-time
SH005761,W02,ST15,CR02,"December 31, 2024",01/01/2025,2025-01-01,27.8,1918.83,On-time
SH005762,W02,ST15,CR05,01/01/2025,2025-01-02,2025-01-02,18.9,1383.9,On-time
SH005763,W02,ST15,CR05,03/01/2025,04/01/2025,2025-01-06,14.7,1030.88,Delayed
SH005764,W02,ST15,CR03,04/01/2025,2025-01-05,08/01/2025,25.3,1376.63,Delayed
SH005765,W02,ST15,CR02,2025-01-05,2025-01-06,"January 6, 2025",11.9,1080.09,On-time
SH005766,W02,ST15,CR05,"January 7, 2025",08/01/2025,2025-01-08,16.6,821.73,On-time
SH005767,W02,ST15,CR02,08/01/2025,2025-01-09,"January 9, 2025",13.9,1309.9,On-time
SH005768,W02,ST15,CR02,09/01/2025,10/01/2025,"January 10, 2025",24.3,1614.04,On-time
SH005769,W02,ST15,CR05,11/01/2025,"January 12, 2025","January 12, 2025",25.3,1324.82,On-time
SH005770,W02,ST15,CR01,12/01/2025,"January 13, 2025","January 13, 2025",29.5,1941.73,On-time
SH005771,W02,ST15,CR01,14/01/2025,2025-01-15,15/01/2025,33.1,2318.02,On-time
SH005772,W02,ST15,CR01,2025-01-15,"January 16, 2025",16/01/2025,30.0,2055.72,On-time
SH005773,W01,ST15,CR04,"January 16, 2025",18/01/2025,"January 20, 2025",221.4,9408.21,Delayed
SH005774,W02,ST15,CR01,17/01/2025,18/01/2025,2025-01-18,24.9,1530.63,On-time
SH005775,W03,ST15,CR02,2025-01-18,21/01/2025,"January 21, 2025",417.6,17269.07,On-time
SH005776,W02,ST15,CR02,2025-01-20,21/01/2025,21/01/2025,22.1,1461.2,On-time
SH005777,W02,ST15,CR02,"January 22, 2025",2025-01-23,23/01/2025,21.4,1558.13,On-time
SH005778,W02,ST15,CR03,24/01/2025,2025-01-25,25/01/2025,10.6,694.01,On-time
SH005779,W02,ST15,CR02,"January 25, 2025","January 26, 2025",2025-01-26,19.3,1000.92,On-time
SH005780,W02,ST15,CR01,2025-01-27,28/01/2025,2025-01-28,28.5,1682.69,On-time
SH005781,W02,ST15,CR01,2025-01-28,29/01/2025,2025-01-29,24.6,1268.69,On-time
SH005782,W02,ST15,CR02,30/01/2025,2025-01-31,2025-01-31,18.0,1083.77,On-time
SH005783,W02,ST15,CR02,"February 1, 2025",2025-02-02,"February 2, 2025",15.5,1525.22,On-time
SH005784,W02,ST15,CR02,2025-02-02,2025-02-03,03/02/2025,34.4,2596.73,On-time
SH005785,W02,ST15,CR05,03/02/2025,2025-02-04,04/02/2025,18.4,1100.82,On-time
SH005786,W02,ST15,CR05,2025-02-04,05/02/2025,"February 5, 2025",31.4,1706.99,On-time
SH005787,W02,ST15,CR02,"February 6, 2025",2025-02-07,09/02/2025,12.0,918.6,Delayed
SH005788,W01,ST15,CR05,2025-02-08,10/02/2025,10/02/2025,221.4,11287.55,On-time
SH005789,W02,ST15,CR05,10/02/2025,11/02/2025,11/02/2025,28.0,2164.56,On-time
SH005790,W02,ST15,CR02,12/02/2025,13/02/2025,2025-02-13,28.1,1799.03,On-time
SH005791,W02,ST15,CR03,13/02/2025,2025-02-14,"February 14, 2025",30.5,1842.01,On-time
SH005792,W02,ST15,CR01,14/02/2025,2025-02-15,2025-02-15,18.8,,On-time
SH005793,W01,ST15,CR01,"February 15, 2025",2025-02-17,17/02/2025,221.4,9965.24,On-time
SH005794,W03,ST15,CR01,2025-02-16,2025-02-19,19/02/2025,417.6,25180.38,On-time
SH005795,W02,ST15,CR01,2025-02-18,19/02/2025,2025-02-19,32.1,2155.49,On-time
SH005796,W02,ST15,CR02,20/02/2025,21/02/2025,2025-02-21,10.2,703.73,On-time
SH005797,W02,ST15,CR02,2025-02-21,"February 22, 2025",22/02/2025,11.5,791.53,On-time
SH005798,W02,ST15,CR01,2025-02-22,"February 23, 2025",2025-02-23,12.6,1136.67,On-time
SH005799,W02,ST15,CR01,2025-02-23,24/02/2025,24/02/2025,16.3,1097.24,On-time
SH005800,W02,ST15,CR02,2025-02-25,26/02/2025,2025-02-26,26.4,1589.75,On-time
SH005801,W02,ST15,CR02,26/02/2025,"February 27, 2025",2025-02-27,19.2,1604.81,On-time
SH005802,W02,ST15,CR03,2025-02-27,"February 28, 2025","February 28, 2025",12.4,946.4,On-time
SH005803,W02,ST15,CR03,01/03/2025,2025-03-02,"March 2, 2025",19.5,1209.03,On-time
SH005804,W02,ST15,CR01,"March 2, 2025",03/03/2025,2025-03-03,28.0,1812.98,On-time
SH005805,W02,ST15,CR03,03/03/2025,2025-03-04,2025-03-04,12.5,1194.87,On-time
SH005806,W02,ST15,CR01,04/03/2025,05/03/2025,05/03/2025,25.7,1596.44,On-time
SH005807,W02,ST15,CR02,"March 5, 2025","March 6, 2025",06/03/2025,28.3,1470.2,On-time
SH005808,W02,ST15,CR04,2025-03-07,"March 8, 2025",2025-03-12,20.8,1265.24,Delayed
SH005809,W02,ST15,CR02,2025-03-08,09/03/2025,"March 9, 2025",23.7,1544.69,On-time
SH005810,W03,ST15,CR01,"March 9, 2025","March 12, 2025",2025-03-12,417.6,21764.97,On-time
SH005811,W01,ST15,CR05,11/03/2025,13/03/2025,17/03/2025,221.4,,Delayed
SH005812,W02,ST15,CR03,"March 12, 2025",2025-03-13,"March 13, 2025",19.9,1419.08,On-time
SH005813,W02,ST15,CR03,"March 13, 2025",2025-03-14,14/03/2025,18.0,908.24,On-time
SH005814,W02,ST15,CR03,2025-03-14,2025-03-15,15/03/2025,13.6,1115.99,On-time
SH005815,W02,ST15,CR01,"March 15, 2025","March 16, 2025","March 16, 2025",28.9,1928.11,On-time
SH005816,W02,ST15,CR01,"March 16, 2025",2025-03-17,"March 17, 2025",21.6,1509.67,On-time
SH005817,W02,ST15,CR03,"March 17, 2025","March 18, 2025",18/03/2025,22.5,1712.44,On-time
SH005818,W02,ST15,CR03,2025-03-18,"March 19, 2025","March 19, 2025",33.8,2165.54,On-time
SH005819,W02,ST15,CR02,19/03/2025,2025-03-20,"March 20, 2025",8.5,737.17,On-time
SH005820,W02,ST15,CR02,"March 20, 2025",21/03/2025,21/03/2025,22.0,,On-time
SH005821,W02,ST15,CR01,2025-03-21,2025-03-22,22/03/2025,24.4,1441.8,On-time
SH005822,W03,ST15,CR05,"March 22, 2025",25/03/2025,25/03/2025,417.6,26116.08,On-time
SH005823,W02,ST15,CR04,23/03/2025,"March 24, 2025",2025-03-24,30.3,2160.48,On-time
SH005824,W02,ST15,CR01,"March 25, 2025",2025-03-26,2025-03-26,19.1,1646.11,On-time
SH005825,W02,ST15,CR04,26/03/2025,27/03/2025,2025-03-27,25.2,1343.17,On-time
SH005826,W03,ST15,CR01,2025-03-28,31/03/2025,"March 31, 2025",259.5,18053.17,On-time
SH005827,W02,ST15,CR03,29/03/2025,"March 30, 2025",02/04/2025,28.2,1699.56,Delayed
SH005828,W02,ST15,CR01,"March 31, 2025",2025-04-01,2025-04-01,34.9,,On-time
SH005829,W02,ST15,CR01,2025-04-01,02/04/2025,"April 2, 2025",22.2,1448.39,On-time
SH005830,W02,ST15,CR02,"April 2, 2025",2025-04-03,03/04/2025,32.7,2078.96,On-time
SH005831,W02,ST15,CR03,"April 4, 2025","April 5, 2025","April 5, 2025",16.4,1229.26,On-time
SH005832,W02,ST15,CR02,05/04/2025,2025-04-06,"April 6, 2025",8.6,1197.26,On-time
SH005833,W02,ST15,CR01,"April 6, 2025","April 7, 2025","April 7, 2025",11.1,760.89,On-time
SH005834,W02,ST15,CR01,08/04/2025,"April 9, 2025","April 9, 2025",15.3,1173.89,On-time
SH005835,W02,ST15,CR04,09/04/2025,2025-04-10,10/04/2025,27.1,1884.74,On-time
SH005836,W02,ST15,CR05,10/04/2025,11/04/2025,"April 11, 2025",14.0,1496.05,On-time
SH005837,W02,ST15,CR05,"April 12, 2025",13/04/2025,13/04/2025,30.0,2138.15,On-time
SH005838,W02,ST15,CR03,"April 14, 2025",2025-04-15,15/04/2025,28.7,1672.42,On-time
SH005839,W02,ST15,CR03,2025-04-16,2025-04-17,2025-04-19,21.6,1556.97,Delayed
SH005840,W02,ST15,CR05,2025-04-18,2025-04-19,2025-04-20,18.5,1458.54,Delayed
SH005841,W02,ST15,CR01,2025-04-20,21/04/2025,21/04/2025,10.8,920.82,Damaged
SH005842,W02,ST15,CR01,"April 21, 2025",2025-04-22,22/04/2025,31.1,1613.92,On-time
SH005843,W02,ST15,CR01,22/04/2025,"April 23, 2025","April 26, 2025",18.7,1140.08,Delayed
SH005844,W02,ST15,CR05,2025-04-24,2025-04-25,2025-04-26,21.0,1014.3,Delayed
SH005845,W02,ST15,CR02,25/04/2025,26/04/2025,"April 26, 2025",14.5,800.35,On-time
SH005846,W02,ST15,CR04,26/04/2025,27/04/2025,"April 27, 2025",22.4,1324.14,Damaged
SH005847,W02,ST15,CR04,27/04/2025,28/04/2025,"May 1, 2025",33.5,,Delayed
SH005848,W03,ST15,CR01,28/04/2025,01/05/2025,2025-05-01,417.6,19639.14,On-time
SH005849,W02,ST15,CR02,30/04/2025,"May 1, 2025",04/05/2025,34.2,1607.28,Delayed
SH005850,W02,ST15,CR04,02/05/2025,2025-05-03,2025-05-03,12.1,1080.96,On-time
SH005851,W02,ST15,CR01,2025-05-04,05/05/2025,05/05/2025,26.8,1575.52,On-time
SH005852,W02,ST15,CR01,2025-05-06,07/05/2025,"May 7, 2025",14.5,,On-time
SH005853,W02,ST15,CR01,07/05/2025,2025-05-08,"May 8, 2025",11.5,1398.57,On-time
SH005854,W02,ST15,CR04,09/05/2025,10/05/2025,10/05/2025,19.3,1245.61,On-time
SH005855,W02,ST15,CR04,10/05/2025,2025-05-11,2025-05-11,27.6,1739.54,Damaged
SH005856,W02,ST15,CR04,"May 12, 2025","May 13, 2025",14/05/2025,21.0,1374.12,Delayed
SH005857,W02,ST15,CR01,14/05/2025,2025-05-15,2025-05-15,25.9,1610.85,On-time
SH005858,W03,ST15,CR02,2025-05-15,18/05/2025,2025-05-22,417.6,21886.66,Delayed
SH005859,W02,ST15,CR03,2025-05-16,17/05/2025,17/05/2025,14.3,1152.74,On-time
SH005860,W02,ST15,CR01,"May 17, 2025","May 18, 2025",18/05/2025,23.7,1592.52,On-time
SH005861,W02,ST15,CR03,"May 18, 2025",2025-05-19,"May 19, 2025",25.9,1660.42,On-time
SH005862,W02,ST15,CR03,"May 19, 2025",2025-05-20,2025-05-20,21.3,1042.07,On-time
SH005863,W02,ST15,CR04,"May 20, 2025","May 21, 2025","May 22, 2025",18.0,1351.71,Delayed
SH005864,W02,ST15,CR04,"May 21, 2025",2025-05-22,22/05/2025,13.9,951.02,On-time
SH005865,W02,ST15,CR01,23/05/2025,24/05/2025,24/05/2025,20.5,1173.14,On-time
SH005866,W02,ST15,CR04,"May 25, 2025","May 26, 2025","May 26, 2025",13.9,1211.79,On-time
SH005867,W02,ST15,CR03,26/05/2025,"May 27, 2025",2025-05-27,26.9,1251.03,On-time
SH005868,W02,ST15,CR02,27/05/2025,"May 28, 2025","May 28, 2025",31.9,1610.9,On-time
SH005869,W02,ST15,CR01,29/05/2025,"May 30, 2025",2025-05-30,6.2,765.06,On-time
SH005870,W02,ST15,CR04,30/05/2025,"May 31, 2025",2025-05-31,9.2,712.78,On-time
SH005871,W02,ST15,CR05,2025-05-31,2025-06-01,"June 1, 2025",13.5,841.36,On-time
SH005872,W02,ST15,CR02,02/06/2025,03/06/2025,"June 7, 2025",8.6,1027.09,Delayed
SH005873,W02,ST15,CR02,"June 3, 2025","June 4, 2025","June 5, 2025",20.4,1408.8,Delayed
SH005874,W02,ST15,CR05,2025-06-04,"June 5, 2025","June 6, 2025",22.0,1425.26,Delayed
SH005875,W02,ST15,CR01,2025-06-06,07/06/2025,2025-06-09,27.7,,Delayed
SH005876,W02,ST15,CR02,"June 8, 2025",09/06/2025,12/06/2025,9.8,855.14,Delayed
SH005877,W03,ST15,CR01,2025-06-10,13/06/2025,2025-06-13,417.6,26129.67,On-time
SH005878,W02,ST15,CR02,12/06/2025,13/06/2025,13/06/2025,23.2,1380.58,On-time
SH005879,W03,ST15,CR04,2025-06-13,2025-06-16,19/06/2025,417.6,21998.4,Delayed
SH005880,W02,ST15,CR04,2025-06-15,"June 16, 2025",16/06/2025,12.1,960.5,On-time
SH005881,W02,ST15,CR04,2025-06-17,2025-06-18,2025-06-18,23.1,1563.98,On-time
SH005882,W02,ST15,CR03,2025-06-18,2025-06-19,2025-06-19,33.0,1715.09,On-time
SH005883,W02,ST15,CR01,"June 20, 2025","June 21, 2025","June 24, 2025",24.9,1792.68,Delayed
SH005884,W02,ST15,CR05,22/06/2025,2025-06-23,23/06/2025,16.6,,On-time
SH005885,W01,ST15,CR04,24/06/2025,"June 26, 2025",30/06/2025,221.4,12511.94,Delayed
SH005886,W02,ST15,CR04,2025-06-26,"June 27, 2025","June 27, 2025",10.0,971.32,On-time
SH005887,W03,ST15,CR05,2025-06-27,30/06/2025,"June 30, 2025",417.6,,On-time
SH005888,W02,ST15,CR01,"June 29, 2025",30/06/2025,30/06/2025,33.2,1856.1,On-time
SH005889,W02,ST15,CR05,"June 30, 2025",01/07/2025,01/07/2025,11.6,975.76,On-time
SH005890,W02,ST15,CR02,2025-07-02,"July 3, 2025","July 3, 2025",16.7,1126.08,On-time
SH005891,W02,ST15,CR03,"July 3, 2025",04/07/2025,"July 4, 2025",23.7,1673.81,On-time
SH005892,W02,ST15,CR01,"July 5, 2025","July 6, 2025",06/07/2025,32.6,1950.56,On-time
SH005893,W02,ST15,CR05,07/07/2025,2025-07-08,2025-07-08,30.3,1669.72,On-time
SH005894,W02,ST15,CR03,2025-07-09,2025-07-10,2025-07-10,12.1,,On-time
SH005895,W02,ST15,CR02,"July 11, 2025",2025-07-12,2025-07-12,18.9,926.54,On-time
SH005896,W02,ST15,CR03,12/07/2025,2025-07-13,"July 13, 2025",30.3,1764.33,On-time
SH005897,W02,ST15,CR04,14/07/2025,2025-07-15,2025-07-15,15.2,1244.17,On-time
SH005898,W02,ST15,CR03,2025-07-15,16/07/2025,20/07/2025,17.1,1513.1,Delayed
SH005899,W02,ST15,CR04,"July 16, 2025","July 17, 2025",17/07/2025,25.9,1353.22,On-time
SH005900,W02,ST15,CR03,2025-07-18,"July 19, 2025","July 19, 2025",15.8,1555.96,On-time
SH005901,W02,ST15,CR01,"July 20, 2025","July 21, 2025","July 21, 2025",21.0,1292.1,On-time
SH005902,W01,ST15,CR03,22/07/2025,24/07/2025,24/07/2025,221.4,10683.35,On-time
SH005903,W02,ST15,CR05,24/07/2025,25/07/2025,2025-07-25,21.5,1723.86,On-time
SH005904,W02,ST15,CR05,"July 26, 2025","July 27, 2025","July 31, 2025",16.4,1281.57,Delayed
SH005905,W02,ST15,CR01,"July 27, 2025",2025-07-28,2025-07-28,29.1,2112.58,On-time
SH005906,W02,ST15,CR04,"July 29, 2025",2025-07-30,"August 1, 2025",32.4,,Delayed
SH005907,W02,ST15,CR01,"July 30, 2025",2025-07-31,"August 2, 2025",21.4,994.47,Delayed
SH005908,W02,ST15,CR03,"July 31, 2025",01/08/2025,04/08/2025,15.8,1157.7,Delayed
SH005909,W02,ST15,CR01,2025-08-01,"August 2, 2025",2025-08-02,22.5,1407.16,Lost
SH005910,W02,ST15,CR03,"August 3, 2025",04/08/2025,04/08/2025,30.3,1633.52,On-time
SH005911,W02,ST15,CR04,04/08/2025,2025-08-05,2025-08-09,30.7,1811.85,Delayed
SH005912,W02,ST15,CR05,2025-08-05,"August 6, 2025",06/08/2025,26.2,1430.32,On-time
SH005913,W02,ST15,CR03,"August 6, 2025",2025-08-07,07/08/2025,12.6,1049.66,On-time
SH005914,W02,ST15,CR04,07/08/2025,2025-08-08,2025-08-08,13.6,,On-time
SH005915,W02,ST15,CR03,2025-08-08,"August 9, 2025","August 13, 2025",9.0,892.03,Delayed
SH005916,W02,ST15,CR05,2025-08-10,2025-08-11,"August 11, 2025",8.6,935.5,On-time
SH005917,W02,ST15,CR02,11/08/2025,"August 12, 2025",13/08/2025,24.6,1217.86,Delayed
SH005918,W02,ST15,CR04,13/08/2025,"August 14, 2025",2025-08-15,14.3,1511.33,Delayed
SH005919,W02,ST15,CR05,2025-08-14,2025-08-15,"August 15, 2025",30.7,2149.13,On-time
SH005920,W02,ST15,CR05,"August 15, 2025","August 16, 2025","August 16, 2025",8.9,657.88,Lost
SH005921,W02,ST15,CR03,17/08/2025,"August 18, 2025",19/08/2025,27.9,1926.89,Delayed
SH005922,W02,ST15,CR01,19/08/2025,2025-08-20,"August 20, 2025",11.3,1003.2,On-time
SH005923,W02,ST15,CR02,20/08/2025,"August 21, 2025",21/08/2025,30.3,1474.75,On-time
SH005924,W03,ST15,CR05,22/08/2025,25/08/2025,"August 25, 2025",417.6,19536.13,On-time
SH005925,W02,ST15,CR01,"August 23, 2025","August 24, 2025",2025-08-24,34.5,2341.59,On-time
SH005926,W02,ST15,CR01,24/08/2025,25/08/2025,2025-08-25,11.3,916.52,Damaged
SH005927,W02,ST15,CR01,"August 26, 2025",27/08/2025,27/08/2025,26.7,1443.94,On-time
SH005928,W01,ST15,CR02,"August 27, 2025",2025-08-29,2025-08-29,221.4,11177.3,On-time
SH005929,W02,ST15,CR05,"August 28, 2025",29/08/2025,30/08/2025,23.5,1287.26,Delayed
SH005930,W02,ST15,CR01,30/08/2025,2025-08-31,2025-08-31,32.6,1778.33,On-time
SH005931,W01,ST15,CR03,2025-08-31,2025-09-02,"September 2, 2025",137.6,10485.15,On-time
SH005932,W02,ST15,CR01,"September 1, 2025",2025-09-02,"September 2, 2025",31.8,1865.58,On-time
SH005933,W02,ST15,CR03,02/09/2025,03/09/2025,"September 7, 2025",18.9,1261.58,Delayed
SH005934,W02,ST15,CR05,"September 3, 2025",2025-09-04,04/09/2025,17.7,1402.65,On-time
SH005935,W02,ST15,CR02,2025-09-05,06/09/2025,"September 6, 2025",14.2,1064.57,On-time
SH005936,W02,ST15,CR05,2025-09-06,"September 7, 2025",2025-09-07,24.6,1512.56,On-time
SH005937,W02,ST15,CR02,08/09/2025,09/09/2025,09/09/2025,8.6,897.19,On-time
SH005938,W02,ST15,CR01,09/09/2025,2025-09-10,"September 10, 2025",14.5,1509.87,On-time
SH005939,W02,ST15,CR05,2025-09-11,2025-09-12,12/09/2025,23.6,1512.9,On-time
SH005940,W02,ST15,CR02,2025-09-12,13/09/2025,2025-09-13,26.7,1624.8,On-time
SH005941,W01,ST15,CR03,"September 13, 2025",15/09/2025,2025-09-15,221.4,10674.49,On-time
SH005942,W02,ST15,CR01,2025-09-15,2025-09-16,"September 19, 2025",9.5,912.42,Delayed
SH005943,W02,ST15,CR02,2025-09-16,17/09/2025,"September 17, 2025",12.7,766.8,On-time
SH005944,W02,ST15,CR05,"September 17, 2025",2025-09-18,"September 18, 2025",20.3,1292.67,On-time
SH005945,W02,ST15,CR01,18/09/2025,2025-09-19,2025-09-19,18.6,1216.38,On-time
SH005946,W02,ST15,CR03,"September 20, 2025",2025-09-21,2025-09-22,28.6,1924.78,Delayed
SH005947,W02,ST15,CR01,21/09/2025,22/09/2025,22/09/2025,11.7,666.8,On-time
SH005948,W02,ST15,CR05,2025-09-23,2025-09-24,24/09/2025,8.5,1125.23,On-time
SH005949,W02,ST15,CR04,"September 25, 2025",26/09/2025,"September 28, 2025",34.8,2011.02,Delayed
SH005950,W01,ST15,CR05,2025-09-27,29/09/2025,2025-09-29,221.4,10653.82,On-time
SH005951,W02,ST15,CR04,2025-09-29,"September 30, 2025","September 30, 2025",25.9,1669.06,On-time
SH005952,W01,ST15,CR04,"October 1, 2025","October 3, 2025","October 6, 2025",137.6,10122.33,Delayed
SH005953,W02,ST15,CR01,2025-10-03,2025-10-04,"October 4, 2025",21.9,1448.99,On-time
SH005954,W02,ST15,CR01,2025-10-05,2025-10-06,10/10/2025,7.1,1038.05,Delayed
SH005955,W02,ST15,CR02,"October 7, 2025",2025-10-08,08/10/2025,10.1,937.71,On-time
SH005956,W02,ST15,CR03,"October 8, 2025",2025-10-09,"October 9, 2025",31.8,1818.94,On-time
SH005957,W02,ST15,CR05,"October 9, 2025","October 10, 2025",10/10/2025,27.5,1217.9,On-time
SH005958,W02,ST15,CR04,"October 11, 2025",12/10/2025,2025-10-13,16.1,1172.0,Delayed
SH005959,W02,ST15,CR02,"October 13, 2025",14/10/2025,15/10/2025,24.6,1348.25,Delayed
SH005960,W02,ST15,CR01,2025-10-14,"October 15, 2025",15/10/2025,12.5,1132.62,On-time
SH005961,W02,ST15,CR05,"October 16, 2025","October 17, 2025","October 17, 2025",28.3,1820.0,On-time
SH005962,W02,ST15,CR01,"October 17, 2025",18/10/2025,2025-10-18,16.9,1213.21,On-time
SH005963,W02,ST15,CR01,"October 18, 2025",19/10/2025,19/10/2025,24.5,1578.73,On-time
SH005964,W02,ST15,CR03,20/10/2025,2025-10-21,"October 21, 2025",31.6,1780.45,On-time
SH005965,W02,ST15,CR01,21/10/2025,2025-10-22,22/10/2025,19.0,1211.63,On-time
SH005966,W02,ST15,CR05,2025-10-23,24/10/2025,"October 24, 2025",21.9,1189.22,On-time
SH005967,W02,ST15,CR05,2025-10-24,2025-10-25,"October 25, 2025",21.5,1574.83,On-time
SH005968,W02,ST15,CR02,"October 25, 2025","October 26, 2025","October 26, 2025",32.7,1837.87,On-time
SH005969,W02,ST15,CR05,2025-10-26,27/10/2025,2025-10-27,27.2,2055.85,Lost
SH005970,W02,ST15,CR01,27/10/2025,2025-10-28,2025-10-28,20.3,1139.11,On-time
SH005971,W02,ST15,CR05,"October 28, 2025","October 29, 2025",2025-10-29,33.6,1935.59,On-time
SH005972,W02,ST15,CR01,29/10/2025,"October 30, 2025",2025-10-30,33.1,2181.18,On-time
SH005973,W02,ST15,CR03,2025-10-31,"November 1, 2025",01/11/2025,32.2,2102.96,On-time
SH005974,W02,ST15,CR05,2025-11-02,2025-11-03,2025-11-03,27.2,1579.61,On-time
SH005975,W02,ST15,CR01,2025-11-04,05/11/2025,"November 8, 2025",9.4,982.21,Delayed
SH005976,W02,ST15,CR02,2025-11-06,07/11/2025,07/11/2025,16.2,1289.91,On-time
SH005977,W01,ST15,CR03,"November 7, 2025",09/11/2025,2025-11-09,137.6,8992.64,Damaged
SH005978,W02,ST15,CR04,08/11/2025,09/11/2025,09/11/2025,8.7,825.13,On-time
SH005979,W02,ST15,CR03,2025-11-10,2025-11-11,2025-11-11,9.1,1296.96,On-time
SH005980,W02,ST15,CR05,"November 11, 2025","November 12, 2025",12/11/2025,16.4,979.27,On-time
SH005981,W02,ST15,CR03,12/11/2025,13/11/2025,13/11/2025,13.4,1064.29,On-time
SH005982,W02,ST15,CR03,2025-11-14,2025-11-15,2025-11-15,21.1,,On-time
SH005983,W02,ST15,CR02,2025-11-15,16/11/2025,2025-11-16,8.4,846.09,On-time
SH005984,W02,ST15,CR04,16/11/2025,2025-11-17,"November 19, 2025",31.4,1802.58,Delayed
SH005985,W03,ST15,CR03,"November 18, 2025","November 21, 2025",21/11/2025,417.6,19464.22,On-time
SH005986,W02,ST15,CR01,"November 19, 2025",2025-11-20,20/11/2025,34.9,,On-time
SH005987,W02,ST15,CR02,2025-11-20,"November 21, 2025",2025-11-21,34.5,1664.45,On-time
SH005988,W02,ST15,CR02,21/11/2025,2025-11-22,2025-11-22,22.6,1484.59,On-time
SH005989,W02,ST15,CR01,22/11/2025,"November 23, 2025",2025-11-23,9.0,515.68,On-time
SH005990,W02,ST15,CR01,24/11/2025,"November 25, 2025",25/11/2025,19.1,1583.84,On-time
SH005991,W02,ST15,CR01,26/11/2025,2025-11-27,2025-11-27,8.4,802.77,On-time
SH005992,W02,ST15,CR03,2025-11-27,"November 28, 2025",28/11/2025,32.9,2351.03,On-time
SH005993,W02,ST15,CR02,2025-11-29,"November 30, 2025",01/12/2025,12.0,951.41,Delayed
SH005994,W02,ST15,CR03,30/11/2025,01/12/2025,01/12/2025,12.1,933.95,On-time
SH005995,W02,ST15,CR04,2025-12-02,2025-12-03,2025-12-03,26.3,1603.19,On-time
SH005996,W03,ST15,CR05,2025-12-03,2025-12-06,2025-12-06,417.6,16041.94,On-time
SH005997,W02,ST15,CR01,2025-12-05,2025-12-06,06/12/2025,18.1,1010.36,On-time
SH005998,W02,ST15,CR05,07/12/2025,"December 8, 2025","December 8, 2025",32.5,2292.78,On-time
SH005999,W03,ST15,CR05,"December 8, 2025",2025-12-11,2025-12-11,417.6,18719.26,On-time
SH006000,W02,ST15,CR01,2025-12-10,"December 11, 2025",11/12/2025,10.5,,On-time
SH006001,W02,ST15,CR01,11/12/2025,12/12/2025,2025-12-12,18.3,1443.36,On-time
SH006002,W02,ST15,CR03,"December 12, 2025",13/12/2025,13/12/2025,8.6,1035.5,On-time
SH006003,W02,ST15,CR04,14/12/2025,15/12/2025,"December 15, 2025",12.2,1270.71,On-time
SH006004,W02,ST15,CR03,16/12/2025,2025-12-17,"December 17, 2025",28.8,1777.56,On-time
SH006005,W02,ST15,CR01,2025-12-18,"December 19, 2025","December 19, 2025",14.2,,On-time
SH006006,W02,ST15,CR05,19/12/2025,20/12/2025,"December 20, 2025",31.1,1781.05,On-time
SH006007,W02,ST15,CR03,"December 20, 2025",2025-12-21,2025-12-21,34.1,2189.97,On-time
SH006008,W02,ST15,CR03,"December 22, 2025",23/12/2025,"December 23, 2025",29.8,1686.71,On-time
SH006009,W03,ST15,CR01,24/12/2025,27/12/2025,2025-12-27,417.6,19655.24,On-time
SH006010,W02,ST15,CR03,"December 26, 2025","December 27, 2025",30/12/2025,32.4,,Delayed
SH006011,W02,ST15,CR03,27/12/2025,"December 28, 2025",,19.7,1916.82,In-Transit
SH006012,W01,ST15,CR04,28/12/2025,2025-12-30,"December 30, 2025",221.4,14113.16,On-time
SH006013,W02,ST15,CR04,"December 29, 2025",2025-12-30,,34.8,1898.21,In-Transit
SH006014,W02,ST15,CR02,"December 30, 2025","December 31, 2025","December 31, 2025",12.4,1038.62,On-time
SH006015,W02,ST15,CR01,2025-12-31,01/01/2026,,17.3,1193.26,In-Transit
SH006016,W03,ST16,CR01,"January 2, 2024","January 4, 2024",2024-01-08,210.3,,Delayed
SH006017,W01,ST16,CR03,"January 3, 2024",04/01/2024,04/01/2024,18.8,1306.82,On-time
SH006018,W03,ST16,CR03,2024-01-04,"January 6, 2024",08/01/2024,210.3,13013.65,Delayed
SH006019,W01,ST16,CR05,"January 5, 2024","January 6, 2024",07/01/2024,32.1,1485.39,Lost
SH006020,W01,ST16,CR01,"January 6, 2024",2024-01-07,2024-01-07,25.8,1585.13,On-time
SH006021,W01,ST16,CR01,07/01/2024,08/01/2024,08/01/2024,33.5,1632.71,On-time
SH006022,W01,ST16,CR04,08/01/2024,09/01/2024,"January 9, 2024",22.0,1512.14,On-time
SH006023,W01,ST16,CR03,2024-01-09,2024-01-10,"January 10, 2024",23.1,1856.64,On-time
SH006024,W01,ST16,CR03,10/01/2024,11/01/2024,"January 11, 2024",11.9,956.23,On-time
SH006025,W01,ST16,CR01,"January 11, 2024",12/01/2024,2024-01-12,22.9,1166.09,On-time
SH006026,W01,ST16,CR05,12/01/2024,13/01/2024,2024-01-13,34.0,1592.56,Lost
SH006027,W01,ST16,CR03,2024-01-13,2024-01-14,"January 14, 2024",12.3,881.59,On-time
SH006028,W01,ST16,CR01,"January 14, 2024","January 15, 2024","January 15, 2024",32.0,1988.17,On-time
SH006029,W02,ST16,CR03,2024-01-15,17/01/2024,18/01/2024,221.4,12869.2,Delayed
SH006030,W01,ST16,CR02,"January 16, 2024",2024-01-17,"January 17, 2024",26.1,2046.12,On-time
SH006031,W01,ST16,CR03,2024-01-17,"January 18, 2024",2024-01-18,20.2,1549.55,On-time
SH006032,W01,ST16,CR03,2024-01-18,19/01/2024,"January 19, 2024",13.6,1141.51,Damaged
SH006033,W01,ST16,CR02,19/01/2024,"January 20, 2024",2024-01-20,19.1,1254.68,Lost
SH006034,W01,ST16,CR04,"January 20, 2024","January 21, 2024",2024-01-21,20.7,1320.48,On-time
SH006035,W01,ST16,CR05,21/01/2024,22/01/2024,2024-01-22,32.7,1837.58,On-time
SH006036,W01,ST16,CR01,"January 22, 2024",2024-01-23,"January 23, 2024",34.7,2380.63,On-time
SH006037,W01,ST16,CR01,23/01/2024,2024-01-24,24/01/2024,20.9,1289.09,On-time
SH006038,W01,ST16,CR03,24/01/2024,"January 25, 2024",2024-01-25,8.3,937.2,On-time
SH006039,W01,ST16,CR03,25/01/2024,2024-01-26,26/01/2024,5.6,733.39,On-time
SH006040,W01,ST16,CR02,26/01/2024,"January 27, 2024",27/01/2024,10.6,935.48,On-time
SH006041,W01,ST16,CR05,27/01/2024,"January 28, 2024","January 28, 2024",18.9,1571.34,Damaged
SH006042,W01,ST16,CR04,"January 28, 2024",2024-01-29,2024-01-29,17.3,1277.12,On-time
SH006043,W01,ST16,CR05,"January 29, 2024",2024-01-30,30/01/2024,34.3,1600.46,On-time
SH006044,W01,ST16,CR01,"January 30, 2024",31/01/2024,31/01/2024,20.8,1523.18,On-time
SH006045,W02,ST16,CR04,"January 31, 2024",02/02/2024,04/02/2024,137.6,10951.42,Delayed
SH006046,W01,ST16,CR01,2024-02-01,"February 2, 2024",2024-02-02,15.7,1234.08,On-time
SH006047,W01,ST16,CR02,2024-02-02,03/02/2024,03/02/2024,22.5,1591.34,On-time
SH006048,W01,ST16,CR01,03/02/2024,2024-02-04,04/02/2024,8.2,804.73,On-time
SH006049,W02,ST16,CR02,"February 4, 2024",2024-02-06,"February 9, 2024",221.4,,Delayed
SH006050,W01,ST16,CR02,05/02/2024,2024-02-06,06/02/2024,12.6,1002.33,On-time
SH006051,W01,ST16,CR03,06/02/2024,"February 7, 2024",2024-02-10,20.8,1456.71,Delayed
SH006052,W01,ST16,CR04,2024-02-07,2024-02-08,2024-02-08,20.2,1216.89,On-time
SH006053,W01,ST16,CR05,08/02/2024,09/02/2024,"February 9, 2024",21.4,1148.5,On-time
SH006054,W01,ST16,CR05,"February 9, 2024","February 10, 2024",10/02/2024,31.7,,On-time
SH006055,W01,ST16,CR05,10/02/2024,2024-02-11,2024-02-11,24.9,1667.36,On-time
SH006056,W01,ST16,CR01,11/02/2024,"February 12, 2024",12/02/2024,29.5,1875.2,On-time
SH006057,W01,ST16,CR01,"February 12, 2024",2024-02-13,2024-02-13,21.0,2233.23,On-time
SH006058,W01,ST16,CR02,"February 13, 2024","February 14, 2024",14/02/2024,19.5,1477.69,On-time
SH006059,W01,ST16,CR02,14/02/2024,2024-02-15,"February 15, 2024",29.9,1729.47,On-time
SH006060,W01,ST16,CR01,2024-02-15,"February 16, 2024","February 16, 2024",28.8,1551.73,On-time
SH006061,W01,ST16,CR03,16/02/2024,17/02/2024,2024-02-17,31.1,,On-time
SH006062,W01,ST16,CR01,"February 17, 2024",2024-02-18,18/02/2024,22.2,1421.56,On-time
SH006063,W01,ST16,CR04,18/02/2024,19/02/2024,"February 19, 2024",33.5,1599.86,On-time
SH006064,W02,ST16,CR05,2024-02-19,2024-02-21,"February 21, 2024",221.4,11838.09,On-time
SH006065,W01,ST16,CR02,2024-02-20,"February 21, 2024","February 23, 2024",13.6,1168.11,Delayed
SH006066,W01,ST16,CR04,2024-02-21,22/02/2024,25/02/2024,21.5,1208.35,Delayed
SH006067,W01,ST16,CR01,22/02/2024,"February 23, 2024",2024-02-23,28.5,1596.14,Damaged
SH006068,W01,ST16,CR01,2024-02-23,2024-02-24,2024-02-24,20.5,1559.45,On-time
SH006069,W01,ST16,CR01,24/02/2024,2024-02-25,25/02/2024,18.4,1233.94,Damaged
SH006070,W01,ST16,CR01,25/02/2024,26/02/2024,"February 26, 2024",14.6,967.13,On-time
SH006071,W01,ST16,CR01,2024-02-26,2024-02-27,2024-02-27,17.8,1334.93,On-time
SH006072,W01,ST16,CR05,2024-02-27,28/02/2024,28/02/2024,33.8,2094.31,On-time
SH006073,W03,ST16,CR05,"February 28, 2024","March 1, 2024","March 1, 2024",210.3,13185.78,On-time
SH006074,W01,ST16,CR03,"February 29, 2024","March 1, 2024","March 1, 2024",9.7,1048.35,On-time
SH006075,W01,ST16,CR05,01/03/2024,"March 2, 2024",02/03/2024,20.7,1272.93,On-time
SH006076,W01,ST16,CR04,"March 2, 2024",2024-03-03,2024-03-03,26.9,1740.89,On-time
SH006077,W01,ST16,CR01,2024-03-03,04/03/2024,04/03/2024,32.4,1786.6,On-time
SH006078,W01,ST16,CR01,2024-03-04,"March 5, 2024","March 8, 2024",18.8,,Delayed
SH006079,W01,ST16,CR03,2024-03-05,"March 6, 2024",2024-03-09,20.2,1486.44,Delayed
SH006080,W01,ST16,CR01,2024-03-06,"March 7, 2024",07/03/2024,22.1,1121.74,On-time
SH006081,W01,ST16,CR02,"March 7, 2024","March 8, 2024",08/03/2024,14.0,871.96,On-time
SH006082,W01,ST16,CR03,08/03/2024,09/03/2024,2024-03-09,27.7,1549.01,Damaged
SH006083,W01,ST16,CR05,2024-03-09,10/03/2024,"March 12, 2024",19.7,1601.5,Delayed
SH006084,W01,ST16,CR03,"March 10, 2024",11/03/2024,2024-03-11,15.8,1213.82,Damaged
SH006085,W01,ST16,CR05,2024-03-11,12/03/2024,"March 12, 2024",24.6,1903.29,On-time
SH006086,W01,ST16,CR01,2024-03-12,"March 13, 2024",13/03/2024,29.6,1872.97,On-time
SH006087,W01,ST16,CR03,2024-03-13,14/03/2024,"March 14, 2024",28.2,1738.79,On-time
SH006088,W01,ST16,CR04,2024-03-14,2024-03-15,2024-03-15,33.0,1958.77,On-time
SH006089,W02,ST16,CR03,2024-03-15,2024-03-17,17/03/2024,221.4,8648.26,On-time
SH006090,W01,ST16,CR02,"March 16, 2024",17/03/2024,2024-03-17,28.3,1601.58,On-time
SH006091,W01,ST16,CR05,17/03/2024,18/03/2024,18/03/2024,30.8,1703.51,On-time
SH006092,W01,ST16,CR01,18/03/2024,19/03/2024,19/03/2024,18.0,1183.39,On-time
SH006093,W01,ST16,CR03,"March 19, 2024","March 20, 2024","March 20, 2024",18.1,1060.81,On-time
SH006094,W01,ST16,CR03,20/03/2024,21/03/2024,25/03/2024,9.0,1040.83,Delayed
SH006095,W01,ST16,CR04,"March 21, 2024",2024-03-22,22/03/2024,8.2,933.33,On-time
SH006096,W01,ST16,CR03,"March 22, 2024",2024-03-23,2024-03-23,19.1,1249.66,On-time
SH006097,W01,ST16,CR01,"March 23, 2024",2024-03-24,"March 24, 2024",27.8,1364.39,On-time
SH006098,W01,ST16,CR03,"March 24, 2024",2024-03-25,2024-03-25,34.4,1839.78,On-time
SH006099,W01,ST16,CR02,"March 25, 2024",2024-03-26,"March 26, 2024",20.6,1562.25,On-time
SH006100,W01,ST16,CR02,26/03/2024,"March 27, 2024",27/03/2024,12.4,747.44,On-time
SH006101,W01,ST16,CR01,"March 27, 2024","March 28, 2024",28/03/2024,18.7,1207.67,On-time
SH006102,W01,ST16,CR02,"March 28, 2024",2024-03-29,"March 29, 2024",34.2,1856.76,On-time
SH006103,W01,ST16,CR04,2024-03-29,"March 30, 2024",31/03/2024,11.5,1169.89,Delayed
SH006104,W01,ST16,CR02,30/03/2024,31/03/2024,01/04/2024,24.2,1804.76,Delayed
SH006105,W01,ST16,CR02,"March 31, 2024",2024-04-01,01/04/2024,20.5,1751.33,On-time
SH006106,W01,ST16,CR02,"April 1, 2024",02/04/2024,2024-04-04,11.1,865.65,Delayed
SH006107,W01,ST16,CR04,2024-04-02,2024-04-03,03/04/2024,18.0,1357.83,On-time
SH006108,W01,ST16,CR05,03/04/2024,04/04/2024,"April 4, 2024",19.2,1527.72,On-time
SH006109,W01,ST16,CR03,2024-04-04,"April 5, 2024","April 5, 2024",24.5,1741.07,On-time
SH006110,W01,ST16,CR04,"April 5, 2024",06/04/2024,2024-04-08,25.0,1237.9,Delayed
SH006111,W01,ST16,CR03,06/04/2024,"April 7, 2024","April 9, 2024",32.0,1828.14,Delayed
SH006112,W01,ST16,CR04,"April 7, 2024","April 8, 2024",08/04/2024,31.4,1604.02,On-time
SH006113,W01,ST16,CR01,2024-04-08,"April 9, 2024",2024-04-09,13.7,931.4,On-time
SH006114,W01,ST16,CR03,09/04/2024,2024-04-10,10/04/2024,12.7,1351.65,On-time
SH006115,W01,ST16,CR03,"April 10, 2024","April 11, 2024",15/04/2024,28.1,1815.11,Delayed
SH006116,W01,ST16,CR04,11/04/2024,12/04/2024,"April 12, 2024",21.7,2421.36,On-time
SH006117,W01,ST16,CR05,2024-04-12,2024-04-13,13/04/2024,22.1,1596.53,On-time
SH006118,W01,ST16,CR01,2024-04-13,2024-04-14,14/04/2024,16.9,1693.89,On-time
SH006119,W01,ST16,CR04,2024-04-14,"April 15, 2024",2024-04-16,16.3,1134.06,Delayed
SH006120,W01,ST16,CR03,15/04/2024,2024-04-16,2024-04-16,33.8,2250.91,On-time
SH006121,W01,ST16,CR03,16/04/2024,2024-04-17,21/04/2024,11.1,1074.88,Delayed
SH006122,W01,ST16,CR01,17/04/2024,"April 18, 2024",18/04/2024,26.8,,On-time
SH006123,W01,ST16,CR05,2024-04-18,2024-04-19,"April 19, 2024",11.4,1093.97,On-time
SH006124,W01,ST16,CR01,19/04/2024,20/04/2024,20/04/2024,12.1,922.11,On-time
SH006125,W01,ST16,CR04,2024-04-20,"April 21, 2024","April 23, 2024",21.8,1689.7,Delayed
SH006126,W01,ST16,CR01,21/04/2024,"April 22, 2024","April 22, 2024",34.7,1684.88,On-time
SH006127,W01,ST16,CR04,2024-04-22,2024-04-23,"April 23, 2024",24.5,1721.93,On-time
SH006128,W01,ST16,CR05,"April 23, 2024",2024-04-24,"April 26, 2024",13.9,1107.79,Delayed
SH006129,W01,ST16,CR03,24/04/2024,2024-04-25,2024-04-25,22.7,1252.25,On-time
SH006130,W02,ST16,CR02,2024-04-25,2024-04-27,2024-04-27,221.4,,On-time
SH006131,W01,ST16,CR01,"April 26, 2024",27/04/2024,2024-04-27,31.0,2124.81,On-time
SH006132,W02,ST16,CR02,27/04/2024,29/04/2024,"April 30, 2024",221.4,10778.13,Delayed
SH006133,W01,ST16,CR02,"April 28, 2024",29/04/2024,"April 29, 2024",18.5,1388.1,On-time
SH006134,W02,ST16,CR03,2024-04-29,2024-05-01,05/05/2024,221.4,9719.83,Delayed
SH006135,W01,ST16,CR05,"April 30, 2024","May 1, 2024",01/05/2024,34.0,1470.37,On-time
SH006136,W02,ST16,CR05,01/05/2024,03/05/2024,03/05/2024,137.6,12480.99,On-time
SH006137,W01,ST16,CR04,"May 2, 2024",03/05/2024,2024-05-05,14.4,1100.51,Delayed
SH006138,W01,ST16,CR03,"May 3, 2024","May 4, 2024",04/05/2024,20.4,1794.09,On-time
SH006139,W01,ST16,CR01,04/05/2024,"May 5, 2024","May 5, 2024",15.0,1650.91,On-time
SH006140,W01,ST16,CR04,2024-05-05,06/05/2024,"May 6, 2024",8.7,1068.63,On-time
SH006141,W01,ST16,CR05,06/05/2024,07/05/2024,2024-05-07,21.5,1254.5,On-time
SH006142,W01,ST16,CR02,2024-05-07,"May 8, 2024","May 12, 2024",16.8,1318.03,Delayed
SH006143,W01,ST16,CR01,2024-05-08,09/05/2024,09/05/2024,30.1,1945.61,On-time
SH006144,W01,ST16,CR02,2024-05-09,10/05/2024,2024-05-14,34.9,2198.43,Delayed
SH006145,W01,ST16,CR02,2024-05-10,11/05/2024,"May 11, 2024",19.3,1724.4,On-time
SH006146,W01,ST16,CR04,2024-05-11,"May 12, 2024",2024-05-12,30.8,1567.59,On-time
SH006147,W01,ST16,CR04,2024-05-12,"May 13, 2024",13/05/2024,24.1,1286.49,On-time
SH006148,W01,ST16,CR05,"May 13, 2024",14/05/2024,14/05/2024,24.3,1751.97,On-time
SH006149,W01,ST16,CR05,14/05/2024,15/05/2024,2024-05-15,11.7,1068.95,On-time
SH006150,W01,ST16,CR02,15/05/2024,16/05/2024,"May 16, 2024",25.3,1369.15,On-time
SH006151,W01,ST16,CR02,"May 16, 2024",17/05/2024,2024-05-17,23.3,1245.87,On-time
SH006152,W02,ST16,CR01,17/05/2024,"May 19, 2024",2024-05-19,221.4,11122.61,On-time
SH006153,W02,ST16,CR03,18/05/2024,2024-05-20,"May 20, 2024",221.4,11232.95,On-time
SH006154,W01,ST16,CR01,"May 19, 2024","May 20, 2024","May 20, 2024",32.1,1727.95,On-time
SH006155,W01,ST16,CR01,20/05/2024,21/05/2024,21/05/2024,11.3,1023.06,On-time
SH006156,W01,ST16,CR01,21/05/2024,2024-05-22,"May 22, 2024",9.8,824.39,Damaged
SH006157,W01,ST16,CR04,2024-05-22,"May 23, 2024","May 23, 2024",16.9,1326.85,On-time
SH006158,W01,ST16,CR02,23/05/2024,2024-05-24,"May 24, 2024",17.0,1212.67,On-time
SH006159,W01,ST16,CR02,24/05/2024,2024-05-25,25/05/2024,9.7,948.38,On-time
SH006160,W01,ST16,CR01,2024-05-25,2024-05-26,26/05/2024,14.7,1270.59,On-time
SH006161,W01,ST16,CR01,26/05/2024,27/05/2024,"May 27, 2024",34.7,2337.93,On-time
SH006162,W01,ST16,CR02,2024-05-27,"May 28, 2024","May 28, 2024",28.5,1754.27,On-time
SH006163,W01,ST16,CR05,28/05/2024,29/05/2024,29/05/2024,27.4,1336.87,On-time
SH006164,W01,ST16,CR01,"May 29, 2024","May 30, 2024",30/05/2024,25.8,1897.77,On-time
SH006165,W01,ST16,CR01,30/05/2024,2024-05-31,2024-05-31,13.3,1052.26,On-time
SH006166,W01,ST16,CR01,"May 31, 2024","June 1, 2024","June 1, 2024",26.5,1462.31,On-time
SH006167,W01,ST16,CR04,2024-06-01,"June 2, 2024",02/06/2024,28.4,1392.94,On-time
SH006168,W01,ST16,CR02,"June 2, 2024",2024-06-03,"June 3, 2024",18.6,1221.91,On-time
SH006169,W02,ST16,CR04,"June 3, 2024","June 5, 2024",2024-06-05,221.4,8633.13,On-time
SH006170,W01,ST16,CR03,"June 4, 2024","June 5, 2024",05/06/2024,13.4,956.09,On-time
SH006171,W01,ST16,CR05,05/06/2024,2024-06-06,"June 8, 2024",8.9,997.49,Delayed
SH006172,W01,ST16,CR04,"June 6, 2024",2024-06-07,07/06/2024,23.4,1701.5,On-time
SH006173,W01,ST16,CR02,"June 7, 2024","June 8, 2024","June 12, 2024",20.0,1470.4,Delayed
SH006174,W01,ST16,CR01,08/06/2024,09/06/2024,2024-06-13,26.4,1478.31,Delayed
SH006175,W01,ST16,CR04,09/06/2024,2024-06-10,"June 10, 2024",8.7,560.5,On-time
SH006176,W01,ST16,CR04,"June 10, 2024",11/06/2024,2024-06-13,26.1,1735.12,Delayed
SH006177,W01,ST16,CR04,2024-06-11,2024-06-12,"June 16, 2024",18.2,1458.1,Delayed
SH006178,W01,ST16,CR04,2024-06-12,"June 13, 2024",16/06/2024,26.1,1597.65,Delayed
SH006179,W01,ST16,CR03,"June 13, 2024",14/06/2024,2024-06-14,17.0,2031.25,Damaged
SH006180,W01,ST16,CR02,2024-06-14,"June 15, 2024",16/06/2024,26.0,1515.8,Delayed
SH006181,W01,ST16,CR01,"June 15, 2024",2024-06-16,"June 20, 2024",8.4,833.79,Delayed
SH006182,W01,ST16,CR01,"June 16, 2024",2024-06-17,17/06/2024,27.5,1464.79,On-time
SH006183,W01,ST16,CR01,2024-06-17,2024-06-18,2024-06-19,19.7,1190.05,Delayed
SH006184,W01,ST16,CR01,18/06/2024,"June 19, 2024",21/06/2024,9.9,1362.52,Delayed
SH006185,W01,ST16,CR02,2024-06-19,20/06/2024,20/06/2024,10.5,818.6,On-time
SH006186,W01,ST16,CR01,"June 20, 2024",2024-06-21,22/06/2024,21.2,1733.98,Delayed
SH006187,W01,ST16,CR04,2024-06-21,"June 22, 2024",2024-06-23,28.7,1613.51,Delayed
SH006188,W01,ST16,CR05,22/06/2024,2024-06-23,2024-06-26,23.0,1621.06,Delayed
SH006189,W01,ST16,CR02,23/06/2024,24/06/2024,2024-06-24,13.4,786.92,On-time
SH006190,W01,ST16,CR01,2024-06-24,25/06/2024,25/06/2024,34.5,2456.03,On-time
SH006191,W01,ST16,CR05,25/06/2024,26/06/2024,2024-06-26,10.1,572.63,On-time
SH006192,W02,ST16,CR04,"June 26, 2024",28/06/2024,29/06/2024,137.6,13218.25,Delayed
SH006193,W01,ST16,CR02,27/06/2024,2024-06-28,"June 29, 2024",18.7,1088.24,Delayed
SH006194,W01,ST16,CR01,28/06/2024,2024-06-29,29/06/2024,9.7,1039.74,Damaged
SH006195,W01,ST16,CR05,2024-06-29,30/06/2024,30/06/2024,21.0,1232.27,Damaged
SH006196,W01,ST16,CR01,2024-06-30,2024-07-01,"July 3, 2024",29.8,1966.8,Delayed
SH006197,W01,ST16,CR02,2024-07-01,02/07/2024,2024-07-04,34.8,2421.9,Delayed
SH006198,W01,ST16,CR01,2024-07-02,03/07/2024,2024-07-03,21.6,1621.12,On-time
SH006199,W01,ST16,CR02,"July 3, 2024",2024-07-04,2024-07-04,11.7,977.82,On-time
SH006200,W01,ST16,CR01,"July 4, 2024",05/07/2024,2024-07-07,25.8,1717.59,Delayed
SH006201,W01,ST16,CR05,2024-07-05,2024-07-06,08/07/2024,31.9,1620.38,Delayed
SH006202,W02,ST16,CR03,2024-07-06,08/07/2024,"July 11, 2024",221.4,10983.09,Delayed
SH006203,W02,ST16,CR03,2024-07-07,09/07/2024,2024-07-12,221.4,10591.23,Delayed
SH006204,W01,ST16,CR03,2024-07-08,2024-07-09,2024-07-13,15.2,1266.77,Delayed
SH006205,W01,ST16,CR03,09/07/2024,"July 10, 2024",2024-07-11,20.2,1118.07,Delayed
SH006206,W01,ST16,CR01,10/07/2024,"July 11, 2024",11/07/2024,23.5,1529.56,On-time
SH006207,W01,ST16,CR04,2024-07-11,12/07/2024,"July 12, 2024",13.7,877.11,On-time
SH006208,W01,ST16,CR01,12/07/2024,2024-07-13,2024-07-13,8.8,910.75,On-time
SH006209,W01,ST16,CR05,2024-07-13,"July 14, 2024","July 18, 2024",23.4,1772.78,Delayed
SH006210,W01,ST16,CR03,14/07/2024,15/07/2024,2024-07-15,9.8,784.27,On-time
SH006211,W01,ST16,CR02,"July 15, 2024","July 16, 2024",16/07/2024,16.0,1152.51,On-time
SH006212,W03,ST16,CR03,2024-07-16,"July 18, 2024",18/07/2024,210.3,10160.11,On-time
SH006213,W01,ST16,CR01,17/07/2024,18/07/2024,2024-07-18,8.1,839.74,On-time
SH006214,W01,ST16,CR01,"July 18, 2024","July 19, 2024",19/07/2024,28.6,2217.74,On-time
SH006215,W01,ST16,CR01,19/07/2024,2024-07-20,"July 21, 2024",10.7,799.42,Delayed
SH006216,W01,ST16,CR05,2024-07-20,21/07/2024,"July 25, 2024",15.2,1145.61,Delayed
SH006217,W01,ST16,CR03,"July 21, 2024","July 22, 2024",22/07/2024,24.3,1682.84,On-time
SH006218,W01,ST16,CR02,22/07/2024,2024-07-23,2024-07-23,11.1,1048.94,On-time
SH006219,W01,ST16,CR02,23/07/2024,2024-07-24,2024-07-25,13.9,1223.54,Delayed
SH006220,W01,ST16,CR04,2024-07-24,"July 25, 2024",28/07/2024,18.6,988.8,Delayed
SH006221,W01,ST16,CR01,"July 25, 2024",2024-07-26,"July 26, 2024",28.4,1649.93,On-time
SH006222,W02,ST16,CR05,26/07/2024,2024-07-28,2024-07-28,221.4,11274.42,On-time
SH006223,W01,ST16,CR01,27/07/2024,2024-07-28,"July 30, 2024",33.3,2100.42,Delayed
SH006224,W01,ST16,CR03,28/07/2024,29/07/2024,"August 2, 2024",34.1,1891.43,Delayed
SH006225,W01,ST16,CR03,"July 29, 2024",2024-07-30,30/07/2024,34.7,1928.07,On-time
SH006226,W01,ST16,CR01,30/07/2024,31/07/2024,31/07/2024,23.7,1519.56,On-time
SH006227,W01,ST16,CR03,31/07/2024,"August 1, 2024","August 1, 2024",11.3,735.57,On-time
SH006228,W01,ST16,CR05,"August 1, 2024","August 2, 2024",2024-08-02,21.2,1470.51,On-time
SH006229,W01,ST16,CR05,02/08/2024,"August 3, 2024",03/08/2024,31.4,1676.81,On-time
SH006230,W01,ST16,CR05,2024-08-03,"August 4, 2024","August 4, 2024",23.8,1322.11,On-time
SH006231,W01,ST16,CR04,"August 4, 2024",2024-08-05,"August 6, 2024",19.8,1221.44,Delayed
SH006232,W02,ST16,CR02,"August 5, 2024","August 7, 2024","August 8, 2024",221.4,13620.0,Delayed
SH006233,W01,ST16,CR01,2024-08-06,"August 7, 2024",07/08/2024,20.0,1542.05,On-time
SH006234,W01,ST16,CR01,"August 7, 2024","August 8, 2024","August 8, 2024",21.1,1158.89,On-time
SH006235,W01,ST16,CR01,2024-08-08,2024-08-09,2024-08-09,14.0,1616.03,On-time
SH006236,W01,ST16,CR05,09/08/2024,10/08/2024,2024-08-10,14.3,1196.84,On-time
SH006237,W01,ST16,CR04,10/08/2024,2024-08-11,11/08/2024,14.5,1002.63,On-time
SH006238,W01,ST16,CR02,"August 11, 2024",2024-08-12,12/08/2024,27.3,1775.77,On-time
SH006239,W01,ST16,CR05,2024-08-12,2024-08-13,13/08/2024,31.5,2153.22,Damaged
SH006240,W01,ST16,CR03,"August 13, 2024",2024-08-14,2024-08-14,32.2,2305.48,Damaged
SH006241,W01,ST16,CR05,14/08/2024,"August 15, 2024","August 15, 2024",10.8,882.93,On-time
SH006242,W01,ST16,CR04,15/08/2024,16/08/2024,"August 19, 2024",27.2,1314.9,Delayed
SH006243,W02,ST16,CR02,2024-08-16,"August 18, 2024",22/08/2024,221.4,12372.1,Delayed
SH006244,W01,ST16,CR04,"August 17, 2024",18/08/2024,2024-08-18,21.9,1557.04,On-time
SH006245,W01,ST16,CR05,2024-08-18,2024-08-19,"August 19, 2024",33.3,2458.19,On-time
SH006246,W01,ST16,CR04,"August 19, 2024","August 20, 2024",2024-08-20,18.6,1564.24,On-time
SH006247,W01,ST16,CR05,2024-08-20,21/08/2024,21/08/2024,13.4,1289.87,On-time
SH006248,W01,ST16,CR03,"August 21, 2024",2024-08-22,2024-08-22,14.3,827.7,On-time
SH006249,W03,ST16,CR02,22/08/2024,2024-08-24,2024-08-24,130.7,11496.36,On-time
SH006250,W01,ST16,CR05,23/08/2024,2024-08-24,28/08/2024,20.0,1228.18,Delayed
SH006251,W01,ST16,CR02,"August 24, 2024","August 25, 2024",2024-08-25,16.6,1158.45,On-time
SH006252,W01,ST16,CR01,25/08/2024,26/08/2024,"August 26, 2024",34.4,1933.65,On-time
SH006253,W01,ST16,CR02,2024-08-26,27/08/2024,"August 27, 2024",29.9,1805.54,Lost
SH006254,W01,ST16,CR04,"August 27, 2024",2024-08-28,29/08/2024,25.6,1416.5,Delayed
SH006255,W02,ST16,CR03,2024-08-28,"August 30, 2024",01/09/2024,221.4,11675.06,Delayed
SH006256,W01,ST16,CR02,29/08/2024,2024-08-30,"August 31, 2024",27.7,1143.18,Delayed
SH006257,W01,ST16,CR01,"August 30, 2024",31/08/2024,03/09/2024,29.6,1889.58,Delayed
SH006258,W01,ST16,CR05,2024-08-31,2024-09-01,"September 1, 2024",31.1,1874.93,On-time
SH006259,W01,ST16,CR05,01/09/2024,02/09/2024,"September 3, 2024",16.8,1263.45,Delayed
SH006260,W03,ST16,CR04,"September 2, 2024",04/09/2024,2024-09-04,210.3,,On-time
SH006261,W01,ST16,CR01,03/09/2024,"September 4, 2024",04/09/2024,17.5,1691.74,On-time
SH006262,W01,ST16,CR01,04/09/2024,05/09/2024,"September 5, 2024",8.0,751.27,On-time
SH006263,W01,ST16,CR02,05/09/2024,"September 6, 2024","September 8, 2024",33.8,1794.87,Delayed
SH006264,W01,ST16,CR03,2024-09-06,"September 7, 2024",07/09/2024,28.4,1800.18,On-time
SH006265,W01,ST16,CR01,"September 7, 2024",2024-09-08,08/09/2024,18.6,1053.4,On-time
SH006266,W01,ST16,CR05,2024-09-08,"September 9, 2024",2024-09-13,18.9,1023.19,Delayed
SH006267,W01,ST16,CR04,"September 9, 2024",10/09/2024,2024-09-10,24.9,1560.03,On-time
SH006268,W03,ST16,CR05,"September 10, 2024",12/09/2024,12/09/2024,210.3,9922.77,On-time
SH006269,W01,ST16,CR03,11/09/2024,12/09/2024,12/09/2024,16.0,1367.23,On-time
SH006270,W01,ST16,CR02,2024-09-12,13/09/2024,"September 14, 2024",21.8,1451.6,Delayed
SH006271,W03,ST16,CR04,2024-09-13,2024-09-15,2024-09-19,210.3,12690.27,Delayed
SH006272,W01,ST16,CR05,14/09/2024,15/09/2024,2024-09-15,11.2,1134.43,On-time
SH006273,W01,ST16,CR02,2024-09-15,16/09/2024,"September 16, 2024",25.8,1682.51,On-time
SH006274,W01,ST16,CR01,2024-09-16,"September 17, 2024","September 17, 2024",34.5,2281.23,On-time
SH006275,W01,ST16,CR01,2024-09-17,2024-09-18,2024-09-18,27.2,1559.94,Damaged
SH006276,W01,ST16,CR03,2024-09-18,"September 19, 2024",2024-09-19,28.3,1920.16,On-time
SH006277,W01,ST16,CR05,19/09/2024,20/09/2024,2024-09-20,14.0,1199.91,On-time
SH006278,W01,ST16,CR04,"September 20, 2024","September 21, 2024",2024-09-23,16.7,970.36,Delayed
SH006279,W01,ST16,CR03,"September 21, 2024",2024-09-22,22/09/2024,17.3,1308.1,On-time
SH006280,W01,ST16,CR05,22/09/2024,23/09/2024,"September 23, 2024",33.8,2002.69,On-time
SH006281,W01,ST16,CR01,23/09/2024,2024-09-24,24/09/2024,28.5,1485.88,On-time
SH006282,W01,ST16,CR03,"September 24, 2024","September 25, 2024",25/09/2024,5.5,897.3,Damaged
SH006283,W03,ST16,CR02,"September 25, 2024",27/09/2024,"September 27, 2024",130.7,10508.17,On-time
SH006284,W01,ST16,CR02,26/09/2024,2024-09-27,"September 27, 2024",27.8,1779.33,On-time
SH006285,W01,ST16,CR04,2024-09-27,2024-09-28,2024-09-28,16.2,1203.51,On-time
SH006286,W01,ST16,CR01,2024-09-28,29/09/2024,"October 1, 2024",25.9,1495.13,Delayed
SH006287,W01,ST16,CR02,2024-09-29,30/09/2024,02/10/2024,17.0,879.12,Delayed
SH006288,W01,ST16,CR04,"September 30, 2024",01/10/2024,"October 1, 2024",8.2,975.59,On-time
SH006289,W01,ST16,CR05,01/10/2024,"October 2, 2024","October 2, 2024",33.7,1736.91,Lost
SH006290,W01,ST16,CR02,2024-10-02,2024-10-03,"October 3, 2024",25.8,1494.86,On-time
SH006291,W01,ST16,CR03,2024-10-03,"October 4, 2024",2024-10-04,33.2,2204.68,On-time
SH006292,W03,ST16,CR05,"October 4, 2024",06/10/2024,"October 6, 2024",130.7,9935.81,On-time
SH006293,W01,ST16,CR03,2024-10-05,2024-10-06,06/10/2024,13.9,889.59,On-time
SH006294,W01,ST16,CR05,2024-10-06,2024-10-07,"October 7, 2024",16.0,1054.66,On-time
SH006295,W01,ST16,CR01,2024-10-07,"October 8, 2024",2024-10-08,17.6,1567.99,On-time
SH006296,W01,ST16,CR02,2024-10-08,"October 9, 2024",2024-10-10,33.4,1954.69,Delayed
SH006297,W02,ST16,CR02,09/10/2024,"October 11, 2024",2024-10-14,221.4,7731.42,Delayed
SH006298,W01,ST16,CR02,2024-10-10,"October 11, 2024","October 14, 2024",26.6,1410.68,Delayed
SH006299,W01,ST16,CR03,11/10/2024,2024-10-12,"October 12, 2024",20.6,1336.81,On-time
SH006300,W01,ST16,CR03,2024-10-12,2024-10-13,2024-10-13,32.4,1576.05,On-time
SH006301,W01,ST16,CR05,2024-10-13,"October 14, 2024",14/10/2024,23.7,1314.35,On-time
SH006302,W01,ST16,CR04,"October 14, 2024",15/10/2024,15/10/2024,17.0,1137.64,On-time
SH006303,W01,ST16,CR03,15/10/2024,16/10/2024,"October 16, 2024",24.4,1816.61,On-time
SH006304,W01,ST16,CR02,"October 16, 2024","October 17, 2024",18/10/2024,30.2,1928.29,Delayed
SH006305,W01,ST16,CR03,"October 17, 2024",18/10/2024,2024-10-18,10.4,1084.01,On-time
SH006306,W01,ST16,CR02,18/10/2024,2024-10-19,19/10/2024,30.3,2004.17,Damaged
SH006307,W01,ST16,CR01,"October 19, 2024",20/10/2024,2024-10-20,8.4,979.55,On-time
SH006308,W01,ST16,CR01,"October 20, 2024",2024-10-21,"October 21, 2024",5.6,,On-time
SH006309,W01,ST16,CR02,2024-10-21,2024-10-22,2024-10-22,14.4,1405.64,On-time
SH006310,W01,ST16,CR03,22/10/2024,2024-10-23,2024-10-23,19.9,1256.86,On-time
SH006311,W01,ST16,CR02,23/10/2024,"October 24, 2024","October 24, 2024",13.1,890.96,On-time
SH006312,W03,ST16,CR01,"October 24, 2024",2024-10-26,2024-10-26,130.7,11037.03,On-time
SH006313,W01,ST16,CR05,"October 25, 2024","October 26, 2024",2024-10-26,16.5,1074.46,On-time
SH006314,W01,ST16,CR04,2024-10-26,27/10/2024,27/10/2024,10.4,981.85,On-time
SH006315,W01,ST16,CR05,"October 27, 2024","October 28, 2024","October 28, 2024",28.9,1493.97,On-time
SH006316,W01,ST16,CR01,28/10/2024,"October 29, 2024",2024-10-29,13.5,1330.31,On-time
SH006317,W01,ST16,CR03,"October 29, 2024",2024-10-30,30/10/2024,14.1,1170.89,On-time
SH006318,W01,ST16,CR02,"October 30, 2024",31/10/2024,"October 31, 2024",11.8,1001.09,On-time
SH006319,W01,ST16,CR01,"October 31, 2024","November 1, 2024",01/11/2024,19.6,1521.15,On-time
SH006320,W01,ST16,CR02,"November 1, 2024","November 2, 2024",2024-11-02,17.9,1728.77,On-time
SH006321,W01,ST16,CR03,"November 2, 2024","November 3, 2024","November 3, 2024",31.8,1733.5,On-time
SH006322,W02,ST16,CR04,"November 3, 2024",05/11/2024,"November 5, 2024",221.4,12282.93,On-time
SH006323,W01,ST16,CR05,2024-11-04,05/11/2024,"November 5, 2024",27.4,1249.74,Damaged
SH006324,W01,ST16,CR03,2024-11-05,06/11/2024,2024-11-06,27.4,1760.35,On-time
SH006325,W01,ST16,CR02,"November 6, 2024","November 7, 2024",2024-11-08,31.5,1920.36,Delayed
SH006326,W01,ST16,CR04,2024-11-07,08/11/2024,2024-11-12,14.3,930.63,Delayed
SH006327,W01,ST16,CR03,"November 8, 2024",09/11/2024,"November 9, 2024",24.5,1756.1,On-time
SH006328,W01,ST16,CR05,09/11/2024,"November 10, 2024",10/11/2024,23.1,1587.07,On-time
SH006329,W02,ST99,CR05,"November 10, 2024","November 12, 2024","November 12, 2024",221.4,9854.2,On-time
SH006330,W01,ST16,CR04,"November 11, 2024",2024-11-12,2024-11-12,25.1,1611.85,On-time
SH006331,W01,ST16,CR03,12/11/2024,"November 13, 2024","November 13, 2024",15.5,1062.78,On-time
SH006332,W01,ST16,CR05,"November 13, 2024","November 14, 2024",14/11/2024,29.5,1858.39,On-time
SH006333,W01,ST16,CR01,2024-11-14,15/11/2024,"November 15, 2024",15.2,1104.07,On-time
SH006334,W01,ST16,CR05,15/11/2024,2024-11-16,"November 16, 2024",32.6,1602.68,On-time
SH006335,W01,ST16,CR01,"November 16, 2024","November 17, 2024",2024-11-17,8.2,602.14,On-time
SH006336,W01,ST16,CR01,2024-11-17,"November 18, 2024",18/11/2024,28.2,1768.26,On-time
SH006337,W01,ST16,CR02,18/11/2024,"November 19, 2024","November 19, 2024",28.0,1414.52,On-time
SH006338,W01,ST16,CR05,2024-11-19,2024-11-20,"November 20, 2024",20.4,1324.27,On-time
SH006339,W01,ST16,CR01,"November 20, 2024",21/11/2024,"November 21, 2024",33.5,,On-time
SH006340,W01,ST16,CR03,2024-11-21,"November 22, 2024","November 22, 2024",17.6,972.54,On-time
SH006341,W01,ST16,CR04,22/11/2024,2024-11-23,23/11/2024,31.1,1842.01,On-time
SH006342,W01,ST16,CR02,2024-11-23,24/11/2024,2024-11-24,17.3,1811.02,On-time
SH006343,W01,ST16,CR03,"November 24, 2024",2024-11-25,"November 25, 2024",10.9,1027.97,Damaged
SH006344,W01,ST16,CR05,25/11/2024,"November 26, 2024","November 29, 2024",5.5,881.6,Delayed
SH006345,W01,ST16,CR01,"November 26, 2024",27/11/2024,2024-11-27,8.4,702.7,On-time
SH006346,W02,ST16,CR04,27/11/2024,29/11/2024,03/12/2024,221.4,12628.85,Delayed
SH006347,W01,ST16,CR05,2024-11-28,29/11/2024,29/11/2024,12.8,1249.49,On-time
SH006348,W01,ST16,CR01,29/11/2024,30/11/2024,30/11/2024,17.7,1119.88,On-time
SH006349,W01,ST16,CR02,"November 30, 2024","December 1, 2024",01/12/2024,18.5,1153.75,On-time
SH006350,W01,ST16,CR03,"December 1, 2024",02/12/2024,2024-12-02,26.0,1764.55,On-time
SH006351,W01,ST16,CR02,"December 2, 2024",2024-12-03,03/12/2024,16.8,1229.22,On-time
SH006352,W01,ST16,CR01,"December 3, 2024","December 4, 2024",2024-12-04,15.3,1176.02,On-time
SH006353,W03,ST16,CR03,04/12/2024,2024-12-06,06/12/2024,210.3,9118.96,Damaged
SH006354,W01,ST16,CR03,2024-12-05,2024-12-06,2024-12-06,11.4,1067.97,On-time
SH006355,W01,ST16,CR04,2024-12-06,"December 7, 2024",2024-12-07,31.3,2088.4,On-time
SH006356,W01,ST16,CR01,07/12/2024,2024-12-08,08/12/2024,16.6,1164.71,On-time
SH006357,W02,ST16,CR03,"December 8, 2024",10/12/2024,10/12/2024,221.4,8704.65,On-time
SH006358,W01,ST16,CR04,2024-12-09,"December 10, 2024","December 12, 2024",14.7,1293.28,Delayed
SH006359,W01,ST16,CR05,2024-12-10,"December 11, 2024","December 11, 2024",13.3,907.75,On-time
SH006360,W01,ST16,CR03,2024-12-11,"December 12, 2024",12/12/2024,24.9,1230.7,On-time
SH006361,W01,ST16,CR05,12/12/2024,"December 13, 2024",2024-12-13,18.0,1017.21,On-time
SH006362,W01,ST16,CR01,"December 13, 2024",2024-12-14,14/12/2024,27.9,2035.58,On-time
SH006363,W01,ST16,CR03,"December 14, 2024",15/12/2024,2024-12-15,19.8,1938.12,On-time
SH006364,W01,ST16,CR01,2024-12-15,"December 16, 2024","December 19, 2024",20.9,1537.28,Delayed
SH006365,W01,ST16,CR01,16/12/2024,2024-12-17,17/12/2024,13.1,939.9,On-time
SH006366,W01,ST16,CR03,"December 17, 2024",18/12/2024,"December 18, 2024",24.6,1793.0,On-time
SH006367,W01,ST16,CR01,18/12/2024,2024-12-19,"December 19, 2024",9.9,873.7,On-time
SH006368,W01,ST16,CR01,2024-12-19,2024-12-20,20/12/2024,10.6,,On-time
SH006369,W01,ST16,CR02,2024-12-20,2024-12-21,21/12/2024,10.6,779.95,On-time
SH006370,W01,ST16,CR04,"December 21, 2024","December 22, 2024",2024-12-22,23.5,1218.69,On-time
SH006371,W02,ST16,CR03,"December 22, 2024","December 24, 2024","December 24, 2024",221.4,10962.58,Damaged
SH006372,W01,ST16,CR03,23/12/2024,2024-12-24,2024-12-24,9.2,1079.86,On-time
SH006373,W01,ST16,CR02,24/12/2024,2024-12-25,"December 25, 2024",28.0,1900.65,On-time
SH006374,W01,ST16,CR04,"December 25, 2024","December 26, 2024",29/12/2024,8.7,519.52,Delayed
SH006375,W01,ST16,CR05,"December 26, 2024","December 27, 2024","December 27, 2024",10.2,940.71,On-time
SH006376,W01,ST16,CR03,27/12/2024,2024-12-28,"December 28, 2024",32.8,1698.81,On-time
SH006377,W01,ST16,CR05,"December 28, 2024","December 29, 2024","December 29, 2024",8.1,668.14,On-time
SH006378,W01,ST16,CR03,29/12/2024,2024-12-30,2024-12-30,24.1,1660.55,On-time
SH006379,W01,ST16,CR03,2024-12-30,"December 31, 2024","December 31, 2024",23.1,1631.92,Damaged
SH006380,W01,ST16,CR02,"December 31, 2024",2025-01-01,"January 1, 2025",19.6,1211.63,On-time
SH006381,W01,ST16,CR03,01/01/2025,02/01/2025,02/01/2025,28.5,2085.19,On-time
SH006382,W01,ST16,CR04,"January 2, 2025",2025-01-03,03/01/2025,14.2,1013.8,On-time
SH006383,W01,ST16,CR05,"January 3, 2025",2025-01-04,"January 4, 2025",7.8,1033.95,On-time
SH006384,W01,ST16,CR03,04/01/2025,"January 5, 2025",2025-01-05,30.6,,On-time
SH006385,W01,ST16,CR01,"January 5, 2025",2025-01-06,2025-01-06,25.9,1401.82,On-time
SH006386,W01,ST16,CR02,2025-01-06,07/01/2025,07/01/2025,14.3,1412.79,Lost
SH006387,W01,ST16,CR01,2025-01-07,08/01/2025,"January 8, 2025",12.6,862.97,On-time
SH006388,W01,ST16,CR05,08/01/2025,09/01/2025,2025-01-09,25.7,1438.54,On-time
SH006389,W03,ST16,CR05,2025-01-09,"January 11, 2025","January 11, 2025",210.3,8999.86,On-time
SH006390,W01,ST16,CR03,2025-01-10,"January 11, 2025","January 11, 2025",31.9,1739.99,On-time
SH006391,W01,ST16,CR05,11/01/2025,2025-01-12,2025-01-12,26.2,1610.14,On-time
SH006392,W01,ST16,CR05,12/01/2025,"January 13, 2025",13/01/2025,16.2,1015.42,On-time
SH006393,W01,ST16,CR03,13/01/2025,"January 14, 2025",14/01/2025,17.5,1425.3,On-time
SH006394,W01,ST16,CR04,2025-01-14,"January 15, 2025",2025-01-15,5.4,762.6,On-time
SH006395,W01,ST16,CR03,2025-01-15,2025-01-16,"January 16, 2025",15.2,1162.53,On-time
SH006396,W01,ST16,CR01,2025-01-16,17/01/2025,17/01/2025,9.3,,On-time
SH006397,W01,ST16,CR01,"January 17, 2025","January 18, 2025",2025-01-18,16.5,1152.13,On-time
SH006398,W01,ST16,CR01,"January 18, 2025",2025-01-19,2025-01-19,16.7,1105.05,On-time
SH006399,W01,ST16,CR02,19/01/2025,20/01/2025,2025-01-20,24.8,1707.41,On-time
SH006400,W01,ST16,CR02,2025-01-20,"January 21, 2025","January 21, 2025",31.8,1538.13,On-time
SH006401,W03,ST16,CR05,21/01/2025,23/01/2025,2025-01-23,210.3,10341.21,On-time
SH006402,W03,ST16,CR01,"January 22, 2025","January 24, 2025","January 24, 2025",210.3,10425.8,On-time
SH006403,W01,ST16,CR04,"January 23, 2025","January 24, 2025","January 24, 2025",19.0,1226.88,On-time
SH006404,W01,ST16,CR05,2025-01-24,2025-01-25,"January 25, 2025",15.6,1005.41,On-time
SH006405,W03,ST16,CR02,25/01/2025,"January 27, 2025",27/01/2025,210.3,9373.77,On-time
SH006406,W01,ST16,CR05,26/01/2025,2025-01-27,27/01/2025,20.6,1162.84,Damaged
SH006407,W01,ST16,CR02,2025-01-27,"January 28, 2025",28/01/2025,23.5,1353.05,On-time
SH006408,W01,ST16,CR02,28/01/2025,"January 29, 2025",2025-01-29,31.8,1612.61,On-time
SH006409,W02,ST16,CR01,2025-01-29,2025-01-31,04/02/2025,137.6,12495.28,Delayed
SH006410,W01,ST16,CR01,"January 30, 2025",2025-01-31,"January 31, 2025",31.4,2153.93,On-time
SH006411,W01,ST16,CR05,31/01/2025,"February 1, 2025","February 1, 2025",8.1,835.45,On-time
SH006412,W01,ST16,CR02,01/02/2025,2025-02-02,2025-02-02,28.5,1945.43,On-time
SH006413,W01,ST16,CR04,02/02/2025,2025-02-03,03/02/2025,10.1,1012.52,On-time
SH006414,W01,ST16,CR03,2025-02-03,2025-02-04,2025-02-04,15.4,1159.73,On-time
SH006415,W01,ST16,CR01,"February 4, 2025",2025-02-05,05/02/2025,24.4,1252.04,On-time
SH006416,W01,ST16,CR02,2025-02-05,"February 6, 2025","February 6, 2025",16.2,1062.95,On-time
SH006417,W01,ST16,CR05,"February 6, 2025","February 7, 2025","February 7, 2025",13.7,1080.63,On-time
SH006418,W01,ST16,CR01,2025-02-07,08/02/2025,08/02/2025,34.6,1612.87,On-time
SH006419,W01,ST16,CR05,2025-02-08,2025-02-09,09/02/2025,25.0,1798.2,On-time
SH006420,W01,ST16,CR01,09/02/2025,10/02/2025,"February 10, 2025",17.6,1185.11,On-time
SH006421,W01,ST16,CR02,"February 10, 2025",11/02/2025,"February 11, 2025",22.9,1651.88,On-time
SH006422,W01,ST16,CR04,"February 11, 2025","February 12, 2025",12/02/2025,31.7,2307.96,On-time
SH006423,W01,ST16,CR03,2025-02-12,13/02/2025,13/02/2025,21.4,1422.58,On-time
SH006424,W01,ST16,CR01,2025-02-13,14/02/2025,15/02/2025,23.1,1573.28,Delayed
SH006425,W01,ST16,CR01,"February 14, 2025","February 15, 2025","February 19, 2025",25.9,1512.35,Delayed
SH006426,W01,ST16,CR01,"February 15, 2025",2025-02-16,16/02/2025,15.2,923.15,On-time
SH006427,W01,ST16,CR05,"February 16, 2025",2025-02-17,2025-02-17,19.1,1755.44,On-time
SH006428,W01,ST16,CR02,17/02/2025,18/02/2025,21/02/2025,20.1,1889.6,Delayed
SH006429,W01,ST16,CR03,"February 18, 2025",19/02/2025,2025-02-19,9.1,978.92,On-time
SH006430,W01,ST16,CR01,2025-02-19,2025-02-20,"February 24, 2025",28.9,,Delayed
SH006431,W01,ST16,CR03,20/02/2025,21/02/2025,"February 21, 2025",22.0,1346.14,On-time
SH006432,W01,ST16,CR03,"February 21, 2025",22/02/2025,22/02/2025,25.3,1860.46,On-time
SH006433,W01,ST16,CR04,22/02/2025,"February 23, 2025",23/02/2025,11.4,1061.13,On-time
SH006434,W01,ST16,CR04,2025-02-23,"February 24, 2025",24/02/2025,18.0,1011.61,On-time
SH006435,W01,ST16,CR01,2025-02-24,"February 25, 2025",28/02/2025,33.4,2345.65,Delayed
SH006436,W01,ST16,CR04,"February 25, 2025",26/02/2025,2025-02-28,22.7,1591.6,Delayed
SH006437,W02,ST16,CR01,2025-02-26,28/02/2025,"February 28, 2025",137.6,9010.64,On-time
SH006438,W03,ST16,CR05,2025-02-27,"March 1, 2025",01/03/2025,210.3,9677.67,On-time
SH006439,W01,ST16,CR03,28/02/2025,2025-03-01,"March 1, 2025",30.0,1929.46,On-time
SH006440,W01,ST16,CR03,2025-03-01,2025-03-02,2025-03-02,31.1,1897.42,On-time
SH006441,W01,ST16,CR03,2025-03-02,03/03/2025,"March 3, 2025",21.8,2137.36,On-time
SH006442,W01,ST16,CR01,2025-03-03,"March 4, 2025",04/03/2025,17.2,942.08,On-time
SH006443,W01,ST16,CR01,"March 4, 2025","March 5, 2025",05/03/2025,26.1,1396.07,On-time
SH006444,W01,ST16,CR02,05/03/2025,2025-03-06,06/03/2025,7.3,1015.87,On-time
SH006445,W01,ST16,CR02,2025-03-06,2025-03-07,"March 9, 2025",31.9,1563.55,Delayed
SH006446,W01,ST16,CR05,"March 7, 2025",2025-03-08,08/03/2025,10.0,1038.34,On-time
SH006447,W01,ST16,CR05,2025-03-08,2025-03-09,2025-03-09,26.2,,On-time
SH006448,W01,ST16,CR02,"March 9, 2025","March 10, 2025",10/03/2025,32.7,1525.23,Damaged
SH006449,W01,ST16,CR04,"March 10, 2025",11/03/2025,11/03/2025,22.3,1566.05,On-time
SH006450,W01,ST16,CR03,"March 11, 2025","March 12, 2025",2025-03-12,30.1,1552.1,On-time
SH006451,W01,ST16,CR02,"March 12, 2025",13/03/2025,16/03/2025,17.3,1995.22,Delayed
SH006452,W01,ST16,CR05,"March 13, 2025",14/03/2025,2025-03-14,13.5,1068.02,On-time
SH006453,W01,ST16,CR02,14/03/2025,"March 15, 2025",2025-03-15,21.2,1253.47,On-time
SH006454,W01,ST16,CR03,15/03/2025,"March 16, 2025",2025-03-16,34.5,2347.39,On-time
SH006455,W01,ST16,CR01,2025-03-16,2025-03-17,2025-03-17,14.8,1039.02,On-time
SH006456,W01,ST16,CR01,2025-03-17,18/03/2025,18/03/2025,14.3,974.56,On-time
SH006457,W01,ST16,CR03,"March 18, 2025",19/03/2025,"March 19, 2025",23.7,1585.51,On-time
SH006458,W01,ST16,CR02,"March 19, 2025","March 20, 2025","March 20, 2025",24.9,1305.26,On-time
SH006459,W01,ST16,CR01,"March 20, 2025","March 21, 2025",21/03/2025,11.6,697.38,On-time
SH006460,W01,ST16,CR03,21/03/2025,22/03/2025,"March 22, 2025",31.8,1584.01,On-time
SH006461,W02,ST16,CR02,22/03/2025,"March 24, 2025",2025-03-24,221.4,11584.97,On-time
SH006462,W01,ST16,CR01,2025-03-23,2025-03-24,"March 24, 2025",26.6,1632.64,On-time
SH006463,W01,ST16,CR05,24/03/2025,"March 25, 2025",2025-03-25,22.7,1169.81,On-time
SH006464,W01,ST16,CR03,25/03/2025,"March 26, 2025","March 26, 2025",21.4,1471.0,On-time
SH006465,W01,ST16,CR02,"March 26, 2025",2025-03-27,"March 27, 2025",17.9,1059.24,On-time
SH006466,W01,ST16,CR05,"March 27, 2025",2025-03-28,2025-03-28,23.1,1297.09,On-time
SH006467,W01,ST16,CR02,2025-03-28,"March 29, 2025",2025-03-29,30.7,1806.24,On-time
SH006468,W01,ST16,CR01,"March 29, 2025",30/03/2025,"March 30, 2025",33.3,2004.28,On-time
SH006469,W03,ST16,CR05,30/03/2025,2025-04-01,01/04/2025,210.3,9669.37,On-time
SH006470,W01,ST16,CR02,31/03/2025,01/04/2025,"April 1, 2025",13.7,915.89,On-time
SH006471,W01,ST16,CR02,2025-04-01,"April 2, 2025","April 2, 2025",13.3,1299.78,On-time
SH006472,W01,ST16,CR05,"April 2, 2025",03/04/2025,"April 4, 2025",9.8,929.68,Delayed
SH006473,W01,ST16,CR03,03/04/2025,04/04/2025,2025-04-04,14.7,1134.63,On-time
SH006474,W01,ST16,CR02,04/04/2025,05/04/2025,"April 9, 2025",15.2,1035.58,Delayed
SH006475,W01,ST16,CR01,2025-04-05,06/04/2025,08/04/2025,34.3,2063.7,Delayed
SH006476,W03,ST16,CR05,"April 6, 2025","April 8, 2025","April 8, 2025",210.3,9948.0,On-time
SH006477,W01,ST16,CR01,07/04/2025,"April 8, 2025","April 8, 2025",25.0,1461.29,Damaged
SH006478,W01,ST16,CR02,2025-04-08,09/04/2025,09/04/2025,11.0,845.14,On-time
SH006479,W01,ST16,CR01,09/04/2025,2025-04-10,10/04/2025,25.6,1671.06,On-time
SH006480,W01,ST16,CR01,"April 10, 2025",2025-04-11,2025-04-13,12.2,1692.41,Delayed
SH006481,W01,ST16,CR03,"April 11, 2025","April 12, 2025",2025-04-12,32.4,1552.85,On-time
SH006482,W01,ST16,CR04,2025-04-12,13/04/2025,"April 13, 2025",31.1,1536.19,On-time
SH006483,W01,ST16,CR02,2025-04-13,2025-04-14,2025-04-14,8.3,670.57,On-time
SH006484,W01,ST16,CR01,14/04/2025,"April 15, 2025",2025-04-15,10.7,1038.93,On-time
SH006485,W01,ST16,CR04,15/04/2025,16/04/2025,17/04/2025,9.2,769.72,Delayed
SH006486,W01,ST16,CR03,"April 16, 2025","April 17, 2025","April 17, 2025",16.7,1520.79,On-time
SH006487,W01,ST16,CR04,"April 17, 2025",18/04/2025,21/04/2025,24.3,1488.31,Delayed
SH006488,W01,ST16,CR04,"April 18, 2025","April 19, 2025",19/04/2025,12.4,,On-time
SH006489,W01,ST16,CR03,19/04/2025,"April 20, 2025","April 20, 2025",12.4,1018.98,On-time
SH006490,W01,ST16,CR05,"April 20, 2025","April 21, 2025","April 21, 2025",24.7,1914.41,On-time
SH006491,W01,ST16,CR02,21/04/2025,2025-04-22,2025-04-22,16.6,1125.19,On-time
SH006492,W01,ST16,CR03,"April 22, 2025","April 23, 2025",24/04/2025,8.1,832.15,Delayed
SH006493,W01,ST16,CR05,23/04/2025,"April 24, 2025","April 27, 2025",11.7,791.3,Delayed
SH006494,W01,ST16,CR01,24/04/2025,25/04/2025,"April 25, 2025",30.1,1860.04,On-time
SH006495,W01,ST16,CR01,2025-04-25,26/04/2025,26/04/2025,30.9,2147.88,On-time
SH006496,W01,ST16,CR02,2025-04-26,27/04/2025,27/04/2025,25.6,1822.36,On-time
SH006497,W01,ST16,CR03,27/04/2025,2025-04-28,"April 28, 2025",14.7,959.18,On-time
SH006498,W01,ST16,CR01,2025-04-28,"April 29, 2025",29/04/2025,32.5,2311.41,On-time
SH006499,W01,ST16,CR01,"April 29, 2025",30/04/2025,"April 30, 2025",32.6,1900.84,On-time
SH006500,W01,ST16,CR03,30/04/2025,2025-05-01,"May 1, 2025",26.5,1663.92,On-time
SH006501,W01,ST16,CR04,2025-05-01,02/05/2025,2025-05-02,6.4,760.96,On-time
SH006502,W01,ST16,CR02,2025-05-02,03/05/2025,"May 6, 2025",23.9,1257.93,Delayed
SH006503,W01,ST16,CR01,2025-05-03,04/05/2025,"May 4, 2025",31.8,2067.03,On-time
SH006504,W01,ST16,CR05,"May 4, 2025","May 5, 2025",05/05/2025,26.2,1802.18,Lost
SH006505,W01,ST16,CR01,"May 5, 2025",2025-05-06,2025-05-06,8.5,568.25,On-time
SH006506,W01,ST16,CR05,"May 6, 2025","May 7, 2025",09/05/2025,18.3,1162.64,Delayed
SH006507,W01,ST16,CR02,07/05/2025,"May 8, 2025","May 8, 2025",13.4,1268.59,On-time
SH006508,W01,ST16,CR03,2025-05-08,"May 9, 2025","May 9, 2025",34.7,2091.97,On-time
SH006509,W01,ST16,CR05,"May 9, 2025",10/05/2025,2025-05-10,33.9,1925.41,On-time
SH006510,W01,ST16,CR01,2025-05-10,"May 11, 2025",2025-05-11,29.3,1654.59,On-time
SH006511,W01,ST16,CR05,11/05/2025,12/05/2025,12/05/2025,15.4,859.48,On-time
SH006512,W01,ST16,CR04,12/05/2025,"May 13, 2025",2025-05-17,10.4,1183.38,Delayed
SH006513,W01,ST16,CR01,13/05/2025,2025-05-14,2025-05-14,16.7,1502.29,Lost
SH006514,W01,ST16,CR05,2025-05-14,15/05/2025,"May 15, 2025",10.1,702.22,On-time
SH006515,W01,ST16,CR01,"May 15, 2025",2025-05-16,16/05/2025,15.4,1013.73,On-time
SH006516,W01,ST16,CR05,"May 16, 2025",2025-05-17,"May 17, 2025",11.0,967.79,On-time
SH006517,W01,ST16,CR01,17/05/2025,2025-05-18,2025-05-18,16.5,1293.47,On-time
SH006518,W02,ST16,CR02,2025-05-18,2025-05-20,2025-05-21,221.4,9148.11,Delayed
SH006519,W01,ST16,CR03,2025-05-19,"May 20, 2025",2025-05-21,27.7,1651.64,Delayed
SH006520,W01,ST16,CR05,20/05/2025,"May 21, 2025","May 21, 2025",23.7,1511.24,On-time
SH006521,W01,ST16,CR02,"May 21, 2025",22/05/2025,22/05/2025,12.9,939.47,On-time
SH006522,W01,ST16,CR03,2025-05-22,2025-05-23,"May 23, 2025",23.2,1661.23,On-time
SH006523,W01,ST16,CR02,"May 23, 2025","May 24, 2025","May 24, 2025",34.3,2068.14,On-time
SH006524,W01,ST16,CR04,"May 24, 2025","May 25, 2025",25/05/2025,16.0,1788.36,On-time
SH006525,W01,ST16,CR01,25/05/2025,26/05/2025,2025-05-26,19.9,1363.55,On-time
SH006526,W01,ST16,CR02,2025-05-26,27/05/2025,30/05/2025,21.9,1100.6,Delayed
SH006527,W01,ST16,CR03,"May 27, 2025",28/05/2025,28/05/2025,20.3,1544.32,On-time
SH006528,W01,ST16,CR01,28/05/2025,"May 29, 2025",29/05/2025,20.7,1212.4,On-time
SH006529,W01,ST16,CR05,29/05/2025,30/05/2025,2025-05-30,21.3,2236.11,Damaged
SH006530,W01,ST16,CR03,"May 30, 2025",2025-05-31,31/05/2025,10.9,1060.95,On-time
SH006531,W01,ST16,CR01,"May 31, 2025",01/06/2025,"June 1, 2025",8.8,814.2,On-time
SH006532,W01,ST16,CR04,01/06/2025,02/06/2025,06/06/2025,27.8,1497.13,Delayed
SH006533,W03,ST16,CR05,"June 2, 2025","June 4, 2025",06/06/2025,130.7,12346.85,Damaged
SH006534,W01,ST16,CR01,2025-06-03,04/06/2025,2025-06-04,21.0,1276.2,On-time
SH006535,W01,ST16,CR03,"June 4, 2025","June 5, 2025","June 5, 2025",17.2,1487.3,On-time
SH006536,W01,ST16,CR05,2025-06-05,06/06/2025,06/06/2025,25.6,1618.67,On-time
SH006537,W01,ST16,CR03,06/06/2025,"June 7, 2025",2025-06-07,19.7,1244.61,On-time
SH006538,W01,ST16,CR02,2025-06-07,"June 8, 2025",2025-06-10,13.3,,Delayed
SH006539,W01,ST16,CR02,08/06/2025,2025-06-09,09/06/2025,21.9,1358.71,On-time
SH006540,W01,ST16,CR01,09/06/2025,10/06/2025,10/06/2025,14.6,760.63,On-time
SH006541,W01,ST16,CR01,10/06/2025,2025-06-11,2025-06-11,27.4,1717.07,On-time
SH006542,W01,ST16,CR02,11/06/2025,"June 12, 2025","June 13, 2025",12.8,683.37,Delayed
SH006543,W01,ST16,CR03,2025-06-12,"June 13, 2025",2025-06-17,28.2,,Delayed
SH006544,W01,ST16,CR04,"June 13, 2025",14/06/2025,"June 14, 2025",14.8,1599.25,On-time
SH006545,W01,ST16,CR05,2025-06-14,2025-06-15,"June 15, 2025",19.4,1223.3,On-time
SH006546,W01,ST16,CR04,2025-06-15,16/06/2025,2025-06-19,9.1,1014.49,Delayed
SH006547,W01,ST16,CR05,2025-06-16,"June 17, 2025",17/06/2025,18.2,1090.63,On-time
SH006548,W01,ST16,CR01,17/06/2025,18/06/2025,2025-06-18,8.4,770.33,On-time
SH006549,W01,ST16,CR02,"June 18, 2025",19/06/2025,"June 19, 2025",18.4,1357.32,On-time
SH006550,W03,ST99,CR03,2025-06-19,2025-06-21,2025-06-21,130.7,11442.64,On-time
SH006551,W01,ST16,CR04,2025-06-20,"June 21, 2025","June 21, 2025",14.4,794.82,On-time
SH006552,W01,ST16,CR03,"June 21, 2025","June 22, 2025",2025-06-22,14.3,1426.01,On-time
SH006553,W01,ST16,CR03,22/06/2025,23/06/2025,"June 23, 2025",16.7,1895.29,Lost
SH006554,W01,ST16,CR03,"June 23, 2025",24/06/2025,26/06/2025,8.0,798.33,Delayed
SH006555,W01,ST16,CR03,24/06/2025,"June 25, 2025","June 25, 2025",24.5,1228.15,On-time
SH006556,W01,ST16,CR05,25/06/2025,"June 26, 2025",2025-06-26,26.1,1665.7,On-time
SH006557,W01,ST16,CR03,2025-06-26,27/06/2025,"June 27, 2025",23.3,1838.1,On-time
SH006558,W01,ST16,CR01,2025-06-27,2025-06-28,28/06/2025,24.7,1616.68,On-time
SH006559,W01,ST16,CR01,28/06/2025,2025-06-29,2025-06-29,34.4,1891.48,On-time
SH006560,W01,ST16,CR03,29/06/2025,2025-06-30,30/06/2025,30.7,2247.77,On-time
SH006561,W01,ST16,CR03,30/06/2025,01/07/2025,01/07/2025,34.1,1796.62,On-time
SH006562,W01,ST16,CR05,"July 1, 2025","July 2, 2025",02/07/2025,21.1,1799.99,On-time
SH006563,W01,ST16,CR05,02/07/2025,03/07/2025,03/07/2025,22.5,1274.08,On-time
SH006564,W01,ST16,CR03,"July 3, 2025",04/07/2025,04/07/2025,19.5,1332.96,On-time
SH006565,W01,ST16,CR05,"July 4, 2025",05/07/2025,2025-07-05,25.6,1829.22,On-time
SH006566,W01,ST16,CR02,2025-07-05,06/07/2025,"July 6, 2025",30.4,1748.95,On-time
SH006567,W01,ST16,CR05,"July 6, 2025","July 7, 2025",07/07/2025,16.4,1863.43,On-time
SH006568,W01,ST16,CR01,"July 7, 2025",08/07/2025,10/07/2025,28.7,,Delayed
SH006569,W01,ST16,CR03,"July 8, 2025",09/07/2025,"July 11, 2025",19.8,1302.9,Delayed
SH006570,W01,ST16,CR02,2025-07-09,10/07/2025,"July 14, 2025",20.6,1463.81,Delayed
SH006571,W01,ST16,CR05,2025-07-10,11/07/2025,"July 11, 2025",15.0,1117.85,On-time
SH006572,W03,ST16,CR05,11/07/2025,2025-07-13,13/07/2025,210.3,10449.81,On-time
SH006573,W01,ST16,CR05,"July 12, 2025","July 13, 2025",13/07/2025,33.1,1987.3,On-time
SH006574,W01,ST16,CR05,2025-07-13,2025-07-14,2025-07-16,5.2,964.26,Delayed
SH006575,W01,ST16,CR02,"July 14, 2025",2025-07-15,2025-07-15,7.2,1212.26,On-time
SH006576,W01,ST16,CR05,15/07/2025,16/07/2025,20/07/2025,17.4,1939.92,Delayed
SH006577,W01,ST16,CR03,16/07/2025,2025-07-17,"July 19, 2025",23.2,1764.77,Delayed
SH006578,W01,ST16,CR02,17/07/2025,"July 18, 2025",18/07/2025,27.2,1337.92,On-time
SH006579,W01,ST16,CR03,"July 18, 2025","July 19, 2025",19/07/2025,22.7,1517.39,On-time
SH006580,W03,ST16,CR01,2025-07-19,"July 21, 2025","July 25, 2025",210.3,8488.62,Delayed
SH006581,W01,ST16,CR02,2025-07-20,2025-07-21,21/07/2025,10.3,1010.62,On-time
SH006582,W02,ST16,CR03,2025-07-21,"July 23, 2025","July 23, 2025",221.4,13581.4,On-time
SH006583,W01,ST16,CR01,"July 22, 2025","July 23, 2025",24/07/2025,24.4,1466.89,Delayed
SH006584,W01,ST16,CR02,23/07/2025,24/07/2025,24/07/2025,33.9,1918.75,On-time
SH006585,W01,ST16,CR04,24/07/2025,"July 25, 2025",25/07/2025,29.9,2205.82,On-time
SH006586,W01,ST16,CR02,25/07/2025,2025-07-26,2025-07-26,15.0,1051.93,On-time
SH006587,W01,ST16,CR03,"July 26, 2025",27/07/2025,27/07/2025,17.4,1243.74,On-time
SH006588,W01,ST16,CR03,2025-07-27,"July 28, 2025","August 1, 2025",29.4,1486.17,Delayed
SH006589,W01,ST16,CR04,"July 28, 2025",29/07/2025,2025-07-29,34.4,1942.7,On-time
SH006590,W01,ST16,CR01,29/07/2025,"July 30, 2025",2025-07-30,32.6,2339.59,On-time
SH006591,W01,ST16,CR01,"July 30, 2025",2025-07-31,2025-07-31,30.1,2078.56,Lost
SH006592,W01,ST16,CR03,"July 31, 2025","August 1, 2025","August 1, 2025",13.9,975.27,On-time
SH006593,W01,ST16,CR01,2025-08-01,"August 2, 2025","August 2, 2025",25.3,1541.13,On-time
SH006594,W01,ST16,CR05,2025-08-02,"August 3, 2025",2025-08-03,27.5,1604.45,On-time
SH006595,W01,ST16,CR02,2025-08-03,04/08/2025,04/08/2025,11.7,1002.14,On-time
SH006596,W01,ST16,CR03,04/08/2025,05/08/2025,2025-08-05,19.8,1245.57,On-time
SH006597,W01,ST16,CR01,2025-08-05,06/08/2025,06/08/2025,34.8,1806.28,On-time
SH006598,W03,ST16,CR05,2025-08-06,08/08/2025,2025-08-08,210.3,11412.51,On-time
SH006599,W01,ST16,CR05,"August 7, 2025","August 8, 2025","August 12, 2025",18.1,1067.55,Delayed
SH006600,W01,ST16,CR02,"August 8, 2025","August 9, 2025",2025-08-09,11.6,904.09,On-time
SH006601,W01,ST16,CR04,"August 9, 2025",10/08/2025,13/08/2025,33.1,2001.62,Delayed
SH006602,W01,ST16,CR01,10/08/2025,"August 11, 2025",11/08/2025,18.2,1450.22,On-time
SH006603,W01,ST16,CR02,2025-08-11,12/08/2025,12/08/2025,32.3,2025.42,On-time
SH006604,W01,ST16,CR02,"August 12, 2025",2025-08-13,"August 13, 2025",31.7,1896.82,On-time
SH006605,W01,ST16,CR02,13/08/2025,"August 14, 2025","August 14, 2025",11.9,894.84,On-time
SH006606,W01,ST16,CR02,14/08/2025,"August 15, 2025","August 15, 2025",16.2,1476.44,On-time
SH006607,W01,ST16,CR03,"August 15, 2025","August 16, 2025","August 16, 2025",8.6,877.04,On-time
SH006608,W01,ST16,CR01,"August 16, 2025",2025-08-17,"August 21, 2025",19.9,1438.05,Delayed
SH006609,W01,ST16,CR01,2025-08-17,18/08/2025,2025-08-21,9.2,602.7,Delayed
SH006610,W01,ST16,CR04,2025-08-18,19/08/2025,19/08/2025,22.5,1621.16,On-time
SH006611,W01,ST16,CR04,"August 19, 2025",2025-08-20,22/08/2025,35.0,2129.55,Delayed
SH006612,W01,ST16,CR03,20/08/2025,"August 21, 2025",21/08/2025,7.6,846.63,On-time
SH006613,W01,ST16,CR04,2025-08-21,22/08/2025,"August 22, 2025",17.3,1339.31,On-time
SH006614,W01,ST16,CR01,22/08/2025,23/08/2025,"August 26, 2025",31.5,1837.61,Delayed
SH006615,W01,ST16,CR02,"August 23, 2025",24/08/2025,2025-08-24,25.6,2043.27,On-time
SH006616,W01,ST16,CR05,24/08/2025,25/08/2025,25/08/2025,20.0,1381.38,On-time
SH006617,W01,ST16,CR01,25/08/2025,"August 26, 2025","August 26, 2025",18.8,1310.85,On-time
SH006618,W01,ST16,CR03,"August 26, 2025",2025-08-27,"August 27, 2025",27.9,1716.77,On-time
SH006619,W01,ST16,CR01,"August 27, 2025","August 28, 2025",28/08/2025,21.3,1709.55,On-time
SH006620,W01,ST16,CR02,28/08/2025,29/08/2025,29/08/2025,11.9,970.71,On-time
SH006621,W01,ST16,CR05,2025-08-29,"August 30, 2025",31/08/2025,9.3,1302.91,Delayed
SH006622,W01,ST16,CR05,"August 30, 2025",2025-08-31,31/08/2025,16.2,1402.44,On-time
SH006623,W01,ST16,CR05,31/08/2025,2025-09-01,01/09/2025,13.0,652.05,On-time
SH006624,W01,ST16,CR01,"September 1, 2025",2025-09-02,02/09/2025,32.2,1703.33,On-time
SH006625,W01,ST16,CR01,2025-09-02,"September 3, 2025","September 3, 2025",30.0,1646.78,On-time
SH006626,W01,ST16,CR05,03/09/2025,"September 4, 2025","September 4, 2025",15.1,1219.54,On-time
SH006627,W01,ST16,CR05,04/09/2025,"September 5, 2025",05/09/2025,17.0,1570.13,On-time
SH006628,W01,ST16,CR01,2025-09-05,"September 6, 2025","September 6, 2025",31.1,1782.95,On-time
SH006629,W01,ST16,CR03,"September 6, 2025",2025-09-07,2025-09-07,22.7,1254.62,On-time
SH006630,W01,ST16,CR01,07/09/2025,"September 8, 2025",08/09/2025,18.2,1120.71,On-time
SH006631,W02,ST16,CR01,2025-09-08,"September 10, 2025","September 12, 2025",221.4,8872.06,Delayed
SH006632,W01,ST16,CR01,2025-09-09,2025-09-10,10/09/2025,27.4,1511.82,On-time
SH006633,W01,ST16,CR05,10/09/2025,11/09/2025,11/09/2025,10.3,1109.36,On-time
SH006634,W01,ST16,CR02,2025-09-11,2025-09-12,12/09/2025,32.4,1870.67,On-time
SH006635,W02,ST16,CR05,12/09/2025,14/09/2025,"September 14, 2025",221.4,9892.93,On-time
SH006636,W01,ST16,CR03,2025-09-13,2025-09-14,2025-09-14,31.7,,On-time
SH006637,W01,ST16,CR01,2025-09-14,"September 15, 2025",15/09/2025,10.3,919.19,On-time
SH006638,W01,ST16,CR02,2025-09-15,"September 16, 2025",2025-09-16,15.9,1195.49,Damaged
SH006639,W01,ST16,CR05,2025-09-16,17/09/2025,2025-09-17,27.4,1368.5,On-time
SH006640,W01,ST16,CR03,2025-09-17,18/09/2025,20/09/2025,15.1,1333.01,Delayed
SH006641,W01,ST16,CR01,2025-09-18,"September 19, 2025",2025-09-19,30.6,1958.37,On-time
SH006642,W01,ST16,CR05,19/09/2025,2025-09-20,2025-09-20,21.2,1335.6,On-time
SH006643,W01,ST16,CR05,"September 20, 2025",2025-09-21,21/09/2025,11.0,768.36,On-time
SH006644,W01,ST16,CR03,21/09/2025,22/09/2025,2025-09-22,30.7,1482.57,On-time
SH006645,W01,ST16,CR04,"September 22, 2025",2025-09-23,"September 23, 2025",18.9,,On-time
SH006646,W01,ST16,CR03,"September 23, 2025",24/09/2025,24/09/2025,16.2,1104.9,On-time
SH006647,W01,ST16,CR05,2025-09-24,2025-09-25,2025-09-25,14.3,1171.16,Damaged
SH006648,W01,ST16,CR03,2025-09-25,2025-09-26,"September 26, 2025",34.7,2228.95,On-time
SH006649,W01,ST16,CR03,"September 26, 2025",2025-09-27,"September 27, 2025",29.2,1408.26,On-time
SH006650,W01,ST16,CR03,2025-09-27,28/09/2025,2025-10-01,16.2,1529.44,Delayed
SH006651,W01,ST16,CR02,"September 28, 2025",29/09/2025,2025-09-30,10.4,924.7,Delayed
SH006652,W01,ST16,CR01,29/09/2025,30/09/2025,"September 30, 2025",5.3,813.32,On-time
SH006653,W01,ST16,CR03,30/09/2025,01/10/2025,2025-10-03,29.1,2003.76,Damaged
SH006654,W01,ST16,CR05,"October 1, 2025",02/10/2025,"October 2, 2025",24.4,1509.64,On-time
SH006655,W01,ST16,CR02,02/10/2025,03/10/2025,2025-10-03,17.0,891.64,On-time
SH006656,W01,ST16,CR04,"October 3, 2025",2025-10-04,2025-10-04,10.8,1000.33,On-time
SH006657,W01,ST16,CR01,2025-10-04,"October 5, 2025","October 5, 2025",12.2,900.44,On-time
SH006658,W01,ST16,CR02,05/10/2025,"October 6, 2025","October 6, 2025",14.3,1402.93,On-time
SH006659,W01,ST16,CR01,06/10/2025,07/10/2025,"October 7, 2025",13.5,1141.43,On-time
SH006660,W01,ST16,CR04,"October 7, 2025","October 8, 2025",2025-10-08,10.1,664.85,On-time
SH006661,W01,ST16,CR04,"October 8, 2025",2025-10-09,"October 9, 2025",33.6,1931.24,On-time
SH006662,W01,ST16,CR03,2025-10-09,"October 10, 2025",2025-10-10,16.8,919.29,On-time
SH006663,W01,ST16,CR01,"October 10, 2025",11/10/2025,"October 11, 2025",25.3,1815.24,On-time
SH006664,W01,ST16,CR04,2025-10-11,"October 12, 2025","October 16, 2025",8.0,924.46,Delayed
SH006665,W01,ST16,CR02,"October 12, 2025","October 13, 2025","October 13, 2025",10.5,782.23,On-time
SH006666,W01,ST16,CR04,2025-10-13,"October 14, 2025",14/10/2025,8.9,670.89,On-time
SH006667,W01,ST16,CR01,14/10/2025,15/10/2025,2025-10-15,12.5,705.8,Damaged
SH006668,W01,ST16,CR02,"October 15, 2025","October 16, 2025",16/10/2025,10.2,992.02,On-time
SH006669,W03,ST16,CR05,16/10/2025,18/10/2025,2025-10-20,210.3,9952.68,Delayed
SH006670,W01,ST16,CR05,2025-10-17,18/10/2025,2025-10-18,24.7,1562.4,On-time
SH006671,W01,ST16,CR02,2025-10-18,"October 19, 2025","October 23, 2025",18.1,1120.27,Delayed
SH006672,W01,ST16,CR05,"October 19, 2025","October 20, 2025",2025-10-20,11.7,936.36,On-time
SH006673,W01,ST16,CR03,2025-10-20,"October 21, 2025",21/10/2025,14.3,955.91,On-time
SH006674,W03,ST16,CR03,2025-10-21,2025-10-23,23/10/2025,210.3,11709.52,On-time
SH006675,W01,ST16,CR02,2025-10-22,23/10/2025,"October 23, 2025",10.3,907.96,On-time
SH006676,W01,ST16,CR03,2025-10-23,2025-10-24,24/10/2025,30.1,1744.84,On-time
SH006677,W01,ST16,CR01,2025-10-24,2025-10-25,25/10/2025,14.9,1222.09,On-time
SH006678,W01,ST16,CR05,2025-10-25,2025-10-26,2025-10-26,14.3,1200.12,On-time
SH006679,W01,ST16,CR01,26/10/2025,"October 27, 2025",2025-10-27,31.5,1918.96,On-time
SH006680,W01,ST16,CR04,27/10/2025,28/10/2025,2025-11-01,34.3,2468.12,Delayed
SH006681,W01,ST16,CR03,2025-10-28,29/10/2025,2025-10-31,33.3,,Delayed
SH006682,W01,ST16,CR05,"October 29, 2025","October 30, 2025","October 30, 2025",23.2,1279.58,Lost
SH006683,W01,ST16,CR03,30/10/2025,31/10/2025,"October 31, 2025",9.6,741.41,On-time
SH006684,W01,ST16,CR03,"October 31, 2025","November 1, 2025","November 1, 2025",23.7,1246.54,On-time
SH006685,W02,ST16,CR01,"November 1, 2025",03/11/2025,"November 3, 2025",221.4,8211.19,On-time
SH006686,W01,ST16,CR05,"November 2, 2025",2025-11-03,03/11/2025,9.0,909.57,On-time
SH006687,W01,ST16,CR05,"November 3, 2025",04/11/2025,2025-11-04,18.1,1532.68,On-time
SH006688,W01,ST16,CR03,04/11/2025,2025-11-05,2025-11-05,19.0,1245.72,On-time
SH006689,W01,ST16,CR04,05/11/2025,"November 6, 2025",2025-11-07,18.3,1249.83,Delayed
SH006690,W01,ST16,CR02,06/11/2025,"November 7, 2025","November 7, 2025",15.0,1047.21,On-time
SH006691,W01,ST16,CR01,"November 7, 2025","November 8, 2025",08/11/2025,24.8,1847.06,On-time
SH006692,W01,ST16,CR04,2025-11-08,"November 9, 2025",2025-11-09,30.0,1292.09,On-time
SH006693,W01,ST16,CR05,"November 9, 2025",10/11/2025,2025-11-10,8.5,791.15,On-time
SH006694,W01,ST16,CR02,10/11/2025,2025-11-11,"November 11, 2025",16.4,1068.78,On-time
SH006695,W01,ST16,CR02,"November 11, 2025","November 12, 2025",12/11/2025,25.4,1608.92,On-time
SH006696,W01,ST16,CR02,2025-11-12,2025-11-13,2025-11-14,14.5,1820.09,Delayed
SH006697,W02,ST16,CR04,"November 13, 2025",2025-11-15,2025-11-19,221.4,12481.58,Delayed
SH006698,W01,ST16,CR01,"November 14, 2025",15/11/2025,15/11/2025,23.5,1546.56,On-time
SH006699,W01,ST16,CR01,"November 15, 2025",16/11/2025,2025-11-16,20.6,1532.97,On-time
SH006700,W01,ST16,CR03,16/11/2025,17/11/2025,2025-11-17,12.6,891.87,On-time
SH006701,W01,ST16,CR03,17/11/2025,"November 18, 2025",18/11/2025,18.1,1230.78,On-time
SH006702,W01,ST16,CR02,2025-11-18,"November 19, 2025","November 19, 2025",17.3,1035.24,On-time
SH006703,W01,ST16,CR03,"November 19, 2025",20/11/2025,24/11/2025,27.5,1345.28,Delayed
SH006704,W01,ST16,CR01,2025-11-20,2025-11-21,2025-11-21,10.7,,On-time
SH006705,W01,ST16,CR03,21/11/2025,2025-11-22,2025-11-22,25.3,1346.78,On-time
SH006706,W01,ST16,CR05,2025-11-22,"November 23, 2025",23/11/2025,18.6,1300.36,On-time
SH006707,W01,ST16,CR03,"November 23, 2025","November 24, 2025","November 24, 2025",33.6,1521.79,On-time
SH006708,W01,ST16,CR01,2025-11-24,"November 25, 2025",25/11/2025,7.6,1107.62,On-time
SH006709,W01,ST16,CR03,2025-11-25,26/11/2025,2025-11-26,14.4,1276.13,On-time
SH006710,W01,ST16,CR04,26/11/2025,2025-11-27,2025-11-27,29.4,2139.9,On-time
SH006711,W01,ST16,CR03,2025-11-27,2025-11-28,28/11/2025,19.4,1606.33,On-time
SH006712,W01,ST16,CR05,"November 28, 2025",29/11/2025,2025-11-29,15.9,968.51,On-time
SH006713,W01,ST16,CR05,2025-11-29,"November 30, 2025",2025-11-30,10.6,1059.47,On-time
SH006714,W01,ST16,CR01,"November 30, 2025",2025-12-01,01/12/2025,24.1,1441.73,On-time
SH006715,W02,ST16,CR01,"December 1, 2025",03/12/2025,03/12/2025,221.4,8482.61,On-time
SH006716,W01,ST16,CR04,2025-12-02,03/12/2025,2025-12-03,20.5,1402.6,On-time
SH006717,W01,ST16,CR02,03/12/2025,2025-12-04,04/12/2025,13.0,891.49,On-time
SH006718,W01,ST16,CR05,"December 4, 2025",2025-12-05,"December 5, 2025",28.1,1937.78,On-time
SH006719,W01,ST16,CR01,2025-12-05,2025-12-06,2025-12-06,14.5,1282.54,On-time
SH006720,W01,ST16,CR05,06/12/2025,2025-12-07,2025-12-07,10.9,871.43,On-time
SH006721,W01,ST16,CR05,07/12/2025,2025-12-08,"December 8, 2025",13.5,1093.39,On-time
SH006722,W01,ST16,CR04,2025-12-08,"December 9, 2025",2025-12-09,12.3,854.44,On-time
SH006723,W02,ST16,CR03,09/12/2025,"December 11, 2025","December 15, 2025",137.6,12137.37,Delayed
SH006724,W01,ST16,CR02,10/12/2025,2025-12-11,"December 15, 2025",33.2,1740.1,Delayed
SH006725,W01,ST16,CR02,"December 11, 2025",2025-12-12,2025-12-12,27.1,2173.59,On-time
SH006726,W01,ST16,CR04,2025-12-12,2025-12-13,"December 13, 2025",28.3,1710.87,On-time
SH006727,W01,ST16,CR02,"December 13, 2025",14/12/2025,2025-12-14,8.7,747.88,On-time
SH006728,W01,ST16,CR03,"December 14, 2025",2025-12-15,15/12/2025,28.9,1685.0,On-time
SH006729,W01,ST16,CR02,15/12/2025,"December 16, 2025",2025-12-16,34.3,1733.95,On-time
SH006730,W01,ST16,CR02,16/12/2025,"December 17, 2025","December 17, 2025",27.7,1656.93,On-time
SH006731,W01,ST16,CR01,"December 17, 2025",18/12/2025,18/12/2025,33.2,2442.29,On-time
SH006732,W01,ST16,CR01,"December 18, 2025","December 19, 2025","December 19, 2025",25.2,1687.04,On-time
SH006733,W01,ST16,CR03,"December 19, 2025",20/12/2025,"December 20, 2025",22.3,1487.42,On-time
SH006734,W01,ST16,CR01,20/12/2025,"December 21, 2025","December 21, 2025",16.9,1522.42,On-time
SH006735,W01,ST16,CR03,"December 21, 2025","December 22, 2025","December 22, 2025",29.3,1749.08,On-time
SH006736,W01,ST16,CR05,"December 22, 2025","December 23, 2025",2025-12-23,28.0,2089.72,On-time
SH006737,W01,ST16,CR03,"December 23, 2025","December 24, 2025","December 24, 2025",13.2,839.58,On-time
SH006738,W01,ST16,CR02,2025-12-24,2025-12-25,"December 26, 2025",22.9,1339.85,Delayed
SH006739,W01,ST16,CR02,25/12/2025,2025-12-26,26/12/2025,13.0,1196.79,On-time
SH006740,W01,ST16,CR02,26/12/2025,2025-12-27,27/12/2025,25.6,1657.43,On-time
SH006741,W01,ST16,CR05,"December 27, 2025",28/12/2025,2025-12-28,27.4,1881.43,On-time
SH006742,W01,ST16,CR02,2025-12-28,2025-12-29,2025-12-29,22.4,1376.3,On-time
SH006743,W02,ST16,CR01,2025-12-29,31/12/2025,,221.4,11985.31,In-Transit
SH006744,W01,ST16,CR02,"December 30, 2025",31/12/2025,31/12/2025,28.4,1737.46,On-time
SH006745,W01,ST16,CR01,2025-12-31,2026-01-01,,34.1,2247.42,In-Transit
SH006746,W02,ST17,CR04,"January 2, 2024",04/01/2024,04/01/2024,282.1,15371.37,On-time
SH006747,W02,ST17,CR01,"January 3, 2024",05/01/2024,"January 5, 2024",282.1,10362.43,On-time
SH006748,W02,ST17,CR05,04/01/2024,"January 6, 2024","January 7, 2024",282.1,12309.9,Delayed
SH006749,W02,ST17,CR05,2024-01-05,07/01/2024,07/01/2024,282.1,11985.31,On-time
SH006750,W02,ST17,CR01,2024-01-06,"January 8, 2024",2024-01-08,282.1,13069.0,On-time
SH006751,W02,ST17,CR04,07/01/2024,09/01/2024,"January 9, 2024",175.3,11182.88,On-time
SH006752,W02,ST17,CR05,2024-01-08,"January 10, 2024","January 10, 2024",282.1,15526.7,On-time
SH006753,W02,ST17,CR05,09/01/2024,2024-01-11,11/01/2024,282.1,13412.37,On-time
SH006754,W02,ST17,CR02,2024-01-10,"January 12, 2024",2024-01-12,282.1,14352.14,On-time
SH006755,W02,ST17,CR01,11/01/2024,"January 13, 2024",13/01/2024,282.1,16247.91,On-time
SH006756,W02,ST17,CR05,12/01/2024,2024-01-14,14/01/2024,282.1,13314.72,On-time
SH006757,W02,ST17,CR02,"January 13, 2024",2024-01-15,15/01/2024,282.1,14033.68,On-time
SH006758,W02,ST17,CR03,2024-01-14,2024-01-16,16/01/2024,282.1,,On-time
SH006759,W03,ST17,CR03,15/01/2024,2024-01-17,"January 19, 2024",367.7,18838.94,Delayed
SH006760,W02,ST17,CR01,2024-01-16,18/01/2024,2024-01-21,282.1,11553.21,Delayed
SH006761,W02,ST17,CR05,"January 17, 2024","January 19, 2024",19/01/2024,282.1,11934.58,On-time
SH006762,W02,ST17,CR04,"January 18, 2024","January 20, 2024",2024-01-20,282.1,12520.66,Damaged
SH006763,W02,ST17,CR03,2024-01-19,21/01/2024,2024-01-21,282.1,11776.87,On-time
SH006764,W02,ST17,CR01,20/01/2024,2024-01-22,22/01/2024,282.1,13633.12,On-time
SH006765,W02,ST17,CR03,"January 21, 2024",2024-01-23,23/01/2024,282.1,15232.62,On-time
SH006766,W02,ST17,CR04,22/01/2024,"January 24, 2024",27/01/2024,282.1,15454.74,Delayed
SH006767,W03,ST17,CR02,"January 23, 2024","January 25, 2024",2024-01-27,367.7,18135.79,Delayed
SH006768,W02,ST17,CR04,2024-01-24,26/01/2024,30/01/2024,282.1,9999.8,Delayed
SH006769,W02,ST17,CR04,25/01/2024,27/01/2024,27/01/2024,282.1,14809.5,On-time
SH006770,W02,ST17,CR04,2024-01-26,28/01/2024,29/01/2024,282.1,11479.62,Delayed
SH006771,W02,ST17,CR04,"January 27, 2024",29/01/2024,"January 29, 2024",282.1,13539.32,On-time
SH006772,W02,ST17,CR02,2024-01-28,"January 30, 2024",30/01/2024,282.1,13047.27,On-time
SH006773,W02,ST17,CR03,29/01/2024,2024-01-31,"January 31, 2024",282.1,11489.78,On-time
SH006774,W02,ST17,CR04,30/01/2024,"February 1, 2024","February 1, 2024",175.3,11533.38,On-time
SH006775,W02,ST17,CR04,31/01/2024,"February 2, 2024","February 2, 2024",282.1,9257.7,On-time
SH006776,W02,ST17,CR05,2024-02-01,2024-02-03,03/02/2024,282.1,15044.68,On-time
SH006777,W01,ST17,CR03,2024-02-02,04/02/2024,2024-02-04,202.2,9482.76,On-time
SH006778,W02,ST17,CR01,"February 3, 2024",05/02/2024,2024-02-05,282.1,11853.18,On-time
SH006779,W02,ST17,CR02,2024-02-04,06/02/2024,2024-02-06,282.1,13269.85,On-time
SH006780,W02,ST17,CR02,2024-02-05,07/02/2024,07/02/2024,282.1,12585.35,On-time
SH006781,W02,ST17,CR03,06/02/2024,2024-02-08,2024-02-08,282.1,16104.49,On-time
SH006782,W02,ST17,CR03,2024-02-07,2024-02-09,09/02/2024,282.1,12395.97,On-time
SH006783,W02,ST17,CR05,08/02/2024,"February 10, 2024",2024-02-10,282.1,12333.32,On-time
SH006784,W02,ST17,CR03,"February 9, 2024",11/02/2024,2024-02-11,282.1,14304.76,On-time
SH006785,W03,ST17,CR05,10/02/2024,2024-02-12,"February 13, 2024",367.7,14055.35,Delayed
SH006786,W01,ST17,CR03,"February 11, 2024",13/02/2024,"February 17, 2024",202.2,11384.31,Delayed
SH006787,W02,ST17,CR05,12/02/2024,14/02/2024,"February 14, 2024",282.1,11485.25,On-time
SH006788,W01,ST17,CR03,2024-02-13,"February 15, 2024",19/02/2024,202.2,8699.18,Delayed
SH006789,W02,ST17,CR03,2024-02-14,16/02/2024,16/02/2024,282.1,11342.83,On-time
SH006790,W02,ST17,CR05,2024-02-15,"February 17, 2024","February 17, 2024",282.1,13908.07,On-time
SH006791,W02,ST17,CR02,2024-02-16,"February 18, 2024",18/02/2024,282.1,11564.88,On-time
SH006792,W02,ST17,CR05,17/02/2024,"February 19, 2024","February 19, 2024",282.1,15225.05,On-time
SH006793,W02,ST17,CR01,2024-02-18,2024-02-20,"February 20, 2024",282.1,,On-time
SH006794,W02,ST17,CR02,2024-02-19,"February 21, 2024",21/02/2024,282.1,14038.2,On-time
SH006795,W02,ST17,CR03,"February 20, 2024","February 22, 2024","February 22, 2024",282.1,16301.34,On-time
SH006796,W02,ST17,CR01,"February 21, 2024",2024-02-23,"February 23, 2024",282.1,15316.62,On-time
SH006797,W02,ST17,CR01,22/02/2024,"February 24, 2024",24/02/2024,282.1,11703.25,On-time
SH006798,W02,ST17,CR05,2024-02-23,"February 25, 2024",2024-02-25,282.1,14996.85,On-time
SH006799,W02,ST17,CR02,2024-02-24,26/02/2024,01/03/2024,282.1,12278.53,Delayed
SH006800,W02,ST17,CR03,25/02/2024,27/02/2024,27/02/2024,282.1,17072.98,Damaged
SH006801,W03,ST17,CR01,26/02/2024,28/02/2024,2024-02-28,367.7,17677.43,On-time
SH006802,W02,ST17,CR05,27/02/2024,2024-02-29,2024-02-29,282.1,14559.47,On-time
SH006803,W02,ST17,CR02,28/02/2024,2024-03-01,2024-03-01,175.3,17268.41,On-time
SH006804,W02,ST17,CR05,2024-02-29,2024-03-02,02/03/2024,175.3,,On-time
SH006805,W01,ST17,CR01,"March 1, 2024",03/03/2024,2024-03-03,202.2,11227.78,On-time
SH006806,W02,ST17,CR01,02/03/2024,04/03/2024,04/03/2024,282.1,14984.73,On-time
SH006807,W02,ST17,CR01,03/03/2024,2024-03-05,2024-03-05,282.1,10684.86,On-time
SH006808,W02,ST17,CR05,04/03/2024,06/03/2024,2024-03-06,282.1,13144.19,Lost
SH006809,W02,ST17,CR02,2024-03-05,2024-03-07,2024-03-07,175.3,12961.33,On-time
SH006810,W02,ST17,CR03,2024-03-06,08/03/2024,"March 8, 2024",282.1,16584.6,Damaged
SH006811,W02,ST17,CR01,"March 7, 2024",2024-03-09,09/03/2024,282.1,14646.08,On-time
SH006812,W02,ST17,CR01,08/03/2024,2024-03-10,2024-03-10,282.1,12192.9,On-time
SH006813,W02,ST17,CR03,09/03/2024,11/03/2024,"March 14, 2024",282.1,12886.82,Delayed
SH006814,W02,ST17,CR04,10/03/2024,2024-03-12,2024-03-12,282.1,10647.65,On-time
SH006815,W02,ST17,CR01,11/03/2024,13/03/2024,2024-03-13,282.1,12569.5,On-time
SH006816,W02,ST17,CR05,"March 12, 2024","March 14, 2024",14/03/2024,282.1,16051.58,On-time
SH006817,W02,ST17,CR03,2024-03-13,2024-03-15,2024-03-15,282.1,16896.32,On-time
SH006818,W02,ST17,CR04,"March 14, 2024",16/03/2024,16/03/2024,282.1,12533.71,On-time
SH006819,W02,ST17,CR03,15/03/2024,"March 17, 2024","March 17, 2024",282.1,16219.55,On-time
SH006820,W02,ST17,CR05,"March 16, 2024",18/03/2024,2024-03-18,282.1,15051.48,Damaged
SH006821,W02,ST17,CR03,"March 17, 2024","March 19, 2024","March 19, 2024",282.1,14484.47,On-time
SH006822,W02,ST17,CR05,2024-03-18,2024-03-20,2024-03-20,282.1,12515.81,On-time
SH006823,W02,ST17,CR01,19/03/2024,21/03/2024,21/03/2024,282.1,14441.62,On-time
SH006824,W02,ST17,CR03,"March 20, 2024","March 22, 2024",22/03/2024,282.1,13053.82,On-time
SH006825,W02,ST17,CR05,21/03/2024,2024-03-23,2024-03-23,282.1,13002.29,On-time
SH006826,W02,ST17,CR02,2024-03-22,2024-03-24,2024-03-24,282.1,15048.32,On-time
SH006827,W01,ST17,CR03,2024-03-23,2024-03-25,25/03/2024,202.2,8100.19,On-time
SH006828,W02,ST17,CR02,24/03/2024,2024-03-26,26/03/2024,282.1,14335.26,On-time
SH006829,W02,ST17,CR01,"March 25, 2024",2024-03-27,"March 27, 2024",282.1,16333.11,On-time
SH006830,W02,ST17,CR05,26/03/2024,"March 28, 2024","March 28, 2024",282.1,11448.62,On-time
SH006831,W02,ST17,CR02,27/03/2024,2024-03-29,29/03/2024,282.1,11640.71,On-time
SH006832,W02,ST17,CR03,2024-03-28,"March 30, 2024",30/03/2024,282.1,12922.53,On-time
SH006833,W02,ST17,CR02,29/03/2024,2024-03-31,2024-03-31,282.1,13387.66,On-time
SH006834,W02,ST17,CR05,30/03/2024,"April 1, 2024",01/04/2024,282.1,16483.74,On-time
SH006835,W02,ST17,CR01,"March 31, 2024",2024-04-02,02/04/2024,282.1,16541.51,On-time
SH006836,W02,ST17,CR04,"April 1, 2024",2024-04-03,2024-04-03,282.1,14307.06,On-time
SH006837,W01,ST17,CR05,02/04/2024,"April 4, 2024",04/04/2024,202.2,10256.07,On-time
SH006838,W02,ST17,CR03,2024-04-03,05/04/2024,2024-04-05,282.1,10930.43,On-time
SH006839,W02,ST17,CR03,"April 4, 2024",06/04/2024,07/04/2024,175.3,14256.09,Delayed
SH006840,W02,ST17,CR02,2024-04-05,07/04/2024,07/04/2024,282.1,15180.42,On-time
SH006841,W01,ST17,CR04,06/04/2024,2024-04-08,"April 8, 2024",125.7,9625.63,On-time
SH006842,W02,ST17,CR02,2024-04-07,2024-04-09,2024-04-09,282.1,11870.62,On-time
SH006843,W02,ST17,CR03,08/04/2024,10/04/2024,10/04/2024,282.1,,On-time
SH006844,W02,ST17,CR03,09/04/2024,2024-04-11,"April 14, 2024",282.1,14260.28,Delayed
SH006845,W02,ST17,CR03,"April 10, 2024",12/04/2024,2024-04-12,282.1,15340.67,On-time
SH006846,W02,ST17,CR02,2024-04-11,13/04/2024,13/04/2024,175.3,13713.78,On-time
SH006847,W03,ST17,CR03,12/04/2024,2024-04-14,"April 14, 2024",367.7,18015.86,On-time
SH006848,W03,ST17,CR05,2024-04-13,"April 15, 2024","April 15, 2024",367.7,18166.57,On-time
SH006849,W02,ST17,CR03,2024-04-14,16/04/2024,2024-04-16,282.1,14376.96,On-time
SH006850,W01,ST17,CR01,15/04/2024,17/04/2024,17/04/2024,202.2,12904.94,On-time
SH006851,W02,ST17,CR03,16/04/2024,2024-04-18,2024-04-18,282.1,13432.75,On-time
SH006852,W02,ST17,CR04,17/04/2024,2024-04-19,19/04/2024,282.1,14675.17,On-time
SH006853,W02,ST17,CR01,2024-04-18,2024-04-20,"April 20, 2024",282.1,13322.42,On-time
SH006854,W02,ST17,CR03,19/04/2024,21/04/2024,"April 21, 2024",282.1,14392.34,On-time
SH006855,W02,ST17,CR04,20/04/2024,"April 22, 2024","April 22, 2024",282.1,11912.36,On-time
SH006856,W02,ST17,CR03,21/04/2024,2024-04-23,23/04/2024,282.1,10597.94,On-time
SH006857,W02,ST17,CR04,"April 22, 2024",2024-04-24,2024-04-24,282.1,14672.34,On-time
SH006858,W02,ST17,CR02,"April 23, 2024",2024-04-25,2024-04-25,175.3,12211.72,On-time
SH006859,W02,ST17,CR02,2024-04-24,26/04/2024,2024-04-26,282.1,,On-time
SH006860,W02,ST17,CR03,2024-04-25,2024-04-27,27/04/2024,282.1,,On-time
SH006861,W02,ST17,CR05,"April 26, 2024","April 28, 2024",28/04/2024,282.1,13789.95,On-time
SH006862,W02,ST17,CR01,27/04/2024,29/04/2024,"April 29, 2024",282.1,13342.32,On-time
SH006863,W02,ST17,CR01,28/04/2024,30/04/2024,"April 30, 2024",175.3,12207.09,On-time
SH006864,W02,ST17,CR02,"April 29, 2024",2024-05-01,"May 1, 2024",282.1,14881.91,On-time
SH006865,W02,ST17,CR01,"April 30, 2024",02/05/2024,2024-05-02,282.1,15145.54,On-time
SH006866,W02,ST17,CR01,2024-05-01,03/05/2024,"May 3, 2024",282.1,11273.35,On-time
SH006867,W02,ST17,CR02,"May 2, 2024",04/05/2024,2024-05-04,282.1,13643.01,On-time
SH006868,W02,ST17,CR03,"May 3, 2024","May 5, 2024",2024-05-06,282.1,12690.42,Delayed
SH006869,W02,ST17,CR03,04/05/2024,2024-05-06,06/05/2024,282.1,11781.45,On-time
SH006870,W02,ST17,CR03,05/05/2024,"May 7, 2024","May 7, 2024",175.3,14821.2,On-time
SH006871,W02,ST17,CR03,2024-05-06,2024-05-08,08/05/2024,282.1,14392.41,On-time
SH006872,W02,ST17,CR04,2024-05-07,2024-05-09,09/05/2024,282.1,14176.42,On-time
SH006873,W02,ST17,CR02,08/05/2024,10/05/2024,"May 10, 2024",282.1,13397.64,On-time
SH006874,W03,ST17,CR05,2024-05-09,11/05/2024,11/05/2024,367.7,17150.03,On-time
SH006875,W02,ST17,CR03,"May 10, 2024",12/05/2024,2024-05-12,282.1,15119.72,On-time
SH006876,W02,ST17,CR04,"May 11, 2024",2024-05-13,14/05/2024,282.1,13585.15,Delayed
SH006877,W02,ST17,CR04,"May 12, 2024",14/05/2024,17/05/2024,282.1,10722.0,Delayed
SH006878,W02,ST17,CR01,13/05/2024,15/05/2024,"May 16, 2024",282.1,14715.4,Delayed
SH006879,W02,ST17,CR03,2024-05-14,2024-05-16,16/05/2024,282.1,10549.3,On-time
SH006880,W02,ST17,CR05,15/05/2024,17/05/2024,17/05/2024,282.1,14701.57,On-time
SH006881,W02,ST17,CR02,16/05/2024,"May 18, 2024",2024-05-22,282.1,13421.13,Delayed
SH006882,W02,ST17,CR02,2024-05-17,19/05/2024,2024-05-19,175.3,11910.28,On-time
SH006883,W02,ST17,CR02,2024-05-18,"May 20, 2024",2024-05-20,282.1,14102.99,On-time
SH006884,W02,ST17,CR01,2024-05-19,"May 21, 2024",2024-05-21,282.1,10641.58,Damaged
SH006885,W02,ST17,CR05,2024-05-20,2024-05-22,2024-05-22,282.1,12627.16,On-time
SH006886,W02,ST17,CR04,2024-05-21,2024-05-23,"May 23, 2024",282.1,15045.75,On-time
SH006887,W02,ST17,CR02,"May 22, 2024",24/05/2024,24/05/2024,282.1,14138.31,On-time
SH006888,W02,ST17,CR02,2024-05-23,"May 25, 2024","May 29, 2024",175.3,10692.39,Delayed
SH006889,W02,ST17,CR04,2024-05-24,"May 26, 2024",2024-05-26,282.1,14484.09,On-time
SH006890,W02,ST17,CR05,25/05/2024,27/05/2024,"May 27, 2024",282.1,11714.07,Damaged
SH006891,W02,ST17,CR04,2024-05-26,"May 28, 2024","May 28, 2024",282.1,12927.5,On-time
SH006892,W02,ST17,CR03,2024-05-27,29/05/2024,"May 31, 2024",282.1,15168.72,Delayed
SH006893,W02,ST17,CR05,28/05/2024,"May 30, 2024",30/05/2024,282.1,13590.96,On-time
SH006894,W02,ST17,CR03,2024-05-29,31/05/2024,2024-05-31,175.3,16749.51,On-time
SH006895,W02,ST17,CR05,2024-05-30,"June 1, 2024",01/06/2024,175.3,10703.26,On-time
SH006896,W02,ST17,CR03,2024-05-31,2024-06-02,2024-06-02,282.1,17557.05,On-time
SH006897,W02,ST17,CR03,2024-06-01,2024-06-03,2024-06-03,282.1,11294.42,On-time
SH006898,W02,ST17,CR02,"June 2, 2024","June 4, 2024",2024-06-07,282.1,12901.44,Delayed
SH006899,W01,ST17,CR04,2024-06-03,2024-06-05,2024-06-05,202.2,11084.74,On-time
SH006900,W02,ST17,CR03,2024-06-04,"June 6, 2024",2024-06-06,282.1,10865.85,On-time
SH006901,W02,ST17,CR05,"June 5, 2024","June 7, 2024",07/06/2024,282.1,11639.46,Damaged
SH006902,W02,ST17,CR02,06/06/2024,"June 8, 2024","June 8, 2024",175.3,14026.81,On-time
SH006903,W02,ST17,CR02,2024-06-07,"June 9, 2024",2024-06-09,282.1,17562.17,On-time
SH006904,W02,ST17,CR05,"June 8, 2024","June 10, 2024",14/06/2024,282.1,13311.59,Delayed
SH006905,W02,ST17,CR01,"June 9, 2024",2024-06-11,"June 11, 2024",282.1,16267.04,On-time
SH006906,W02,ST17,CR05,"June 10, 2024","June 12, 2024",2024-06-15,282.1,,Delayed
SH006907,W01,ST17,CR03,11/06/2024,"June 13, 2024",2024-06-13,202.2,10561.52,On-time
SH006908,W02,ST17,CR05,12/06/2024,2024-06-14,"June 14, 2024",282.1,13230.44,On-time
SH006909,W02,ST17,CR01,2024-06-13,15/06/2024,2024-06-15,282.1,12423.12,On-time
SH006910,W02,ST17,CR03,2024-06-14,2024-06-16,2024-06-16,282.1,12470.77,On-time
SH006911,W03,ST17,CR03,15/06/2024,2024-06-17,2024-06-17,367.7,18890.62,On-time
SH006912,W02,ST17,CR05,"June 16, 2024",18/06/2024,"June 18, 2024",282.1,13101.27,On-time
SH006913,W02,ST17,CR02,"June 17, 2024",2024-06-19,19/06/2024,282.1,13020.72,On-time
SH006914,W02,ST17,CR02,18/06/2024,2024-06-20,"June 20, 2024",282.1,13348.6,On-time
SH006915,W02,ST17,CR01,"June 19, 2024",2024-06-21,25/06/2024,282.1,12149.85,Delayed
SH006916,W02,ST17,CR05,"June 20, 2024",2024-06-22,"June 22, 2024",282.1,11630.15,On-time
SH006917,W01,ST17,CR05,2024-06-21,23/06/2024,23/06/2024,202.2,8841.14,On-time
SH006918,W02,ST17,CR03,2024-06-22,24/06/2024,2024-06-24,282.1,11230.51,On-time
SH006919,W02,ST17,CR03,2024-06-23,2024-06-25,2024-06-25,282.1,14185.59,On-time
SH006920,W01,ST17,CR02,24/06/2024,2024-06-26,"June 26, 2024",202.2,11576.29,On-time
SH006921,W02,ST17,CR02,2024-06-25,2024-06-27,27/06/2024,282.1,10691.25,On-time
SH006922,W02,ST17,CR03,26/06/2024,28/06/2024,28/06/2024,282.1,14248.72,On-time
SH006923,W02,ST17,CR03,"June 27, 2024",29/06/2024,"June 29, 2024",282.1,13521.78,Damaged
SH006924,W02,ST17,CR03,28/06/2024,30/06/2024,30/06/2024,175.3,14383.54,On-time
SH006925,W02,ST17,CR01,29/06/2024,2024-07-01,2024-07-01,282.1,14098.75,On-time
SH006926,W02,ST17,CR02,30/06/2024,2024-07-02,2024-07-02,282.1,9808.01,On-time
SH006927,W02,ST17,CR02,2024-07-01,2024-07-03,"July 3, 2024",282.1,11618.78,On-time
SH006928,W02,ST17,CR04,2024-07-02,2024-07-04,05/07/2024,282.1,12989.45,Delayed
SH006929,W02,ST17,CR03,"July 3, 2024","July 5, 2024",05/07/2024,282.1,13989.5,On-time
SH006930,W03,ST17,CR01,2024-07-04,"July 6, 2024","July 6, 2024",367.7,18982.84,On-time
SH006931,W02,ST17,CR05,"July 5, 2024",2024-07-07,2024-07-10,282.1,14886.4,Delayed
SH006932,W02,ST17,CR03,2024-07-06,2024-07-08,2024-07-08,282.1,11378.72,On-time
SH006933,W02,ST17,CR03,2024-07-07,"July 9, 2024",2024-07-10,282.1,11795.0,Delayed
SH006934,W02,ST17,CR02,08/07/2024,2024-07-10,10/07/2024,282.1,14818.86,On-time
SH006935,W02,ST17,CR05,09/07/2024,2024-07-11,2024-07-11,175.3,11956.7,On-time
SH006936,W02,ST17,CR03,10/07/2024,"July 12, 2024","July 12, 2024",282.1,13409.73,On-time
SH006937,W02,ST17,CR05,11/07/2024,13/07/2024,13/07/2024,175.3,16948.11,On-time
SH006938,W02,ST17,CR01,"July 12, 2024","July 14, 2024",14/07/2024,175.3,11839.31,On-time
SH006939,W02,ST17,CR01,2024-07-13,"July 15, 2024",2024-07-15,282.1,17205.72,On-time
SH006940,W02,ST17,CR01,"July 14, 2024","July 16, 2024",2024-07-18,282.1,11075.81,Delayed
SH006941,W02,ST17,CR02,15/07/2024,17/07/2024,2024-07-17,282.1,12381.12,Lost
SH006942,W03,ST17,CR03,"July 16, 2024",18/07/2024,"July 22, 2024",367.7,16444.1,Delayed
SH006943,W02,ST17,CR02,2024-07-17,19/07/2024,2024-07-19,282.1,12888.41,On-time
SH006944,W02,ST17,CR01,2024-07-18,20/07/2024,"July 20, 2024",282.1,15718.01,On-time
SH006945,W02,ST17,CR02,2024-07-19,2024-07-21,21/07/2024,282.1,13252.74,On-time
SH006946,W02,ST17,CR02,20/07/2024,2024-07-22,"July 22, 2024",282.1,13148.54,On-time
SH006947,W02,ST17,CR02,21/07/2024,23/07/2024,"July 23, 2024",282.1,16082.24,On-time
SH006948,W02,ST17,CR05,2024-07-22,2024-07-24,2024-07-24,282.1,10283.45,On-time
SH006949,W02,ST17,CR02,23/07/2024,2024-07-25,25/07/2024,282.1,13062.48,On-time
SH006950,W02,ST17,CR05,24/07/2024,26/07/2024,"July 26, 2024",282.1,18185.64,On-time
SH006951,W02,ST17,CR02,25/07/2024,27/07/2024,"July 27, 2024",282.1,12481.61,On-time
SH006952,W01,ST17,CR01,26/07/2024,"July 28, 2024",2024-07-28,202.2,11962.44,On-time
SH006953,W03,ST17,CR02,27/07/2024,29/07/2024,31/07/2024,367.7,,Delayed
SH006954,W02,ST17,CR01,2024-07-28,2024-07-30,30/07/2024,282.1,,On-time
SH006955,W02,ST17,CR02,"July 29, 2024",31/07/2024,2024-07-31,282.1,12000.71,Lost
SH006956,W02,ST17,CR01,30/07/2024,"August 1, 2024","August 1, 2024",282.1,13633.47,Lost
SH006957,W02,ST17,CR03,31/07/2024,2024-08-02,"August 6, 2024",175.3,11790.95,Delayed
SH006958,W02,ST17,CR02,"August 1, 2024","August 3, 2024",03/08/2024,282.1,15990.8,On-time
SH006959,W03,ST17,CR02,"August 2, 2024",04/08/2024,2024-08-04,367.7,19171.75,On-time
SH006960,W03,ST17,CR03,2024-08-03,"August 5, 2024","August 8, 2024",367.7,15856.59,Delayed
SH006961,W02,ST17,CR01,04/08/2024,"August 6, 2024",06/08/2024,282.1,,On-time
SH006962,W02,ST17,CR03,2024-08-05,2024-08-07,07/08/2024,175.3,12806.91,On-time
SH006963,W02,ST17,CR02,06/08/2024,08/08/2024,2024-08-12,282.1,12980.66,Delayed
SH006964,W02,ST17,CR01,2024-08-07,2024-08-09,"August 9, 2024",282.1,13932.99,On-time
SH006965,W02,ST17,CR02,2024-08-08,10/08/2024,"August 10, 2024",282.1,10472.72,On-time
SH006966,W02,ST17,CR01,2024-08-09,2024-08-11,2024-08-11,282.1,13253.1,On-time
SH006967,W03,ST17,CR05,2024-08-10,"August 12, 2024",2024-08-12,367.7,15921.1,On-time
SH006968,W02,ST17,CR02,"August 11, 2024",2024-08-13,13/08/2024,282.1,15187.16,On-time
SH006969,W02,ST17,CR04,2024-08-12,"August 14, 2024","August 14, 2024",282.1,10357.04,On-time
SH006970,W02,ST17,CR02,"August 13, 2024",15/08/2024,2024-08-15,175.3,14630.55,On-time
SH006971,W02,ST17,CR02,14/08/2024,16/08/2024,2024-08-20,282.1,13995.86,Delayed
SH006972,W02,ST17,CR05,2024-08-15,17/08/2024,2024-08-17,282.1,13351.17,On-time
SH006973,W02,ST17,CR05,16/08/2024,18/08/2024,"August 18, 2024",175.3,,On-time
SH006974,W01,ST17,CR01,17/08/2024,"August 19, 2024",2024-08-23,202.2,11027.98,Delayed
SH006975,W02,ST17,CR03,18/08/2024,2024-08-20,"August 20, 2024",282.1,11065.82,On-time
SH006976,W02,ST17,CR02,19/08/2024,"August 21, 2024","August 22, 2024",175.3,9822.87,Delayed
SH006977,W02,ST17,CR03,20/08/2024,22/08/2024,2024-08-23,282.1,13084.62,Delayed
SH006978,W02,ST17,CR02,"August 21, 2024","August 23, 2024","August 23, 2024",282.1,9659.71,On-time
SH006979,W02,ST17,CR01,2024-08-22,"August 24, 2024",24/08/2024,282.1,12685.74,On-time
SH006980,W02,ST17,CR03,23/08/2024,2024-08-25,2024-08-28,282.1,13568.82,Delayed
SH006981,W02,ST17,CR01,2024-08-24,"August 26, 2024",26/08/2024,282.1,13563.55,On-time
SH006982,W02,ST17,CR01,2024-08-25,27/08/2024,2024-08-27,282.1,13026.58,On-time
SH006983,W02,ST17,CR02,26/08/2024,28/08/2024,"August 28, 2024",282.1,11898.21,On-time
SH006984,W02,ST17,CR01,2024-08-27,29/08/2024,2024-09-02,282.1,12843.58,Delayed
SH006985,W02,ST17,CR03,28/08/2024,2024-08-30,01/09/2024,175.3,13748.5,Delayed
SH006986,W02,ST17,CR04,29/08/2024,31/08/2024,2024-08-31,282.1,17226.52,On-time
SH006987,W02,ST17,CR01,30/08/2024,"September 1, 2024",2024-09-01,282.1,15316.25,On-time
SH006988,W02,ST17,CR02,"August 31, 2024",02/09/2024,03/09/2024,175.3,15352.93,Delayed
SH006989,W02,ST17,CR05,01/09/2024,2024-09-03,03/09/2024,282.1,9822.44,On-time
SH006990,W02,ST17,CR05,"September 2, 2024","September 4, 2024",2024-09-04,282.1,13921.33,On-time
SH006991,W02,ST17,CR03,03/09/2024,"September 5, 2024",2024-09-05,282.1,12637.93,On-time
SH006992,W02,ST17,CR02,2024-09-04,2024-09-06,2024-09-06,282.1,10561.37,On-time
SH006993,W02,ST17,CR03,2024-09-05,"September 7, 2024",07/09/2024,282.1,17229.61,On-time
SH006994,W02,ST17,CR01,06/09/2024,08/09/2024,08/09/2024,282.1,12051.11,On-time
SH006995,W02,ST17,CR01,2024-09-07,"September 9, 2024",11/09/2024,282.1,11484.9,Delayed
SH006996,W02,ST17,CR02,"September 8, 2024","September 10, 2024",2024-09-10,282.1,16331.1,On-time
SH006997,W01,ST17,CR01,09/09/2024,11/09/2024,"September 14, 2024",202.2,11630.77,Delayed
SH006998,W02,ST17,CR02,10/09/2024,2024-09-12,"September 16, 2024",282.1,10808.11,Delayed
SH006999,W01,ST17,CR02,2024-09-11,"September 13, 2024",13/09/2024,202.2,8025.09,On-time
SH007000,W02,ST17,CR04,"September 12, 2024",2024-09-14,"September 15, 2024",282.1,15586.7,Delayed
SH007001,W02,ST17,CR02,"September 13, 2024","September 15, 2024","September 15, 2024",282.1,11444.68,On-time
SH007002,W01,ST17,CR05,2024-09-14,16/09/2024,"September 19, 2024",202.2,8494.48,Delayed
SH007003,W01,ST17,CR01,"September 15, 2024",2024-09-17,18/09/2024,202.2,9820.1,Delayed
SH007004,W02,ST17,CR01,"September 16, 2024",2024-09-18,18/09/2024,175.3,11941.23,On-time
SH007005,W02,ST17,CR01,"September 17, 2024","September 19, 2024",2024-09-21,282.1,14442.39,Delayed
SH007006,W02,ST17,CR03,2024-09-18,2024-09-20,20/09/2024,282.1,11984.01,On-time
SH007007,W02,ST17,CR03,2024-09-19,21/09/2024,21/09/2024,175.3,17374.57,Damaged
SH007008,W02,ST17,CR03,20/09/2024,22/09/2024,"September 25, 2024",282.1,10124.26,Delayed
SH007009,W02,ST17,CR04,21/09/2024,"September 23, 2024",2024-09-23,282.1,13797.44,On-time
SH007010,W02,ST17,CR03,"September 22, 2024",24/09/2024,"September 28, 2024",282.1,12099.74,Delayed
SH007011,W02,ST17,CR01,23/09/2024,25/09/2024,"September 27, 2024",282.1,15689.58,Delayed
SH007012,W02,ST17,CR02,"September 24, 2024",26/09/2024,"September 30, 2024",282.1,12694.47,Delayed
SH007013,W02,ST17,CR05,"September 25, 2024",2024-09-27,27/09/2024,282.1,13253.12,On-time
SH007014,W02,ST17,CR04,26/09/2024,"September 28, 2024",28/09/2024,282.1,10142.36,Lost
SH007015,W02,ST17,CR05,27/09/2024,2024-09-29,29/09/2024,282.1,15207.93,On-time
SH007016,W02,ST17,CR04,2024-09-28,"September 30, 2024",2024-10-01,282.1,12940.57,Delayed
SH007017,W02,ST17,CR01,"September 29, 2024","October 1, 2024",01/10/2024,282.1,13485.52,On-time
SH007018,W01,ST17,CR03,"September 30, 2024","October 2, 2024",02/10/2024,202.2,9814.08,On-time
SH007019,W02,ST17,CR05,2024-10-01,03/10/2024,"October 3, 2024",282.1,16219.17,On-time
SH007020,W02,ST17,CR03,2024-10-02,2024-10-04,"October 4, 2024",282.1,10907.12,On-time
SH007021,W02,ST17,CR03,"October 3, 2024",2024-10-05,05/10/2024,282.1,14873.62,On-time
SH007022,W02,ST17,CR01,2024-10-04,2024-10-06,06/10/2024,282.1,12069.5,On-time
SH007023,W02,ST17,CR05,2024-10-05,2024-10-07,07/10/2024,175.3,13527.29,On-time
SH007024,W02,ST17,CR04,2024-10-06,08/10/2024,"October 10, 2024",282.1,15182.11,Delayed
SH007025,W02,ST17,CR04,2024-10-07,2024-10-09,"October 9, 2024",282.1,16258.92,On-time
SH007026,W02,ST17,CR01,2024-10-08,"October 10, 2024","October 10, 2024",282.1,14908.17,On-time
SH007027,W02,ST17,CR03,"October 9, 2024",11/10/2024,2024-10-11,282.1,13516.5,On-time
SH007028,W02,ST17,CR04,2024-10-10,2024-10-12,"October 12, 2024",282.1,13339.26,On-time
SH007029,W02,ST17,CR01,2024-10-11,2024-10-13,2024-10-13,175.3,10190.17,Damaged
SH007030,W02,ST17,CR01,"October 12, 2024","October 14, 2024",2024-10-14,282.1,17781.08,On-time
SH007031,W02,ST17,CR02,2024-10-13,2024-10-15,15/10/2024,282.1,12675.3,On-time
SH007032,W02,ST17,CR05,2024-10-14,"October 16, 2024",16/10/2024,282.1,10134.02,On-time
SH007033,W02,ST17,CR05,15/10/2024,2024-10-17,"October 17, 2024",175.3,11833.08,On-time
SH007034,W02,ST17,CR01,2024-10-16,18/10/2024,18/10/2024,282.1,13945.76,On-time
SH007035,W02,ST17,CR05,17/10/2024,2024-10-19,19/10/2024,282.1,13798.19,On-time
SH007036,W02,ST17,CR02,"October 18, 2024",20/10/2024,2024-10-20,282.1,11910.01,On-time
SH007037,W03,ST17,CR05,19/10/2024,2024-10-21,"October 24, 2024",367.7,,Delayed
SH007038,W02,ST17,CR05,2024-10-20,2024-10-22,22/10/2024,282.1,11223.68,On-time
SH007039,W02,ST17,CR04,21/10/2024,2024-10-23,2024-10-25,282.1,10697.2,Delayed
SH007040,W02,ST17,CR03,2024-10-22,2024-10-24,24/10/2024,282.1,11524.05,On-time
SH007041,W02,ST17,CR01,"October 23, 2024","October 25, 2024",25/10/2024,282.1,14843.4,On-time
SH007042,W02,ST17,CR03,24/10/2024,26/10/2024,"October 26, 2024",282.1,,On-time
SH007043,W02,ST17,CR05,2024-10-25,"October 27, 2024","October 27, 2024",282.1,15895.29,On-time
SH007044,W02,ST17,CR02,2024-10-26,"October 28, 2024",2024-10-28,282.1,12116.03,On-time
SH007045,W02,ST17,CR02,2024-10-27,29/10/2024,29/10/2024,282.1,17360.23,On-time
SH007046,W02,ST17,CR03,28/10/2024,"October 30, 2024",2024-10-30,282.1,14289.29,On-time
SH007047,W02,ST17,CR03,2024-10-29,31/10/2024,"October 31, 2024",282.1,10940.16,On-time
SH007048,W02,ST17,CR02,"October 30, 2024",01/11/2024,"November 2, 2024",175.3,11487.29,Delayed
SH007049,W02,ST17,CR01,"October 31, 2024","November 2, 2024",2024-11-02,282.1,15034.1,On-time
SH007050,W02,ST17,CR04,"November 1, 2024",03/11/2024,"November 3, 2024",282.1,15202.84,On-time
SH007051,W02,ST17,CR03,2024-11-02,"November 4, 2024","November 4, 2024",282.1,9755.75,On-time
SH007052,W02,ST17,CR01,2024-11-03,"November 5, 2024",08/11/2024,175.3,15423.27,Delayed
SH007053,W02,ST17,CR03,2024-11-04,"November 6, 2024",2024-11-06,282.1,11783.82,On-time
SH007054,W02,ST17,CR01,2024-11-05,2024-11-07,"November 7, 2024",282.1,10705.44,On-time
SH007055,W02,ST17,CR01,"November 6, 2024",2024-11-08,"November 8, 2024",282.1,11643.25,On-time
SH007056,W02,ST17,CR02,07/11/2024,2024-11-09,2024-11-09,282.1,13963.26,On-time
SH007057,W02,ST17,CR02,08/11/2024,"November 10, 2024",2024-11-10,282.1,12793.36,On-time
SH007058,W02,ST17,CR02,2024-11-09,"November 11, 2024","November 11, 2024",282.1,13764.48,On-time
SH007059,W02,ST17,CR05,"November 10, 2024",2024-11-12,12/11/2024,282.1,13139.2,On-time
SH007060,W02,ST17,CR01,11/11/2024,13/11/2024,"November 13, 2024",282.1,12838.85,On-time
SH007061,W02,ST17,CR01,2024-11-12,"November 14, 2024",2024-11-14,282.1,15141.12,On-time
SH007062,W02,ST17,CR03,13/11/2024,"November 15, 2024",15/11/2024,282.1,10375.04,On-time
SH007063,W02,ST17,CR01,14/11/2024,"November 16, 2024","November 16, 2024",282.1,12084.48,On-time
SH007064,W01,ST17,CR04,15/11/2024,17/11/2024,21/11/2024,202.2,9327.24,Delayed
SH007065,W03,ST17,CR05,"November 16, 2024",2024-11-18,2024-11-21,367.7,17491.58,Delayed
SH007066,W02,ST17,CR05,2024-11-17,"November 19, 2024",2024-11-19,282.1,12851.27,On-time
SH007067,W02,ST17,CR03,18/11/2024,"November 20, 2024","November 20, 2024",282.1,17277.07,On-time
SH007068,W02,ST17,CR01,2024-11-19,"November 21, 2024",2024-11-21,282.1,13666.07,On-time
SH007069,W02,ST17,CR03,20/11/2024,22/11/2024,"November 22, 2024",282.1,10682.04,On-time
SH007070,W02,ST17,CR05,2024-11-21,2024-11-23,23/11/2024,175.3,14518.96,Lost
SH007071,W02,ST17,CR01,"November 22, 2024",24/11/2024,"November 24, 2024",282.1,12795.15,On-time
SH007072,W02,ST17,CR02,2024-11-23,"November 25, 2024",2024-11-25,282.1,14445.02,On-time
SH007073,W02,ST17,CR04,24/11/2024,26/11/2024,"November 26, 2024",282.1,13429.49,On-time
SH007074,W03,ST17,CR05,25/11/2024,27/11/2024,27/11/2024,367.7,17675.5,On-time
SH007075,W02,ST17,CR02,"November 26, 2024",2024-11-28,28/11/2024,282.1,12053.72,On-time
SH007076,W03,ST17,CR02,2024-11-27,"November 29, 2024",2024-11-29,367.7,13796.51,On-time
SH007077,W03,ST17,CR01,28/11/2024,30/11/2024,"December 1, 2024",228.5,16007.86,Delayed
SH007078,W02,ST17,CR05,2024-11-29,2024-12-01,"December 1, 2024",282.1,13988.37,On-time
SH007079,W02,ST17,CR05,"November 30, 2024",02/12/2024,02/12/2024,282.1,17417.53,On-time
SH007080,W02,ST17,CR02,"December 1, 2024","December 3, 2024",2024-12-03,282.1,11353.96,On-time
SH007081,W02,ST17,CR04,"December 2, 2024",04/12/2024,2024-12-04,282.1,15805.48,On-time
SH007082,W03,ST17,CR04,"December 3, 2024",2024-12-05,05/12/2024,367.7,16846.83,On-time
SH007083,W02,ST17,CR05,2024-12-04,06/12/2024,2024-12-06,282.1,12075.69,On-time
SH007084,W02,ST17,CR04,"December 5, 2024","December 7, 2024","December 7, 2024",282.1,,On-time
SH007085,W03,ST17,CR02,"December 6, 2024","December 8, 2024",2024-12-08,367.7,,On-time
SH007086,W02,ST17,CR05,07/12/2024,2024-12-09,2024-12-09,282.1,,On-time
SH007087,W02,ST17,CR03,"December 8, 2024","December 10, 2024",10/12/2024,282.1,12158.48,On-time
SH007088,W02,ST17,CR02,"December 9, 2024",2024-12-11,"December 15, 2024",282.1,11113.32,Delayed
SH007089,W02,ST17,CR03,10/12/2024,"December 12, 2024",12/12/2024,282.1,10926.63,On-time
SH007090,W02,ST17,CR04,11/12/2024,2024-12-13,2024-12-15,282.1,16133.63,Delayed
SH007091,W02,ST17,CR05,12/12/2024,14/12/2024,14/12/2024,282.1,15785.87,On-time
SH007092,W02,ST17,CR02,13/12/2024,2024-12-15,2024-12-15,282.1,14217.8,On-time
SH007093,W02,ST17,CR03,2024-12-14,16/12/2024,"December 19, 2024",282.1,15890.62,Delayed
SH007094,W02,ST17,CR03,15/12/2024,17/12/2024,"December 17, 2024",282.1,11827.62,On-time
SH007095,W02,ST17,CR05,16/12/2024,"December 18, 2024","December 18, 2024",282.1,11713.52,On-time
SH007096,W02,ST17,CR05,"December 17, 2024","December 19, 2024",19/12/2024,282.1,,On-time
SH007097,W02,ST17,CR05,"December 18, 2024",2024-12-20,"December 20, 2024",175.3,10197.01,On-time
SH007098,W02,ST17,CR01,"December 19, 2024",2024-12-21,"December 21, 2024",282.1,12892.43,On-time
SH007099,W02,ST17,CR01,20/12/2024,2024-12-22,"December 22, 2024",282.1,13481.1,On-time
SH007100,W02,ST17,CR03,21/12/2024,2024-12-23,"December 23, 2024",175.3,11407.59,On-time
SH007101,W01,ST17,CR03,"December 22, 2024",24/12/2024,"December 27, 2024",202.2,10683.84,Delayed
SH007102,W02,ST17,CR04,2024-12-23,"December 25, 2024","December 26, 2024",282.1,9830.2,Delayed
SH007103,W02,ST17,CR03,"December 24, 2024","December 26, 2024","December 26, 2024",282.1,15372.91,On-time
SH007104,W01,ST17,CR02,25/12/2024,27/12/2024,27/12/2024,202.2,11512.92,On-time
SH007105,W02,ST17,CR03,"December 26, 2024",28/12/2024,2024-12-28,282.1,14443.97,On-time
SH007106,W02,ST17,CR03,27/12/2024,29/12/2024,2024-12-29,175.3,12205.89,On-time
SH007107,W02,ST17,CR03,28/12/2024,2024-12-30,02/01/2025,282.1,13023.46,Delayed
SH007108,W02,ST17,CR02,2024-12-29,"December 31, 2024",2024-12-31,282.1,13730.14,On-time
SH007109,W02,ST17,CR01,2024-12-30,"January 1, 2025",2025-01-01,282.1,14666.25,On-time
SH007110,W02,ST17,CR03,2024-12-31,02/01/2025,02/01/2025,282.1,14191.14,On-time
SH007111,W02,ST17,CR01,"January 1, 2025","January 3, 2025",04/01/2025,282.1,16524.12,Delayed
SH007112,W02,ST17,CR03,"January 2, 2025",04/01/2025,04/01/2025,282.1,12217.74,On-time
SH007113,W02,ST17,CR05,2025-01-03,"January 5, 2025","January 5, 2025",282.1,15676.65,On-time
SH007114,W02,ST17,CR01,"January 4, 2025","January 6, 2025",2025-01-06,282.1,13573.07,On-time
SH007115,W02,ST17,CR04,"January 5, 2025",07/01/2025,"January 7, 2025",282.1,15163.58,On-time
SH007116,W02,ST17,CR02,06/01/2025,08/01/2025,2025-01-08,282.1,14679.28,On-time
SH007117,W03,ST17,CR03,"January 7, 2025","January 9, 2025","January 9, 2025",367.7,20429.96,On-time
SH007118,W02,ST17,CR02,08/01/2025,"January 10, 2025","January 10, 2025",282.1,14931.1,On-time
SH007119,W02,ST17,CR01,09/01/2025,"January 11, 2025",2025-01-11,282.1,12857.16,On-time
SH007120,W02,ST17,CR02,2025-01-10,2025-01-12,"January 12, 2025",282.1,17338.76,On-time
SH007121,W02,ST17,CR05,11/01/2025,2025-01-13,"January 13, 2025",282.1,13385.39,Damaged
SH007122,W02,ST17,CR02,"January 12, 2025","January 14, 2025",2025-01-14,282.1,14886.16,On-time
SH007123,W02,ST17,CR03,"January 13, 2025",2025-01-15,2025-01-15,282.1,14818.61,On-time
SH007124,W02,ST17,CR01,"January 14, 2025","January 16, 2025",16/01/2025,282.1,14913.65,On-time
SH007125,W02,ST17,CR01,15/01/2025,"January 17, 2025",17/01/2025,282.1,12287.44,On-time
SH007126,W02,ST17,CR04,"January 16, 2025",2025-01-18,18/01/2025,282.1,13856.17,On-time
SH007127,W02,ST17,CR01,2025-01-17,"January 19, 2025",19/01/2025,282.1,13060.55,On-time
SH007128,W02,ST17,CR05,2025-01-18,"January 20, 2025",22/01/2025,282.1,11769.59,Delayed
SH007129,W02,ST17,CR02,2025-01-19,"January 21, 2025",21/01/2025,282.1,13988.45,On-time
SH007130,W02,ST17,CR02,"January 20, 2025","January 22, 2025",2025-01-22,282.1,12104.14,On-time
SH007131,W02,ST17,CR04,"January 21, 2025",2025-01-23,23/01/2025,282.1,15784.67,On-time
SH007132,W02,ST17,CR03,22/01/2025,2025-01-24,"January 24, 2025",282.1,13929.39,On-time
SH007133,W02,ST17,CR04,23/01/2025,25/01/2025,2025-01-27,282.1,12785.0,Delayed
SH007134,W02,ST17,CR05,"January 24, 2025","January 26, 2025","January 26, 2025",282.1,12082.86,On-time
SH007135,W01,ST17,CR01,2025-01-25,27/01/2025,28/01/2025,202.2,11046.67,Delayed
SH007136,W02,ST17,CR02,"January 26, 2025",28/01/2025,"February 1, 2025",175.3,10792.74,Delayed
SH007137,W02,ST17,CR05,2025-01-27,"January 29, 2025",29/01/2025,282.1,11343.85,Lost
SH007138,W02,ST17,CR03,28/01/2025,"January 30, 2025","February 2, 2025",282.1,14530.68,Delayed
SH007139,W02,ST17,CR04,2025-01-29,31/01/2025,31/01/2025,282.1,15024.67,On-time
SH007140,W02,ST17,CR04,"January 30, 2025","February 1, 2025","February 1, 2025",282.1,10777.64,On-time
SH007141,W02,ST17,CR04,2025-01-31,"February 2, 2025",2025-02-02,282.1,12459.95,On-time
SH007142,W02,ST17,CR02,2025-02-01,03/02/2025,"February 3, 2025",282.1,14372.39,On-time
SH007143,W02,ST17,CR02,"February 2, 2025",2025-02-04,2025-02-05,282.1,13469.27,Delayed
SH007144,W02,ST17,CR03,2025-02-03,05/02/2025,2025-02-05,282.1,10831.95,Damaged
SH007145,W02,ST17,CR05,2025-02-04,"February 6, 2025",2025-02-06,282.1,11671.25,On-time
SH007146,W02,ST17,CR01,"February 5, 2025",07/02/2025,"February 7, 2025",282.1,14905.42,On-time
SH007147,W02,ST17,CR05,06/02/2025,"February 8, 2025","February 8, 2025",282.1,14034.79,On-time
SH007148,W02,ST17,CR04,07/02/2025,09/02/2025,2025-02-09,282.1,15194.7,On-time
SH007149,W01,ST17,CR04,2025-02-08,10/02/2025,10/02/2025,125.7,9501.3,On-time
SH007150,W02,ST17,CR05,"February 9, 2025","February 11, 2025",11/02/2025,282.1,11911.81,Damaged
SH007151,W01,ST17,CR03,10/02/2025,"February 12, 2025",12/02/2025,125.7,9101.64,On-time
SH007152,W02,ST17,CR03,11/02/2025,13/02/2025,2025-02-13,282.1,13145.6,On-time
SH007153,W02,ST17,CR01,12/02/2025,2025-02-14,2025-02-14,282.1,12414.21,On-time
SH007154,W02,ST17,CR05,"February 13, 2025","February 15, 2025","February 15, 2025",282.1,,On-time
SH007155,W02,ST17,CR03,14/02/2025,2025-02-16,2025-02-16,282.1,11915.43,On-time
SH007156,W02,ST17,CR01,"February 15, 2025",2025-02-17,17/02/2025,175.3,16042.39,On-time
SH007157,W02,ST17,CR05,16/02/2025,18/02/2025,18/02/2025,282.1,13092.87,On-time
SH007158,W02,ST17,CR03,"February 17, 2025","February 19, 2025",19/02/2025,282.1,15019.36,On-time
SH007159,W01,ST17,CR05,18/02/2025,"February 20, 2025",2025-02-20,202.2,9591.89,On-time
SH007160,W02,ST17,CR01,19/02/2025,2025-02-21,2025-02-21,282.1,11169.68,On-time
SH007161,W02,ST17,CR03,2025-02-20,"February 22, 2025","February 24, 2025",282.1,11160.4,Delayed
SH007162,W02,ST17,CR05,21/02/2025,"February 23, 2025",2025-02-23,282.1,11455.71,On-time
SH007163,W02,ST17,CR05,22/02/2025,24/02/2025,24/02/2025,282.1,15726.01,On-time
SH007164,W03,ST17,CR03,2025-02-23,"February 25, 2025","February 25, 2025",367.7,14758.43,On-time
SH007165,W02,ST17,CR05,24/02/2025,2025-02-26,02/03/2025,282.1,11029.61,Delayed
SH007166,W02,ST17,CR02,2025-02-25,2025-02-27,2025-02-27,282.1,15247.07,On-time
SH007167,W02,ST17,CR03,26/02/2025,28/02/2025,"February 28, 2025",282.1,15150.28,On-time
SH007168,W02,ST17,CR01,27/02/2025,"March 1, 2025",2025-03-01,282.1,13817.03,On-time
SH007169,W02,ST17,CR02,28/02/2025,2025-03-02,02/03/2025,282.1,15661.66,On-time
SH007170,W02,ST17,CR04,"March 1, 2025",03/03/2025,"March 3, 2025",175.3,14319.72,On-time
SH007171,W02,ST17,CR05,2025-03-02,04/03/2025,"March 4, 2025",282.1,10393.68,On-time
SH007172,W02,ST17,CR01,"March 3, 2025",05/03/2025,"March 5, 2025",282.1,13239.93,On-time
SH007173,W02,ST17,CR01,2025-03-04,06/03/2025,06/03/2025,282.1,13816.18,On-time
SH007174,W02,ST17,CR01,05/03/2025,2025-03-07,07/03/2025,282.1,12652.54,On-time
SH007175,W02,ST17,CR02,"March 6, 2025",08/03/2025,08/03/2025,282.1,10632.3,On-time
SH007176,W02,ST17,CR03,2025-03-07,2025-03-09,09/03/2025,175.3,10665.7,On-time
SH007177,W02,ST17,CR01,2025-03-08,2025-03-10,10/03/2025,282.1,12080.44,On-time
SH007178,W02,ST17,CR01,2025-03-09,"March 11, 2025",2025-03-11,282.1,12649.9,On-time
SH007179,W02,ST17,CR03,10/03/2025,"March 12, 2025",12/03/2025,282.1,14981.22,On-time
SH007180,W01,ST17,CR03,2025-03-11,2025-03-13,"March 13, 2025",202.2,8201.6,On-time
SH007181,W02,ST17,CR03,2025-03-12,2025-03-14,"March 14, 2025",282.1,14315.23,On-time
SH007182,W02,ST17,CR02,13/03/2025,"March 15, 2025",15/03/2025,282.1,15043.0,On-time
SH007183,W02,ST17,CR02,2025-03-14,2025-03-16,16/03/2025,282.1,13142.88,On-time
SH007184,W02,ST17,CR02,2025-03-15,2025-03-17,17/03/2025,282.1,14598.97,On-time
SH007185,W02,ST17,CR05,16/03/2025,2025-03-18,"March 18, 2025",282.1,10236.97,On-time
SH007186,W02,ST17,CR03,17/03/2025,2025-03-19,"March 22, 2025",282.1,15026.9,Delayed
SH007187,W02,ST17,CR05,2025-03-18,2025-03-20,20/03/2025,282.1,10024.35,On-time
SH007188,W02,ST17,CR03,19/03/2025,"March 21, 2025",2025-03-24,282.1,14131.19,Delayed
SH007189,W02,ST17,CR04,"March 20, 2025",22/03/2025,25/03/2025,282.1,10284.92,Delayed
SH007190,W02,ST17,CR04,21/03/2025,23/03/2025,"March 23, 2025",175.3,14369.68,On-time
SH007191,W03,ST17,CR05,"March 22, 2025",24/03/2025,24/03/2025,228.5,17135.03,On-time
SH007192,W02,ST17,CR03,23/03/2025,2025-03-25,25/03/2025,282.1,15980.24,On-time
SH007193,W02,ST17,CR03,24/03/2025,"March 26, 2025",26/03/2025,282.1,11613.35,On-time
SH007194,W02,ST17,CR05,25/03/2025,"March 27, 2025",27/03/2025,282.1,12442.71,On-time
SH007195,W02,ST17,CR03,"March 26, 2025","March 28, 2025",28/03/2025,282.1,9564.56,On-time
SH007196,W02,ST17,CR04,"March 27, 2025",29/03/2025,29/03/2025,282.1,12160.26,On-time
SH007197,W02,ST17,CR01,"March 28, 2025",30/03/2025,02/04/2025,282.1,9576.46,Delayed
SH007198,W02,ST17,CR04,29/03/2025,31/03/2025,"March 31, 2025",282.1,11155.94,On-time
SH007199,W02,ST17,CR02,30/03/2025,2025-04-01,"April 1, 2025",282.1,13967.55,Damaged
SH007200,W02,ST17,CR05,"March 31, 2025","April 2, 2025",02/04/2025,282.1,13394.37,On-time
SH007201,W02,ST17,CR02,2025-04-01,"April 3, 2025","April 3, 2025",175.3,11231.96,On-time
SH007202,W02,ST17,CR02,"April 2, 2025",04/04/2025,"April 6, 2025",282.1,11997.53,Delayed
SH007203,W02,ST17,CR05,03/04/2025,05/04/2025,"April 5, 2025",282.1,10980.3,On-time
SH007204,W02,ST17,CR03,04/04/2025,"April 6, 2025",06/04/2025,282.1,14368.88,On-time
SH007205,W02,ST17,CR03,"April 5, 2025",2025-04-07,07/04/2025,282.1,10254.16,On-time
SH007206,W02,ST17,CR02,"April 6, 2025",2025-04-08,"April 8, 2025",282.1,9649.22,On-time
SH007207,W02,ST17,CR04,07/04/2025,09/04/2025,09/04/2025,282.1,13258.49,On-time
SH007208,W02,ST17,CR02,08/04/2025,"April 10, 2025",10/04/2025,282.1,,On-time
SH007209,W02,ST17,CR05,09/04/2025,2025-04-11,13/04/2025,175.3,10305.49,Delayed
SH007210,W02,ST17,CR04,"April 10, 2025","April 12, 2025",12/04/2025,282.1,10891.12,On-time
SH007211,W02,ST17,CR03,2025-04-11,"April 13, 2025",13/04/2025,282.1,14083.74,On-time
SH007212,W02,ST17,CR02,"April 12, 2025","April 14, 2025","April 14, 2025",282.1,13486.19,On-time
SH007213,W02,ST17,CR03,13/04/2025,15/04/2025,15/04/2025,282.1,11686.85,On-time
SH007214,W02,ST17,CR01,"April 14, 2025",2025-04-16,2025-04-18,175.3,13827.21,Delayed
SH007215,W03,ST17,CR03,15/04/2025,2025-04-17,"April 17, 2025",228.5,15925.8,On-time
SH007216,W02,ST17,CR05,"April 16, 2025",2025-04-18,2025-04-18,282.1,11058.99,On-time
SH007217,W02,ST17,CR04,"April 17, 2025",19/04/2025,"April 19, 2025",282.1,14768.57,On-time
SH007218,W02,ST17,CR01,"April 18, 2025",20/04/2025,2025-04-20,282.1,13995.32,On-time
SH007219,W02,ST17,CR04,2025-04-19,"April 21, 2025",2025-04-21,282.1,14427.16,On-time
SH007220,W02,ST17,CR01,2025-04-20,"April 22, 2025",24/04/2025,282.1,14550.97,Delayed
SH007221,W02,ST17,CR03,2025-04-21,2025-04-23,"April 23, 2025",282.1,12178.15,On-time
SH007222,W02,ST17,CR05,22/04/2025,2025-04-24,2025-04-24,282.1,12596.65,On-time
SH007223,W02,ST17,CR03,"April 23, 2025","April 25, 2025",25/04/2025,282.1,16516.5,On-time
SH007224,W02,ST17,CR02,24/04/2025,26/04/2025,"April 30, 2025",282.1,13821.18,Delayed
SH007225,W02,ST17,CR01,2025-04-25,2025-04-27,27/04/2025,282.1,13640.52,On-time
SH007226,W02,ST17,CR01,"April 26, 2025",2025-04-28,2025-04-28,282.1,14236.97,On-time
SH007227,W02,ST17,CR02,2025-04-27,2025-04-29,01/05/2025,282.1,15178.97,Delayed
SH007228,W01,ST17,CR01,"April 28, 2025","April 30, 2025","April 30, 2025",202.2,8109.51,On-time
SH007229,W02,ST17,CR04,"April 29, 2025",01/05/2025,01/05/2025,282.1,,On-time
SH007230,W02,ST17,CR02,30/04/2025,"May 2, 2025",02/05/2025,282.1,14080.36,On-time
SH007231,W02,ST17,CR01,"May 1, 2025",03/05/2025,2025-05-03,282.1,15639.74,On-time
SH007232,W01,ST17,CR03,2025-05-02,2025-05-04,08/05/2025,202.2,8644.27,Delayed
SH007233,W02,ST17,CR05,2025-05-03,2025-05-05,"May 5, 2025",282.1,12702.33,On-time
SH007234,W02,ST17,CR01,2025-05-04,2025-05-06,06/05/2025,282.1,15272.19,On-time
SH007235,W02,ST17,CR02,05/05/2025,07/05/2025,2025-05-07,175.3,12320.31,On-time
SH007236,W02,ST17,CR02,06/05/2025,"May 8, 2025","May 9, 2025",282.1,16486.15,Delayed
SH007237,W02,ST17,CR02,"May 7, 2025",09/05/2025,"May 9, 2025",282.1,11786.79,On-time
SH007238,W02,ST17,CR05,"May 8, 2025",2025-05-10,13/05/2025,282.1,14030.19,Delayed
SH007239,W02,ST17,CR01,09/05/2025,"May 11, 2025",11/05/2025,282.1,16037.8,On-time
SH007240,W02,ST17,CR05,2025-05-10,"May 12, 2025","May 12, 2025",282.1,10919.52,On-time
SH007241,W02,ST17,CR04,2025-05-11,13/05/2025,2025-05-13,282.1,12627.59,On-time
SH007242,W02,ST17,CR03,12/05/2025,"May 14, 2025","May 14, 2025",282.1,10935.55,On-time
SH007243,W02,ST17,CR05,"May 13, 2025","May 15, 2025",2025-05-15,175.3,13083.39,On-time
SH007244,W02,ST17,CR04,14/05/2025,16/05/2025,"May 18, 2025",282.1,13223.41,Delayed
SH007245,W02,ST17,CR05,"May 15, 2025",17/05/2025,"May 17, 2025",282.1,15307.51,On-time
SH007246,W02,ST17,CR02,2025-05-16,18/05/2025,18/05/2025,282.1,9975.57,Damaged
SH007247,W02,ST17,CR03,2025-05-17,"May 19, 2025",19/05/2025,282.1,12339.4,On-time
SH007248,W02,ST17,CR05,2025-05-18,20/05/2025,"May 22, 2025",282.1,13016.73,Delayed
SH007249,W03,ST17,CR01,"May 19, 2025","May 21, 2025","May 21, 2025",367.7,19956.31,On-time
SH007250,W02,ST17,CR05,"May 20, 2025","May 22, 2025","May 22, 2025",282.1,9922.56,On-time
SH007251,W01,ST17,CR03,21/05/2025,"May 23, 2025",23/05/2025,125.7,10181.75,On-time
SH007252,W02,ST17,CR03,"May 22, 2025",2025-05-24,24/05/2025,282.1,12788.28,On-time
SH007253,W02,ST17,CR05,23/05/2025,25/05/2025,25/05/2025,282.1,13986.6,On-time
SH007254,W03,ST17,CR03,"May 24, 2025",26/05/2025,"May 26, 2025",367.7,20673.91,On-time
SH007255,W02,ST17,CR04,"May 25, 2025","May 27, 2025",29/05/2025,282.1,13339.83,Delayed
SH007256,W01,ST17,CR02,26/05/2025,2025-05-28,28/05/2025,202.2,11523.96,On-time
SH007257,W02,ST17,CR04,"May 27, 2025",2025-05-29,2025-06-02,282.1,13345.88,Delayed
SH007258,W02,ST17,CR02,28/05/2025,30/05/2025,31/05/2025,282.1,12229.26,Delayed
SH007259,W02,ST17,CR04,29/05/2025,"May 31, 2025",2025-06-03,282.1,12587.9,Delayed
SH007260,W02,ST17,CR03,30/05/2025,01/06/2025,01/06/2025,282.1,12025.56,On-time
SH007261,W02,ST17,CR01,31/05/2025,2025-06-02,2025-06-02,282.1,14266.82,On-time
SH007262,W02,ST17,CR04,01/06/2025,2025-06-03,2025-06-03,282.1,,On-time
SH007263,W02,ST17,CR01,"June 2, 2025",2025-06-04,2025-06-08,282.1,14545.27,Delayed
SH007264,W02,ST17,CR05,2025-06-03,"June 5, 2025",05/06/2025,282.1,15124.15,On-time
SH007265,W03,ST17,CR02,2025-06-04,06/06/2025,"June 6, 2025",367.7,20409.86,On-time
SH007266,W02,ST17,CR05,2025-06-05,"June 7, 2025","June 7, 2025",282.1,12941.57,On-time
SH007267,W02,ST17,CR03,"June 6, 2025",2025-06-08,2025-06-08,282.1,13336.16,On-time
SH007268,W03,ST17,CR01,2025-06-07,09/06/2025,11/06/2025,367.7,15147.07,Delayed
SH007269,W02,ST17,CR03,2025-06-08,"June 10, 2025","June 10, 2025",282.1,14822.36,On-time
SH007270,W02,ST17,CR04,"June 9, 2025",11/06/2025,"June 12, 2025",282.1,12297.42,Delayed
SH007271,W02,ST17,CR02,10/06/2025,2025-06-12,14/06/2025,175.3,11376.2,Delayed
SH007272,W02,ST17,CR01,2025-06-11,13/06/2025,15/06/2025,282.1,,Delayed
SH007273,W02,ST17,CR04,"June 12, 2025",2025-06-14,"June 18, 2025",282.1,13216.34,Delayed
SH007274,W02,ST17,CR01,"June 13, 2025",2025-06-15,15/06/2025,282.1,16424.05,On-time
SH007275,W03,ST17,CR02,14/06/2025,16/06/2025,2025-06-16,367.7,,On-time
SH007276,W02,ST17,CR03,2025-06-15,17/06/2025,"June 17, 2025",282.1,12330.41,On-time
SH007277,W02,ST17,CR03,"June 16, 2025",18/06/2025,2025-06-20,282.1,15527.01,Delayed
SH007278,W02,ST17,CR03,2025-06-17,2025-06-19,2025-06-19,282.1,16317.87,On-time
SH007279,W02,ST17,CR03,18/06/2025,"June 20, 2025",20/06/2025,282.1,15325.32,On-time
SH007280,W02,ST17,CR04,19/06/2025,2025-06-21,"June 21, 2025",175.3,12307.84,On-time
SH007281,W02,ST17,CR03,"June 20, 2025",2025-06-22,22/06/2025,282.1,11179.71,On-time
SH007282,W02,ST17,CR03,2025-06-21,23/06/2025,"June 23, 2025",175.3,11723.95,On-time
SH007283,W02,ST17,CR01,2025-06-22,"June 24, 2025","June 24, 2025",282.1,10382.95,On-time
SH007284,W02,ST17,CR04,23/06/2025,"June 25, 2025","June 27, 2025",282.1,13952.16,Delayed
SH007285,W02,ST17,CR05,24/06/2025,2025-06-26,2025-06-26,282.1,13067.72,On-time
SH007286,W02,ST17,CR03,25/06/2025,2025-06-27,"June 27, 2025",282.1,11508.27,On-time
SH007287,W02,ST17,CR03,"June 26, 2025",28/06/2025,"June 28, 2025",282.1,17043.21,On-time
SH007288,W02,ST17,CR02,"June 27, 2025",2025-06-29,29/06/2025,282.1,12327.16,On-time
SH007289,W02,ST17,CR01,28/06/2025,"June 30, 2025","July 2, 2025",282.1,11557.16,Delayed
SH007290,W02,ST17,CR01,2025-06-29,"July 1, 2025","July 5, 2025",282.1,10060.7,Delayed
SH007291,W02,ST17,CR04,"June 30, 2025",02/07/2025,05/07/2025,282.1,12448.48,Delayed
SH007292,W02,ST17,CR01,2025-07-01,03/07/2025,"July 3, 2025",282.1,15189.47,On-time
SH007293,W02,ST17,CR01,02/07/2025,04/07/2025,06/07/2025,282.1,14429.17,Delayed
SH007294,W02,ST17,CR01,"July 3, 2025","July 5, 2025",05/07/2025,282.1,15215.46,On-time
SH007295,W02,ST17,CR05,2025-07-04,2025-07-06,"July 6, 2025",282.1,16971.85,On-time
SH007296,W02,ST17,CR01,05/07/2025,07/07/2025,07/07/2025,282.1,,On-time
SH007297,W01,ST17,CR03,06/07/2025,08/07/2025,10/07/2025,202.2,10290.76,Delayed
SH007298,W02,ST17,CR03,07/07/2025,"July 9, 2025","July 9, 2025",282.1,13561.84,On-time
SH007299,W02,ST17,CR01,2025-07-08,10/07/2025,12/07/2025,282.1,17278.86,Delayed
SH007300,W02,ST17,CR05,"July 9, 2025",11/07/2025,"July 11, 2025",282.1,13981.95,Damaged
SH007301,W02,ST17,CR03,10/07/2025,2025-07-12,2025-07-12,282.1,9807.51,On-time
SH007302,W02,ST17,CR01,"July 11, 2025",13/07/2025,"July 13, 2025",282.1,,On-time
SH007303,W02,ST17,CR04,12/07/2025,"July 14, 2025",2025-07-14,282.1,15407.68,On-time
SH007304,W02,ST17,CR01,2025-07-13,2025-07-15,"July 15, 2025",282.1,11559.8,On-time
SH007305,W02,ST17,CR05,"July 14, 2025",16/07/2025,"July 16, 2025",282.1,,On-time
SH007306,W02,ST17,CR01,"July 15, 2025","July 17, 2025",17/07/2025,282.1,13094.47,On-time
SH007307,W02,ST17,CR05,"July 16, 2025",2025-07-18,"July 18, 2025",282.1,14971.63,On-time
SH007308,W02,ST17,CR01,"July 17, 2025","July 19, 2025",19/07/2025,282.1,12715.75,Lost
SH007309,W02,ST17,CR02,2025-07-18,20/07/2025,2025-07-20,282.1,15862.31,On-time
SH007310,W01,ST17,CR03,2025-07-19,21/07/2025,24/07/2025,202.2,8619.68,Delayed
SH007311,W02,ST17,CR01,2025-07-20,"July 22, 2025",2025-07-22,282.1,10794.47,On-time
SH007312,W02,ST17,CR01,2025-07-21,2025-07-23,2025-07-25,282.1,11556.59,Delayed
SH007313,W02,ST17,CR03,2025-07-22,"July 24, 2025","July 24, 2025",282.1,11137.55,On-time
SH007314,W02,ST17,CR01,"July 23, 2025",25/07/2025,25/07/2025,282.1,,On-time
SH007315,W02,ST17,CR03,2025-07-24,26/07/2025,"July 26, 2025",282.1,16140.48,On-time
SH007316,W02,ST17,CR03,"July 25, 2025","July 27, 2025",27/07/2025,175.3,12366.0,On-time
SH007317,W02,ST17,CR03,26/07/2025,2025-07-28,28/07/2025,175.3,14417.79,On-time
SH007318,W02,ST17,CR03,"July 27, 2025",2025-07-29,2025-07-29,282.1,13830.3,On-time
SH007319,W02,ST17,CR03,"July 28, 2025",2025-07-30,30/07/2025,282.1,12149.21,On-time
SH007320,W02,ST17,CR03,"July 29, 2025",31/07/2025,31/07/2025,282.1,11389.86,On-time
SH007321,W02,ST17,CR01,2025-07-30,2025-08-01,"August 5, 2025",282.1,16655.17,Delayed
SH007322,W02,ST17,CR02,31/07/2025,02/08/2025,02/08/2025,175.3,11797.28,Damaged
SH007323,W02,ST17,CR01,"August 1, 2025",2025-08-03,2025-08-03,282.1,13747.12,On-time
SH007324,W02,ST17,CR03,"August 2, 2025",2025-08-04,2025-08-04,282.1,13921.14,On-time
SH007325,W02,ST17,CR04,"August 3, 2025",05/08/2025,2025-08-05,282.1,11199.48,On-time
SH007326,W02,ST17,CR05,04/08/2025,2025-08-06,06/08/2025,282.1,15782.85,On-time
SH007327,W02,ST17,CR01,05/08/2025,2025-08-07,"August 7, 2025",282.1,15925.76,On-time
SH007328,W02,ST17,CR02,06/08/2025,08/08/2025,2025-08-08,282.1,11868.85,On-time
SH007329,W02,ST17,CR02,"August 7, 2025","August 9, 2025","August 9, 2025",282.1,10917.47,On-time
SH007330,W02,ST17,CR04,08/08/2025,2025-08-10,2025-08-10,282.1,11046.29,On-time
SH007331,W02,ST17,CR04,2025-08-09,"August 11, 2025","August 11, 2025",282.1,13436.55,On-time
SH007332,W02,ST17,CR01,"August 10, 2025",12/08/2025,2025-08-12,282.1,11827.72,On-time
SH007333,W02,ST17,CR02,2025-08-11,13/08/2025,"August 13, 2025",282.1,14711.02,On-time
SH007334,W02,ST17,CR03,"August 12, 2025",2025-08-14,"August 14, 2025",175.3,13570.35,On-time
SH007335,W02,ST17,CR01,13/08/2025,15/08/2025,2025-08-18,282.1,11865.5,Delayed
SH007336,W02,ST17,CR05,14/08/2025,16/08/2025,2025-08-16,282.1,14856.39,On-time
SH007337,W02,ST17,CR04,2025-08-15,17/08/2025,2025-08-17,175.3,11214.13,On-time
SH007338,W02,ST17,CR04,"August 16, 2025","August 18, 2025",21/08/2025,282.1,10857.71,Delayed
SH007339,W02,ST17,CR04,2025-08-17,"August 19, 2025",20/08/2025,282.1,11603.85,Delayed
SH007340,W02,ST17,CR01,2025-08-18,20/08/2025,"August 20, 2025",282.1,11152.87,On-time
SH007341,W02,ST17,CR03,"August 19, 2025",2025-08-21,2025-08-21,282.1,11103.05,On-time
SH007342,W02,ST17,CR05,2025-08-20,"August 22, 2025",2025-08-22,282.1,16407.35,On-time
SH007343,W02,ST17,CR05,21/08/2025,"August 23, 2025","August 23, 2025",282.1,13784.71,On-time
SH007344,W02,ST17,CR05,2025-08-22,2025-08-24,2025-08-25,175.3,13722.41,Delayed
SH007345,W02,ST17,CR04,23/08/2025,2025-08-25,2025-08-27,282.1,9928.86,Delayed
SH007346,W02,ST17,CR04,"August 24, 2025",26/08/2025,28/08/2025,282.1,10127.19,Delayed
SH007347,W02,ST17,CR05,2025-08-25,"August 27, 2025",27/08/2025,282.1,15073.25,On-time
SH007348,W02,ST17,CR03,26/08/2025,28/08/2025,"August 28, 2025",282.1,13693.2,On-time
SH007349,W02,ST17,CR02,"August 27, 2025",29/08/2025,29/08/2025,282.1,13860.86,On-time
SH007350,W02,ST17,CR03,2025-08-28,"August 30, 2025",2025-08-30,282.1,12223.51,On-time
SH007351,W02,ST17,CR04,"August 29, 2025",2025-08-31,2025-09-01,282.1,14308.1,Delayed
SH007352,W02,ST17,CR03,2025-08-30,2025-09-01,01/09/2025,282.1,16701.85,On-time
SH007353,W02,ST17,CR03,31/08/2025,"September 2, 2025","September 4, 2025",282.1,10062.98,Delayed
SH007354,W02,ST17,CR05,2025-09-01,03/09/2025,2025-09-03,282.1,14859.76,On-time
SH007355,W02,ST17,CR01,"September 2, 2025",04/09/2025,04/09/2025,175.3,12917.16,Damaged
SH007356,W02,ST17,CR01,03/09/2025,"September 5, 2025",05/09/2025,282.1,16425.43,On-time
SH007357,W01,ST17,CR02,"September 4, 2025","September 6, 2025",2025-09-06,125.7,10570.25,On-time
SH007358,W02,ST17,CR03,2025-09-05,07/09/2025,09/09/2025,282.1,12386.66,Delayed
SH007359,W02,ST17,CR01,"September 6, 2025","September 8, 2025",08/09/2025,282.1,12827.99,On-time
SH007360,W01,ST99,CR01,07/09/2025,"September 9, 2025",09/09/2025,202.2,9308.85,On-time
SH007361,W03,ST17,CR02,"September 8, 2025",2025-09-10,11/09/2025,228.5,19547.77,Delayed
SH007362,W02,ST17,CR05,2025-09-09,11/09/2025,"September 15, 2025",282.1,14727.72,Delayed
SH007363,W02,ST17,CR05,"September 10, 2025",12/09/2025,"September 12, 2025",282.1,,On-time
SH007364,W02,ST17,CR05,11/09/2025,13/09/2025,13/09/2025,282.1,11002.1,On-time
SH007365,W02,ST17,CR02,12/09/2025,"September 14, 2025","September 14, 2025",282.1,12846.26,On-time
SH007366,W02,ST99,CR01,"September 13, 2025",2025-09-15,2025-09-15,282.1,13880.97,On-time
SH007367,W02,ST17,CR01,"September 14, 2025",16/09/2025,"September 16, 2025",282.1,,On-time
SH007368,W03,ST17,CR01,"September 15, 2025","September 17, 2025","September 18, 2025",367.7,19140.13,Delayed
SH007369,W02,ST17,CR01,16/09/2025,2025-09-18,22/09/2025,282.1,14300.77,Delayed
SH007370,W02,ST17,CR04,2025-09-17,19/09/2025,2025-09-19,282.1,14656.97,On-time
SH007371,W03,ST17,CR04,2025-09-18,"September 20, 2025",2025-09-20,228.5,17122.3,On-time
SH007372,W02,ST17,CR03,19/09/2025,2025-09-21,"September 21, 2025",282.1,12456.03,On-time
SH007373,W02,ST17,CR04,2025-09-20,2025-09-22,2025-09-24,282.1,13581.85,Delayed
SH007374,W02,ST17,CR03,21/09/2025,23/09/2025,2025-09-23,282.1,,On-time
SH007375,W02,ST17,CR05,"September 22, 2025","September 24, 2025","September 24, 2025",282.1,13570.15,On-time
SH007376,W02,ST17,CR01,"September 23, 2025",25/09/2025,2025-09-25,282.1,14142.08,On-time
SH007377,W02,ST17,CR05,2025-09-24,2025-09-26,26/09/2025,282.1,15803.72,On-time
SH007378,W02,ST17,CR01,2025-09-25,27/09/2025,2025-09-27,282.1,,Damaged
SH007379,W02,ST17,CR04,"September 26, 2025",28/09/2025,"September 30, 2025",282.1,13331.18,Delayed
SH007380,W02,ST17,CR05,2025-09-27,2025-09-29,02/10/2025,282.1,15815.87,Delayed
SH007381,W02,ST17,CR01,"September 28, 2025",2025-09-30,"September 30, 2025",282.1,16513.63,On-time
SH007382,W02,ST17,CR05,"September 29, 2025",2025-10-01,2025-10-05,282.1,13949.43,Delayed
SH007383,W02,ST17,CR02,"September 30, 2025",02/10/2025,04/10/2025,282.1,11701.84,Delayed
SH007384,W02,ST17,CR04,2025-10-01,"October 3, 2025",2025-10-03,282.1,15316.03,On-time
SH007385,W02,ST17,CR04,"October 2, 2025","October 4, 2025",2025-10-04,282.1,11664.16,On-time
SH007386,W02,ST17,CR01,"October 3, 2025","October 5, 2025","October 5, 2025",282.1,15427.4,On-time
SH007387,W02,ST17,CR01,2025-10-04,06/10/2025,"October 6, 2025",282.1,14854.44,On-time
SH007388,W02,ST17,CR03,"October 5, 2025",2025-10-07,2025-10-07,282.1,17025.46,On-time
SH007389,W02,ST17,CR01,2025-10-06,2025-10-08,"October 8, 2025",282.1,,On-time
SH007390,W02,ST17,CR01,"October 7, 2025",09/10/2025,"October 9, 2025",282.1,14400.46,On-time
SH007391,W01,ST17,CR01,2025-10-08,10/10/2025,10/10/2025,202.2,11114.5,On-time
SH007392,W02,ST17,CR01,2025-10-09,2025-10-11,2025-10-11,282.1,14934.84,Lost
SH007393,W02,ST17,CR05,2025-10-10,12/10/2025,2025-10-12,282.1,12320.77,On-time
SH007394,W02,ST17,CR02,2025-10-11,"October 13, 2025",2025-10-13,282.1,17102.48,On-time
SH007395,W02,ST17,CR02,2025-10-12,14/10/2025,2025-10-14,282.1,12256.76,On-time
SH007396,W02,ST17,CR05,2025-10-13,2025-10-15,15/10/2025,282.1,15503.24,On-time
SH007397,W02,ST17,CR04,"October 14, 2025","October 16, 2025",2025-10-18,282.1,14282.79,Delayed
SH007398,W02,ST17,CR05,15/10/2025,17/10/2025,2025-10-17,282.1,13488.41,On-time
SH007399,W02,ST17,CR05,2025-10-16,"October 18, 2025","October 18, 2025",282.1,16725.4,On-time
SH007400,W02,ST17,CR02,2025-10-17,19/10/2025,2025-10-19,282.1,14278.89,On-time
SH007401,W02,ST17,CR02,2025-10-18,20/10/2025,"October 20, 2025",282.1,16039.44,On-time
SH007402,W02,ST17,CR04,2025-10-19,2025-10-21,2025-10-25,282.1,14114.9,Delayed
SH007403,W02,ST17,CR03,2025-10-20,22/10/2025,2025-10-22,282.1,15473.1,On-time
SH007404,W02,ST17,CR02,"October 21, 2025",23/10/2025,2025-10-27,282.1,13787.99,Delayed
SH007405,W01,ST17,CR03,"October 22, 2025",2025-10-24,24/10/2025,202.2,11580.62,On-time
SH007406,W02,ST17,CR01,"October 23, 2025","October 25, 2025",25/10/2025,282.1,10120.22,On-time
SH007407,W02,ST17,CR03,2025-10-24,"October 26, 2025","October 26, 2025",282.1,11246.27,On-time
SH007408,W02,ST17,CR01,25/10/2025,27/10/2025,2025-10-29,282.1,12493.21,Delayed
SH007409,W02,ST17,CR02,"October 26, 2025",28/10/2025,2025-10-28,282.1,11100.96,On-time
SH007410,W02,ST17,CR02,27/10/2025,"October 29, 2025","October 29, 2025",282.1,14778.72,On-time
SH007411,W02,ST17,CR02,"October 28, 2025",2025-10-30,03/11/2025,282.1,14843.66,Delayed
SH007412,W02,ST17,CR05,2025-10-29,31/10/2025,2025-11-03,282.1,13570.19,Delayed
SH007413,W02,ST17,CR03,30/10/2025,2025-11-01,"November 1, 2025",282.1,11542.43,On-time
SH007414,W02,ST17,CR05,"October 31, 2025",02/11/2025,2025-11-03,282.1,14321.61,Delayed
SH007415,W03,ST17,CR05,"November 1, 2025",03/11/2025,"November 4, 2025",367.7,16462.64,Damaged
SH007416,W02,ST17,CR02,02/11/2025,2025-11-04,"November 7, 2025",282.1,13370.47,Delayed
SH007417,W02,ST17,CR03,2025-11-03,"November 5, 2025",2025-11-06,282.1,11634.21,Delayed
SH007418,W02,ST17,CR05,2025-11-04,"November 6, 2025","November 6, 2025",282.1,15661.6,On-time
SH007419,W02,ST17,CR05,"November 5, 2025",2025-11-07,07/11/2025,282.1,10708.62,On-time
SH007420,W02,ST17,CR01,"November 6, 2025",2025-11-08,"November 8, 2025",282.1,13633.56,On-time
SH007421,W02,ST17,CR03,07/11/2025,09/11/2025,"November 9, 2025",282.1,15004.03,On-time
SH007422,W02,ST17,CR01,08/11/2025,2025-11-10,2025-11-10,282.1,,On-time
SH007423,W02,ST17,CR01,09/11/2025,2025-11-11,2025-11-11,175.3,12567.58,On-time
SH007424,W02,ST17,CR01,10/11/2025,"November 12, 2025","November 12, 2025",282.1,11800.96,On-time
SH007425,W02,ST17,CR02,"November 11, 2025",13/11/2025,"November 15, 2025",282.1,12416.43,Delayed
SH007426,W02,ST17,CR03,"November 12, 2025",2025-11-14,14/11/2025,282.1,13311.04,On-time
SH007427,W02,ST17,CR05,"November 13, 2025",2025-11-15,15/11/2025,282.1,13246.48,On-time
SH007428,W02,ST17,CR02,2025-11-14,"November 16, 2025",2025-11-16,282.1,11878.13,On-time
SH007429,W02,ST17,CR02,2025-11-15,"November 17, 2025",2025-11-17,282.1,14941.53,On-time
SH007430,W02,ST17,CR01,2025-11-16,2025-11-18,18/11/2025,282.1,15210.35,On-time
SH007431,W02,ST17,CR02,17/11/2025,2025-11-19,2025-11-19,282.1,16103.94,On-time
SH007432,W02,ST17,CR04,18/11/2025,"November 20, 2025",20/11/2025,282.1,14068.95,On-time
SH007433,W02,ST17,CR05,2025-11-19,"November 21, 2025","November 21, 2025",282.1,14771.61,On-time
SH007434,W02,ST17,CR02,"November 20, 2025",2025-11-22,22/11/2025,282.1,14068.03,On-time
SH007435,W02,ST17,CR05,2025-11-21,2025-11-23,2025-11-23,282.1,12286.08,On-time
SH007436,W02,ST17,CR01,"November 22, 2025",2025-11-24,24/11/2025,282.1,14110.36,Lost
SH007437,W02,ST17,CR04,23/11/2025,2025-11-25,25/11/2025,282.1,,On-time
SH007438,W02,ST17,CR02,"November 24, 2025","November 26, 2025",26/11/2025,282.1,11521.97,On-time
SH007439,W02,ST17,CR04,25/11/2025,"November 27, 2025",2025-11-27,282.1,12010.03,On-time
SH007440,W02,ST17,CR05,"November 26, 2025",28/11/2025,"November 28, 2025",282.1,10177.43,On-time
SH007441,W02,ST17,CR02,"November 27, 2025",2025-11-29,2025-11-29,282.1,14451.43,On-time
SH007442,W02,ST17,CR01,28/11/2025,"November 30, 2025",2025-12-03,282.1,16033.09,Delayed
SH007443,W01,ST17,CR01,"November 29, 2025",2025-12-01,"December 1, 2025",202.2,10592.57,On-time
SH007444,W03,ST17,CR05,2025-11-30,02/12/2025,02/12/2025,367.7,15605.34,On-time
SH007445,W03,ST17,CR03,2025-12-01,2025-12-03,03/12/2025,367.7,15868.23,On-time
SH007446,W02,ST17,CR04,02/12/2025,04/12/2025,"December 4, 2025",282.1,12500.62,On-time
SH007447,W02,ST17,CR01,"December 3, 2025","December 5, 2025",2025-12-05,282.1,10686.89,Damaged
SH007448,W02,ST17,CR04,"December 4, 2025","December 6, 2025",2025-12-06,282.1,15512.46,On-time
SH007449,W02,ST17,CR01,2025-12-05,2025-12-07,07/12/2025,282.1,11692.23,On-time
SH007450,W02,ST17,CR03,"December 6, 2025",2025-12-08,"December 8, 2025",175.3,14507.59,On-time
SH007451,W02,ST17,CR03,07/12/2025,"December 9, 2025",09/12/2025,282.1,11933.25,On-time
SH007452,W02,ST17,CR02,2025-12-08,2025-12-10,"December 10, 2025",282.1,15603.85,On-time
SH007453,W02,ST17,CR03,2025-12-09,2025-12-11,15/12/2025,282.1,11742.62,Delayed
SH007454,W02,ST17,CR01,2025-12-10,2025-12-12,2025-12-12,175.3,12347.76,On-time
SH007455,W02,ST17,CR03,11/12/2025,"December 13, 2025","December 13, 2025",282.1,13265.01,On-time
SH007456,W02,ST17,CR05,"December 12, 2025","December 14, 2025","December 14, 2025",282.1,13852.44,On-time
SH007457,W02,ST17,CR02,"December 13, 2025",15/12/2025,"December 15, 2025",282.1,14090.64,On-time
SH007458,W02,ST17,CR05,"December 14, 2025",16/12/2025,2025-12-16,282.1,14014.37,On-time
SH007459,W02,ST17,CR05,15/12/2025,17/12/2025,17/12/2025,282.1,12612.69,On-time
SH007460,W02,ST17,CR02,16/12/2025,18/12/2025,"December 22, 2025",282.1,15738.17,Delayed
SH007461,W02,ST17,CR03,"December 17, 2025","December 19, 2025","December 19, 2025",282.1,12441.71,On-time
SH007462,W02,ST17,CR03,"December 18, 2025",20/12/2025,2025-12-20,282.1,12825.96,On-time
SH007463,W02,ST17,CR02,19/12/2025,"December 21, 2025",25/12/2025,282.1,16112.85,Delayed
SH007464,W02,ST17,CR05,20/12/2025,2025-12-22,2025-12-25,282.1,16672.83,Delayed
SH007465,W02,ST17,CR03,21/12/2025,23/12/2025,"December 23, 2025",282.1,14135.61,On-time
SH007466,W02,ST17,CR01,"December 22, 2025",2025-12-24,"December 24, 2025",282.1,16361.06,On-time
SH007467,W02,ST17,CR03,"December 23, 2025",2025-12-25,2025-12-25,282.1,12165.57,On-time
SH007468,W02,ST17,CR03,24/12/2025,26/12/2025,"December 26, 2025",282.1,17283.75,On-time
SH007469,W02,ST17,CR04,2025-12-25,27/12/2025,"December 27, 2025",282.1,13867.79,On-time
SH007470,W02,ST17,CR02,2025-12-26,"December 28, 2025",2025-12-28,282.1,12799.3,On-time
SH007471,W01,ST17,CR03,2025-12-27,"December 29, 2025",,202.2,10133.1,In-Transit
SH007472,W02,ST17,CR04,2025-12-28,"December 30, 2025",30/12/2025,282.1,10292.44,On-time
SH007473,W02,ST17,CR05,2025-12-29,31/12/2025,31/12/2025,175.3,12955.44,On-time
SH007474,W02,ST17,CR05,30/12/2025,2026-01-01,,282.1,13165.06,In-Transit
SH007475,W02,ST17,CR05,31/12/2025,"January 2, 2026",,282.1,13499.83,In-Transit
SH007476,W01,ST18,CR03,2024-01-04,05/01/2024,05/01/2024,8.6,688.36,On-time
SH007477,W02,ST18,CR01,2024-01-05,07/01/2024,2024-01-09,221.4,11351.41,Delayed
SH007478,W01,ST18,CR02,06/01/2024,07/01/2024,"January 8, 2024",29.4,1885.19,Delayed
SH007479,W03,ST18,CR01,"January 7, 2024",09/01/2024,10/01/2024,210.3,11416.91,Lost
SH007480,W01,ST18,CR03,2024-01-08,2024-01-09,2024-01-09,16.9,1725.22,On-time
SH007481,W02,ST18,CR03,09/01/2024,11/01/2024,2024-01-11,221.4,12966.93,On-time
SH007482,W01,ST18,CR02,2024-01-10,"January 11, 2024","January 11, 2024",9.9,859.78,On-time
SH007483,W01,ST18,CR01,"January 11, 2024","January 12, 2024","January 12, 2024",21.4,1180.6,On-time
SH007484,W01,ST18,CR03,12/01/2024,13/01/2024,2024-01-13,21.7,1531.23,On-time
SH007485,W01,ST18,CR05,2024-01-13,2024-01-14,14/01/2024,16.8,1078.96,On-time
SH007486,W01,ST18,CR02,2024-01-14,2024-01-15,16/01/2024,21.9,1384.33,Delayed
SH007487,W01,ST18,CR02,2024-01-15,2024-01-16,2024-01-16,34.4,2315.85,On-time
SH007488,W01,ST18,CR01,2024-01-16,17/01/2024,2024-01-17,16.9,1285.56,On-time
SH007489,W01,ST18,CR03,"January 17, 2024",18/01/2024,"January 18, 2024",11.7,689.93,On-time
SH007490,W03,ST18,CR03,"January 18, 2024","January 20, 2024",2024-01-21,210.3,8676.35,Delayed
SH007491,W01,ST18,CR02,"January 19, 2024","January 20, 2024","January 21, 2024",18.9,1266.7,Delayed
SH007492,W03,ST18,CR05,2024-01-20,22/01/2024,22/01/2024,210.3,13048.56,On-time
SH007493,W03,ST18,CR01,"January 21, 2024",23/01/2024,23/01/2024,210.3,12163.86,On-time
SH007494,W01,ST18,CR03,22/01/2024,23/01/2024,2024-01-23,12.2,1087.59,On-time
SH007495,W01,ST18,CR04,23/01/2024,"January 24, 2024",2024-01-24,34.6,1843.01,On-time
SH007496,W01,ST18,CR02,"January 24, 2024",2024-01-25,27/01/2024,19.7,,Delayed
SH007497,W01,ST18,CR01,25/01/2024,"January 26, 2024","January 26, 2024",19.3,1974.65,Damaged
SH007498,W01,ST18,CR03,2024-01-26,"January 27, 2024",2024-01-27,26.7,1790.81,On-time
SH007499,W01,ST18,CR03,27/01/2024,28/01/2024,2024-01-28,18.8,1551.62,On-time
SH007500,W01,ST18,CR04,"January 28, 2024","January 29, 2024",2024-01-29,14.9,1158.07,On-time
SH007501,W01,ST18,CR05,"January 29, 2024",30/01/2024,2024-01-30,16.6,1548.93,On-time
SH007502,W01,ST18,CR03,"January 30, 2024",31/01/2024,04/02/2024,8.5,887.39,Delayed
SH007503,W01,ST18,CR01,"January 31, 2024",01/02/2024,01/02/2024,24.2,1782.07,On-time
SH007504,W01,ST18,CR05,2024-02-01,"February 2, 2024",02/02/2024,32.7,2174.8,On-time
SH007505,W01,ST18,CR01,"February 2, 2024","February 3, 2024",2024-02-03,19.7,881.76,On-time
SH007506,W01,ST18,CR01,03/02/2024,04/02/2024,"February 4, 2024",26.4,1737.91,On-time
SH007507,W02,ST18,CR05,04/02/2024,06/02/2024,06/02/2024,221.4,10689.27,On-time
SH007508,W02,ST18,CR05,2024-02-05,2024-02-07,"February 7, 2024",221.4,9601.29,On-time
SH007509,W01,ST18,CR05,2024-02-06,"February 7, 2024",07/02/2024,30.2,1926.53,On-time
SH007510,W01,ST18,CR05,2024-02-07,08/02/2024,"February 8, 2024",18.9,1333.69,On-time
SH007511,W01,ST18,CR05,08/02/2024,09/02/2024,09/02/2024,10.4,1035.87,On-time
SH007512,W01,ST18,CR05,2024-02-09,"February 10, 2024",2024-02-10,32.5,1418.74,On-time
SH007513,W03,ST18,CR02,2024-02-10,"February 12, 2024","February 12, 2024",210.3,9763.56,On-time
SH007514,W02,ST18,CR05,11/02/2024,13/02/2024,2024-02-13,137.6,10579.52,On-time
SH007515,W01,ST18,CR02,12/02/2024,"February 13, 2024",13/02/2024,17.7,1237.15,On-time
SH007516,W01,ST18,CR05,2024-02-13,14/02/2024,2024-02-14,16.0,1616.61,On-time
SH007517,W01,ST18,CR01,2024-02-14,2024-02-15,"February 17, 2024",25.7,1536.95,Delayed
SH007518,W01,ST18,CR02,2024-02-15,"February 16, 2024",2024-02-20,26.7,1499.81,Delayed
SH007519,W01,ST18,CR05,"February 16, 2024",2024-02-17,17/02/2024,24.1,1639.91,On-time
SH007520,W01,ST18,CR01,"February 17, 2024","February 18, 2024",2024-02-18,16.7,1463.71,On-time
SH007521,W01,ST18,CR01,"February 18, 2024",19/02/2024,"February 19, 2024",23.4,,On-time
SH007522,W01,ST18,CR04,19/02/2024,"February 20, 2024",2024-02-20,21.0,1367.77,On-time
SH007523,W01,ST18,CR04,20/02/2024,"February 21, 2024","February 23, 2024",19.6,1353.77,Delayed
SH007524,W01,ST18,CR03,"February 21, 2024",2024-02-22,"February 22, 2024",10.7,,On-time
SH007525,W01,ST18,CR05,22/02/2024,2024-02-23,"February 23, 2024",8.9,884.56,On-time
SH007526,W01,ST18,CR02,23/02/2024,2024-02-24,25/02/2024,28.0,1217.05,Delayed
SH007527,W01,ST18,CR03,2024-02-24,2024-02-25,"February 25, 2024",32.8,,On-time
SH007528,W03,ST18,CR03,25/02/2024,"February 27, 2024",27/02/2024,130.7,12634.49,On-time
SH007529,W02,ST18,CR02,"February 26, 2024",2024-02-28,"February 28, 2024",221.4,8411.1,On-time
SH007530,W01,ST18,CR02,27/02/2024,28/02/2024,2024-02-28,18.0,1238.45,On-time
SH007531,W02,ST18,CR04,"February 28, 2024",01/03/2024,2024-03-02,137.6,12804.34,Delayed
SH007532,W01,ST18,CR05,29/02/2024,01/03/2024,"March 1, 2024",28.4,1910.23,On-time
SH007533,W01,ST18,CR05,"March 1, 2024","March 2, 2024",02/03/2024,18.8,1512.66,On-time
SH007534,W01,ST18,CR02,2024-03-02,2024-03-03,03/03/2024,12.6,1314.89,On-time
SH007535,W01,ST18,CR01,03/03/2024,2024-03-04,2024-03-04,26.3,1405.38,On-time
SH007536,W01,ST18,CR04,"March 4, 2024",05/03/2024,"March 7, 2024",13.5,665.73,Delayed
SH007537,W01,ST18,CR01,"March 5, 2024",2024-03-06,"March 6, 2024",27.3,1517.27,On-time
SH007538,W01,ST18,CR01,"March 6, 2024",07/03/2024,2024-03-07,10.4,1163.98,On-time
SH007539,W01,ST18,CR01,07/03/2024,2024-03-08,"March 8, 2024",24.7,1569.31,On-time
SH007540,W01,ST18,CR02,"March 8, 2024",2024-03-09,2024-03-09,16.3,1021.64,Damaged
SH007541,W01,ST18,CR05,2024-03-09,"March 10, 2024",10/03/2024,9.8,1224.04,On-time
SH007542,W01,ST18,CR01,10/03/2024,"March 11, 2024","March 11, 2024",34.2,2230.69,On-time
SH007543,W02,ST18,CR01,2024-03-11,13/03/2024,"March 13, 2024",221.4,8120.34,On-time
SH007544,W01,ST18,CR04,"March 12, 2024",13/03/2024,13/03/2024,32.3,2000.52,On-time
SH007545,W01,ST18,CR04,13/03/2024,"March 14, 2024","March 14, 2024",26.5,1708.15,On-time
SH007546,W03,ST18,CR05,2024-03-14,16/03/2024,"March 16, 2024",210.3,10034.36,On-time
SH007547,W01,ST18,CR01,15/03/2024,16/03/2024,16/03/2024,17.1,1030.31,On-time
SH007548,W01,ST18,CR03,"March 16, 2024",2024-03-17,2024-03-17,31.4,1903.3,On-time
SH007549,W01,ST18,CR03,2024-03-17,2024-03-18,2024-03-18,22.6,1445.36,On-time
SH007550,W01,ST18,CR03,"March 18, 2024",2024-03-19,"March 19, 2024",9.6,982.11,On-time
SH007551,W01,ST18,CR03,19/03/2024,20/03/2024,20/03/2024,15.8,716.77,On-time
SH007552,W01,ST18,CR05,"March 20, 2024","March 21, 2024",2024-03-21,28.8,,On-time
SH007553,W01,ST18,CR01,"March 21, 2024",2024-03-22,2024-03-22,28.8,1645.03,On-time
SH007554,W03,ST18,CR01,2024-03-22,2024-03-24,24/03/2024,210.3,11747.19,On-time
SH007555,W01,ST18,CR05,2024-03-23,"March 24, 2024",24/03/2024,17.1,1342.64,On-time
SH007556,W01,ST18,CR01,24/03/2024,2024-03-25,2024-03-25,20.5,1360.33,On-time
SH007557,W01,ST18,CR03,"March 25, 2024","March 26, 2024",2024-03-26,14.3,1170.04,On-time
SH007558,W01,ST18,CR04,2024-03-26,2024-03-27,31/03/2024,13.7,1084.19,Delayed
SH007559,W01,ST18,CR03,2024-03-27,"March 28, 2024",2024-03-28,12.8,1088.68,On-time
SH007560,W01,ST18,CR03,"March 28, 2024","March 29, 2024","March 29, 2024",22.5,1490.1,On-time
SH007561,W01,ST18,CR05,2024-03-29,30/03/2024,30/03/2024,16.7,1015.94,On-time
SH007562,W01,ST18,CR03,2024-03-30,"March 31, 2024",2024-03-31,25.8,,On-time
SH007563,W01,ST18,CR05,2024-03-31,2024-04-01,01/04/2024,13.1,1321.68,On-time
SH007564,W01,ST18,CR01,"April 1, 2024",02/04/2024,"April 2, 2024",14.7,1004.78,On-time
SH007565,W01,ST18,CR03,02/04/2024,"April 3, 2024",2024-04-03,16.2,1029.4,On-time
SH007566,W01,ST18,CR01,"April 3, 2024",04/04/2024,2024-04-04,14.5,1742.65,On-time
SH007567,W01,ST18,CR05,04/04/2024,"April 5, 2024",2024-04-05,16.5,1634.64,On-time
SH007568,W01,ST18,CR04,05/04/2024,2024-04-06,2024-04-07,10.2,589.76,Delayed
SH007569,W01,ST18,CR04,2024-04-06,2024-04-07,07/04/2024,28.5,1607.83,On-time
SH007570,W01,ST18,CR05,07/04/2024,2024-04-08,"April 8, 2024",33.2,1990.92,On-time
SH007571,W01,ST18,CR03,"April 8, 2024",09/04/2024,13/04/2024,20.8,1690.94,Delayed
SH007572,W01,ST18,CR03,"April 9, 2024","April 10, 2024",2024-04-10,27.3,1783.01,On-time
SH007573,W01,ST18,CR03,10/04/2024,2024-04-11,"April 11, 2024",16.7,964.1,On-time
SH007574,W01,ST18,CR03,"April 11, 2024","April 12, 2024",12/04/2024,8.3,803.08,Damaged
SH007575,W01,ST18,CR05,"April 12, 2024",2024-04-13,2024-04-13,7.6,1064.53,On-time
SH007576,W01,ST18,CR02,13/04/2024,14/04/2024,2024-04-14,17.7,1252.71,On-time
SH007577,W01,ST18,CR04,14/04/2024,15/04/2024,"April 15, 2024",16.2,1332.41,On-time
SH007578,W01,ST18,CR04,15/04/2024,16/04/2024,2024-04-18,13.5,1515.93,Delayed
SH007579,W01,ST18,CR05,16/04/2024,17/04/2024,17/04/2024,17.0,1462.43,On-time
SH007580,W01,ST18,CR03,17/04/2024,18/04/2024,2024-04-18,10.6,846.74,On-time
SH007581,W01,ST18,CR05,"April 18, 2024","April 19, 2024",19/04/2024,21.9,1213.68,On-time
SH007582,W01,ST18,CR05,"April 19, 2024",20/04/2024,2024-04-20,16.0,1229.22,On-time
SH007583,W01,ST18,CR01,20/04/2024,21/04/2024,2024-04-21,13.4,1075.08,On-time
SH007584,W01,ST18,CR02,"April 21, 2024",22/04/2024,22/04/2024,30.2,1725.88,On-time
SH007585,W01,ST18,CR02,22/04/2024,"April 23, 2024",23/04/2024,34.1,2065.85,On-time
SH007586,W01,ST18,CR03,"April 23, 2024",2024-04-24,2024-04-24,33.6,1672.86,On-time
SH007587,W01,ST18,CR02,"April 24, 2024",2024-04-25,25/04/2024,21.7,1476.2,On-time
SH007588,W01,ST18,CR01,"April 25, 2024","April 26, 2024","April 26, 2024",31.1,1604.99,On-time
SH007589,W01,ST18,CR01,"April 26, 2024","April 27, 2024",2024-04-27,10.9,718.18,On-time
SH007590,W03,ST18,CR04,27/04/2024,"April 29, 2024",03/05/2024,210.3,9726.03,Delayed
SH007591,W01,ST18,CR03,28/04/2024,"April 29, 2024","May 1, 2024",30.4,2094.94,Delayed
SH007592,W01,ST18,CR01,"April 29, 2024",2024-04-30,2024-04-30,10.4,937.83,On-time
SH007593,W01,ST99,CR01,2024-04-30,"May 1, 2024","May 1, 2024",21.3,1149.59,On-time
SH007594,W01,ST18,CR02,2024-05-01,2024-05-02,2024-05-02,27.5,1650.56,On-time
SH007595,W01,ST18,CR01,2024-05-02,2024-05-03,03/05/2024,8.8,667.52,On-time
SH007596,W02,ST18,CR04,"May 3, 2024",05/05/2024,05/05/2024,221.4,7752.38,On-time
SH007597,W01,ST18,CR05,2024-05-04,2024-05-05,05/05/2024,24.5,1804.94,On-time
SH007598,W01,ST18,CR02,05/05/2024,06/05/2024,06/05/2024,33.5,1795.73,On-time
SH007599,W01,ST18,CR05,"May 6, 2024",2024-05-07,"May 7, 2024",14.6,1172.27,On-time
SH007600,W01,ST18,CR02,"May 7, 2024",2024-05-08,08/05/2024,18.5,1700.31,On-time
SH007601,W01,ST18,CR04,2024-05-08,09/05/2024,09/05/2024,15.3,1261.41,On-time
SH007602,W01,ST18,CR01,09/05/2024,"May 10, 2024",10/05/2024,29.3,1710.97,On-time
SH007603,W01,ST18,CR02,"May 10, 2024",2024-05-11,2024-05-11,14.2,1196.18,On-time
SH007604,W01,ST18,CR02,"May 11, 2024",2024-05-12,12/05/2024,31.0,2210.04,On-time
SH007605,W01,ST18,CR05,12/05/2024,2024-05-13,2024-05-13,14.3,1256.04,On-time
SH007606,W01,ST18,CR02,13/05/2024,14/05/2024,"May 14, 2024",13.5,1019.06,On-time
SH007607,W01,ST18,CR02,14/05/2024,15/05/2024,2024-05-16,14.4,943.47,Delayed
SH007608,W01,ST18,CR05,"May 15, 2024","May 16, 2024",2024-05-16,18.2,1450.85,On-time
SH007609,W03,ST18,CR01,2024-05-16,18/05/2024,2024-05-18,130.7,7485.21,On-time
SH007610,W01,ST18,CR03,17/05/2024,"May 18, 2024",18/05/2024,30.4,1492.9,On-time
SH007611,W01,ST18,CR02,18/05/2024,"May 19, 2024",2024-05-19,14.3,1107.79,On-time
SH007612,W01,ST18,CR01,2024-05-19,"May 20, 2024","May 20, 2024",20.8,1878.25,On-time
SH007613,W01,ST18,CR04,"May 20, 2024","May 21, 2024",2024-05-21,16.6,984.01,On-time
SH007614,W01,ST18,CR02,2024-05-21,22/05/2024,25/05/2024,29.8,1851.87,Delayed
SH007615,W01,ST18,CR02,22/05/2024,23/05/2024,23/05/2024,12.2,1540.57,On-time
SH007616,W01,ST18,CR01,2024-05-23,24/05/2024,2024-05-24,9.7,1277.73,On-time
SH007617,W01,ST18,CR04,2024-05-24,"May 25, 2024",2024-05-25,14.7,958.0,On-time
SH007618,W01,ST18,CR03,25/05/2024,"May 26, 2024",26/05/2024,11.1,902.4,Damaged
SH007619,W01,ST18,CR03,2024-05-26,"May 27, 2024",2024-05-27,10.9,895.18,On-time
SH007620,W01,ST18,CR05,2024-05-27,"May 28, 2024",28/05/2024,10.8,1369.12,On-time
SH007621,W01,ST18,CR04,28/05/2024,"May 29, 2024","June 2, 2024",14.9,1127.84,Delayed
SH007622,W01,ST18,CR02,"May 29, 2024","May 30, 2024","May 30, 2024",34.4,1952.11,On-time
SH007623,W01,ST18,CR03,2024-05-30,"May 31, 2024",31/05/2024,27.6,1749.97,On-time
SH007624,W01,ST18,CR04,2024-05-31,01/06/2024,"June 5, 2024",32.4,1735.09,Delayed
SH007625,W01,ST18,CR05,"June 1, 2024","June 2, 2024",05/06/2024,14.6,1248.95,Delayed
SH007626,W01,ST18,CR02,"June 2, 2024",03/06/2024,06/06/2024,32.2,,Delayed
SH007627,W01,ST18,CR01,03/06/2024,2024-06-04,"June 4, 2024",32.8,1940.68,On-time
SH007628,W01,ST18,CR01,2024-06-04,05/06/2024,"June 5, 2024",27.6,1488.71,On-time
SH007629,W01,ST18,CR03,05/06/2024,"June 6, 2024",2024-06-06,10.0,,On-time
SH007630,W01,ST18,CR05,"June 6, 2024","June 7, 2024","June 7, 2024",33.4,,On-time
SH007631,W01,ST18,CR02,07/06/2024,2024-06-08,11/06/2024,12.0,761.56,Delayed
SH007632,W01,ST18,CR04,2024-06-08,"June 9, 2024","June 9, 2024",26.3,1716.17,On-time
SH007633,W01,ST18,CR01,2024-06-09,"June 10, 2024",10/06/2024,5.0,935.6,On-time
SH007634,W01,ST18,CR02,2024-06-10,"June 11, 2024","June 11, 2024",5.1,673.09,On-time
SH007635,W01,ST18,CR03,"June 11, 2024",12/06/2024,"June 12, 2024",20.4,1780.5,On-time
SH007636,W01,ST18,CR01,12/06/2024,13/06/2024,"June 13, 2024",31.5,,On-time
SH007637,W01,ST18,CR05,"June 13, 2024",2024-06-14,14/06/2024,21.2,1726.13,On-time
SH007638,W01,ST18,CR04,2024-06-14,"June 15, 2024",2024-06-17,8.3,888.04,Delayed
SH007639,W01,ST18,CR05,2024-06-15,16/06/2024,"June 16, 2024",25.7,1672.28,On-time
SH007640,W01,ST18,CR05,2024-06-16,2024-06-17,"June 21, 2024",26.2,1714.02,Delayed
SH007641,W01,ST18,CR04,17/06/2024,18/06/2024,2024-06-18,12.2,892.27,On-time
SH007642,W01,ST18,CR01,18/06/2024,"June 19, 2024","June 19, 2024",31.8,2047.91,On-time
SH007643,W01,ST18,CR03,"June 19, 2024",20/06/2024,2024-06-20,31.5,2016.82,On-time
SH007644,W01,ST18,CR03,2024-06-20,21/06/2024,23/06/2024,13.1,917.96,Delayed
SH007645,W01,ST18,CR05,"June 21, 2024","June 22, 2024",22/06/2024,26.8,1601.94,On-time
SH007646,W03,ST18,CR02,"June 22, 2024","June 24, 2024",27/06/2024,210.3,11108.92,Delayed
SH007647,W01,ST18,CR03,2024-06-23,24/06/2024,24/06/2024,34.0,2353.34,On-time
SH007648,W01,ST18,CR02,24/06/2024,25/06/2024,29/06/2024,20.3,1349.88,Delayed
SH007649,W01,ST18,CR05,"June 25, 2024",2024-06-26,2024-06-29,15.9,1121.59,Delayed
SH007650,W01,ST18,CR02,"June 26, 2024",2024-06-27,2024-06-27,33.0,1981.89,On-time
SH007651,W01,ST18,CR02,2024-06-27,28/06/2024,"June 28, 2024",30.5,1454.18,On-time
SH007652,W01,ST18,CR02,28/06/2024,29/06/2024,29/06/2024,13.2,1018.47,On-time
SH007653,W01,ST18,CR04,"June 29, 2024",30/06/2024,01/07/2024,14.8,815.06,Lost
SH007654,W01,ST18,CR05,2024-06-30,"July 1, 2024",01/07/2024,24.8,1439.8,On-time
SH007655,W01,ST18,CR03,"July 1, 2024",02/07/2024,2024-07-02,23.3,1359.79,On-time
SH007656,W01,ST18,CR03,2024-07-02,"July 3, 2024",2024-07-04,25.0,1872.83,Delayed
SH007657,W01,ST18,CR04,"July 3, 2024",04/07/2024,08/07/2024,24.0,1537.27,Delayed
SH007658,W01,ST18,CR05,"July 4, 2024",05/07/2024,"July 5, 2024",12.4,1006.95,On-time
SH007659,W01,ST18,CR01,05/07/2024,"July 6, 2024",06/07/2024,31.0,1531.94,On-time
SH007660,W01,ST18,CR01,2024-07-06,"July 7, 2024","July 7, 2024",16.9,1209.32,On-time
SH007661,W01,ST18,CR04,"July 7, 2024",2024-07-08,08/07/2024,22.0,1619.06,On-time
SH007662,W01,ST18,CR03,08/07/2024,09/07/2024,09/07/2024,24.6,1668.82,Damaged
SH007663,W03,ST99,CR05,2024-07-09,"July 11, 2024",2024-07-11,210.3,10523.86,On-time
SH007664,W01,ST18,CR03,10/07/2024,"July 11, 2024","July 11, 2024",34.5,2320.25,On-time
SH007665,W01,ST18,CR05,11/07/2024,12/07/2024,12/07/2024,24.6,1232.58,On-time
SH007666,W01,ST18,CR02,"July 12, 2024","July 13, 2024",13/07/2024,33.7,2199.58,On-time
SH007667,W03,ST18,CR02,2024-07-13,2024-07-15,2024-07-17,210.3,9752.63,Delayed
SH007668,W02,ST18,CR02,"July 14, 2024",2024-07-16,"July 20, 2024",221.4,10549.01,Delayed
SH007669,W01,ST18,CR04,"July 15, 2024",16/07/2024,16/07/2024,11.1,1018.44,On-time
SH007670,W03,ST18,CR02,2024-07-16,"July 18, 2024","July 19, 2024",130.7,11787.91,Delayed
SH007671,W01,ST18,CR03,"July 17, 2024",2024-07-18,2024-07-18,11.3,1242.31,On-time
SH007672,W03,ST18,CR02,"July 18, 2024",2024-07-20,2024-07-24,210.3,9447.37,Delayed
SH007673,W01,ST18,CR02,19/07/2024,"July 20, 2024",2024-07-20,10.6,993.07,On-time
SH007674,W01,ST18,CR01,20/07/2024,21/07/2024,"July 21, 2024",13.8,778.5,On-time
SH007675,W01,ST18,CR02,21/07/2024,"July 22, 2024",22/07/2024,12.1,1037.57,On-time
SH007676,W01,ST18,CR03,2024-07-22,"July 23, 2024",2024-07-27,28.0,,Delayed
SH007677,W01,ST18,CR02,2024-07-23,2024-07-24,2024-07-24,23.4,1727.67,On-time
SH007678,W01,ST18,CR04,"July 24, 2024",2024-07-25,25/07/2024,10.6,704.42,On-time
SH007679,W01,ST18,CR05,25/07/2024,26/07/2024,2024-07-26,11.7,872.97,On-time
SH007680,W01,ST18,CR03,"July 26, 2024",2024-07-27,"July 30, 2024",30.7,1828.51,Delayed
SH007681,W01,ST18,CR01,"July 27, 2024",28/07/2024,"July 28, 2024",8.7,,On-time
SH007682,W01,ST18,CR03,2024-07-28,"July 29, 2024",29/07/2024,9.3,932.47,On-time
SH007683,W01,ST18,CR05,2024-07-29,30/07/2024,"July 30, 2024",25.3,1902.61,On-time
SH007684,W01,ST18,CR02,30/07/2024,"July 31, 2024",31/07/2024,14.9,1386.64,On-time
SH007685,W01,ST18,CR01,"July 31, 2024",01/08/2024,"August 5, 2024",22.7,1628.84,Damaged
SH007686,W02,ST18,CR04,"August 1, 2024",03/08/2024,2024-08-03,221.4,9289.64,On-time
SH007687,W01,ST18,CR02,02/08/2024,"August 3, 2024",03/08/2024,10.7,875.86,On-time
SH007688,W01,ST18,CR04,"August 3, 2024",2024-08-04,"August 6, 2024",19.0,1383.15,Delayed
SH007689,W02,ST18,CR05,04/08/2024,06/08/2024,2024-08-08,221.4,10776.77,Delayed
SH007690,W01,ST18,CR05,"August 5, 2024",2024-08-06,"August 6, 2024",8.7,718.85,On-time
SH007691,W01,ST18,CR05,"August 6, 2024",2024-08-07,07/08/2024,9.6,821.38,On-time
SH007692,W03,ST18,CR03,07/08/2024,09/08/2024,"August 13, 2024",130.7,7139.71,Delayed
SH007693,W01,ST18,CR03,"August 8, 2024",2024-08-09,09/08/2024,9.6,868.96,On-time
SH007694,W01,ST18,CR03,2024-08-09,"August 10, 2024",2024-08-10,25.0,1710.65,On-time
SH007695,W01,ST18,CR03,"August 10, 2024",2024-08-11,14/08/2024,29.2,1726.21,Delayed
SH007696,W01,ST18,CR02,"August 11, 2024",2024-08-12,2024-08-15,21.4,1410.97,Delayed
SH007697,W01,ST18,CR01,"August 12, 2024",2024-08-13,16/08/2024,19.3,1847.85,Delayed
SH007698,W03,ST18,CR01,13/08/2024,15/08/2024,2024-08-15,210.3,8397.01,On-time
SH007699,W01,ST18,CR02,14/08/2024,15/08/2024,2024-08-15,11.6,824.39,On-time
SH007700,W01,ST18,CR01,2024-08-15,16/08/2024,16/08/2024,21.0,1493.62,On-time
SH007701,W01,ST18,CR02,2024-08-16,17/08/2024,2024-08-17,18.1,1770.57,On-time
SH007702,W01,ST18,CR01,17/08/2024,2024-08-18,"August 18, 2024",9.3,834.32,On-time
SH007703,W01,ST18,CR05,18/08/2024,2024-08-19,2024-08-19,9.2,810.35,On-time
SH007704,W03,ST18,CR03,"August 19, 2024",21/08/2024,21/08/2024,130.7,13463.82,On-time
SH007705,W01,ST18,CR04,20/08/2024,2024-08-21,21/08/2024,17.9,,On-time
SH007706,W01,ST18,CR02,"August 21, 2024","August 22, 2024",2024-08-22,17.0,1017.15,On-time
SH007707,W01,ST18,CR01,22/08/2024,2024-08-23,2024-08-26,8.9,869.52,Delayed
SH007708,W01,ST18,CR01,"August 23, 2024",24/08/2024,2024-08-24,8.5,961.16,On-time
SH007709,W01,ST18,CR03,24/08/2024,25/08/2024,2024-08-25,27.2,1764.15,On-time
SH007710,W01,ST18,CR05,2024-08-25,26/08/2024,"August 26, 2024",6.5,820.41,On-time
SH007711,W01,ST18,CR02,"August 26, 2024",27/08/2024,"August 29, 2024",21.1,944.57,Delayed
SH007712,W01,ST18,CR05,27/08/2024,2024-08-28,28/08/2024,32.6,2112.1,On-time
SH007713,W01,ST18,CR02,28/08/2024,2024-08-29,"August 29, 2024",28.3,1641.48,On-time
SH007714,W01,ST18,CR02,"August 29, 2024",30/08/2024,30/08/2024,27.3,1421.98,On-time
SH007715,W03,ST18,CR01,30/08/2024,2024-09-01,01/09/2024,210.3,10141.22,On-time
SH007716,W01,ST18,CR05,31/08/2024,01/09/2024,2024-09-01,14.1,735.99,On-time
SH007717,W01,ST18,CR04,2024-09-01,2024-09-02,02/09/2024,20.1,1404.48,On-time
SH007718,W01,ST18,CR04,"September 2, 2024","September 3, 2024",04/09/2024,27.3,1400.84,Delayed
SH007719,W01,ST18,CR01,2024-09-03,04/09/2024,2024-09-04,14.5,1089.59,On-time
SH007720,W01,ST18,CR02,2024-09-04,"September 5, 2024","September 6, 2024",24.6,1281.4,Delayed
SH007721,W01,ST18,CR04,"September 5, 2024",06/09/2024,06/09/2024,20.4,1469.97,On-time
SH007722,W01,ST18,CR04,2024-09-06,2024-09-07,2024-09-08,26.6,1814.28,Delayed
SH007723,W01,ST18,CR05,2024-09-07,2024-09-08,11/09/2024,31.6,2077.86,Delayed
SH007724,W01,ST18,CR05,"September 8, 2024",09/09/2024,2024-09-09,24.0,1483.78,On-time
SH007725,W01,ST18,CR03,09/09/2024,"September 10, 2024",2024-09-13,18.1,1819.35,Delayed
SH007726,W01,ST18,CR02,"September 10, 2024","September 11, 2024","September 14, 2024",11.2,826.72,Delayed
SH007727,W01,ST18,CR02,"September 11, 2024",2024-09-12,14/09/2024,15.7,1560.63,Delayed
SH007728,W01,ST18,CR05,12/09/2024,"September 13, 2024","September 17, 2024",16.7,1234.73,Delayed
SH007729,W01,ST18,CR01,2024-09-13,2024-09-14,2024-09-14,27.6,1721.41,On-time
SH007730,W01,ST18,CR03,2024-09-14,15/09/2024,2024-09-16,8.6,1232.33,Delayed
SH007731,W01,ST18,CR02,"September 15, 2024","September 16, 2024","September 16, 2024",25.7,1690.28,On-time
SH007732,W01,ST18,CR01,"September 16, 2024","September 17, 2024",2024-09-17,23.4,1471.77,On-time
SH007733,W01,ST18,CR04,2024-09-17,18/09/2024,"September 18, 2024",12.1,1052.15,On-time
SH007734,W01,ST18,CR03,18/09/2024,2024-09-19,"September 19, 2024",16.3,1220.65,On-time
SH007735,W01,ST18,CR01,2024-09-19,20/09/2024,20/09/2024,26.9,1575.11,On-time
SH007736,W01,ST18,CR03,20/09/2024,21/09/2024,2024-09-21,14.9,1313.28,On-time
SH007737,W03,ST18,CR04,2024-09-21,"September 23, 2024",25/09/2024,210.3,8563.33,Delayed
SH007738,W01,ST18,CR03,22/09/2024,2024-09-23,23/09/2024,25.6,1112.38,On-time
SH007739,W01,ST18,CR03,"September 23, 2024",2024-09-24,2024-09-24,23.5,1589.26,On-time
SH007740,W01,ST18,CR05,24/09/2024,"September 25, 2024",2024-09-29,18.5,1132.12,Delayed
SH007741,W01,ST18,CR05,2024-09-25,"September 26, 2024",26/09/2024,30.3,1333.22,On-time
SH007742,W01,ST18,CR04,2024-09-26,27/09/2024,"September 28, 2024",27.0,1403.44,Delayed
SH007743,W01,ST18,CR01,"September 27, 2024",2024-09-28,"September 28, 2024",28.1,1882.75,On-time
SH007744,W01,ST18,CR03,28/09/2024,"September 29, 2024",29/09/2024,29.2,1481.27,On-time
SH007745,W01,ST18,CR01,"September 29, 2024",30/09/2024,30/09/2024,28.6,1805.91,On-time
SH007746,W01,ST18,CR01,30/09/2024,"October 1, 2024",01/10/2024,24.9,1999.11,On-time
SH007747,W01,ST18,CR03,"October 1, 2024","October 2, 2024",2024-10-02,17.4,1225.35,On-time
SH007748,W01,ST18,CR02,"October 2, 2024",03/10/2024,05/10/2024,13.1,937.14,Delayed
SH007749,W01,ST18,CR01,"October 3, 2024",04/10/2024,07/10/2024,23.5,1776.57,Delayed
SH007750,W01,ST18,CR02,2024-10-04,2024-10-05,05/10/2024,11.4,1038.99,On-time
SH007751,W03,ST18,CR01,05/10/2024,2024-10-07,"October 10, 2024",210.3,8776.2,Delayed
SH007752,W01,ST18,CR05,06/10/2024,"October 7, 2024",07/10/2024,33.5,1736.19,On-time
SH007753,W01,ST18,CR01,"October 7, 2024",08/10/2024,08/10/2024,14.1,1032.97,Lost
SH007754,W03,ST18,CR04,08/10/2024,10/10/2024,2024-10-13,210.3,9520.54,Delayed
SH007755,W01,ST18,CR01,09/10/2024,2024-10-10,"October 10, 2024",28.9,1692.44,On-time
SH007756,W01,ST18,CR02,10/10/2024,11/10/2024,11/10/2024,13.4,1006.15,On-time
SH007757,W01,ST18,CR02,2024-10-11,"October 12, 2024",2024-10-12,28.8,1958.93,On-time
SH007758,W01,ST18,CR03,12/10/2024,"October 13, 2024",2024-10-13,14.2,1154.51,On-time
SH007759,W01,ST18,CR04,"October 13, 2024","October 14, 2024","October 14, 2024",23.1,,On-time
SH007760,W01,ST18,CR05,"October 14, 2024",15/10/2024,2024-10-15,12.1,1028.36,On-time
SH007761,W01,ST18,CR01,15/10/2024,"October 16, 2024","October 16, 2024",25.9,1612.11,On-time
SH007762,W01,ST18,CR03,"October 16, 2024",17/10/2024,17/10/2024,28.2,1331.75,On-time
SH007763,W01,ST18,CR03,"October 17, 2024","October 18, 2024","October 18, 2024",16.5,1269.6,On-time
SH007764,W01,ST18,CR05,2024-10-18,19/10/2024,19/10/2024,21.3,2237.78,On-time
SH007765,W01,ST18,CR04,19/10/2024,20/10/2024,20/10/2024,26.6,1499.67,On-time
SH007766,W01,ST18,CR04,"October 20, 2024",2024-10-21,21/10/2024,34.0,1654.54,On-time
SH007767,W01,ST18,CR02,21/10/2024,2024-10-22,2024-10-23,25.5,1407.59,Delayed
SH007768,W01,ST18,CR03,2024-10-22,"October 23, 2024",23/10/2024,22.0,1394.93,On-time
SH007769,W01,ST18,CR02,23/10/2024,24/10/2024,24/10/2024,18.9,1242.57,On-time
SH007770,W01,ST18,CR03,2024-10-24,2024-10-25,"October 25, 2024",9.7,908.55,On-time
SH007771,W01,ST18,CR03,2024-10-25,2024-10-26,2024-10-26,33.8,1764.55,On-time
SH007772,W03,ST18,CR02,26/10/2024,28/10/2024,2024-11-01,210.3,11121.01,Delayed
SH007773,W01,ST18,CR01,27/10/2024,2024-10-28,2024-10-28,24.9,1597.47,On-time
SH007774,W01,ST18,CR03,28/10/2024,29/10/2024,"October 31, 2024",28.2,,Delayed
SH007775,W01,ST18,CR01,"October 29, 2024","October 30, 2024",30/10/2024,28.1,1487.34,On-time
SH007776,W03,ST18,CR04,30/10/2024,01/11/2024,2024-11-02,210.3,10066.65,Delayed
SH007777,W01,ST18,CR05,31/10/2024,2024-11-01,2024-11-01,8.2,621.2,On-time
SH007778,W01,ST18,CR05,"November 1, 2024",2024-11-02,02/11/2024,19.7,1318.5,On-time
SH007779,W01,ST18,CR03,"November 2, 2024",2024-11-03,"November 3, 2024",6.8,1064.76,On-time
SH007780,W01,ST18,CR05,03/11/2024,"November 4, 2024",2024-11-04,12.9,972.39,On-time
SH007781,W01,ST18,CR03,"November 4, 2024","November 5, 2024",2024-11-05,19.8,1278.55,On-time
SH007782,W01,ST18,CR04,05/11/2024,"November 6, 2024",2024-11-06,17.7,997.25,On-time
SH007783,W01,ST18,CR01,06/11/2024,2024-11-07,"November 7, 2024",14.4,1195.6,On-time
SH007784,W01,ST18,CR05,2024-11-07,08/11/2024,08/11/2024,21.6,1276.37,On-time
SH007785,W01,ST18,CR05,"November 8, 2024",09/11/2024,2024-11-09,22.4,1139.68,On-time
SH007786,W01,ST18,CR02,09/11/2024,"November 10, 2024","November 12, 2024",31.3,2083.55,Delayed
SH007787,W01,ST18,CR02,2024-11-10,2024-11-11,2024-11-11,32.4,1877.45,On-time
SH007788,W01,ST18,CR05,11/11/2024,2024-11-12,"November 12, 2024",11.6,961.1,On-time
SH007789,W01,ST18,CR01,12/11/2024,13/11/2024,2024-11-13,30.0,1657.29,On-time
SH007790,W01,ST18,CR01,"November 13, 2024",14/11/2024,2024-11-14,31.0,2111.62,On-time
SH007791,W01,ST18,CR04,14/11/2024,2024-11-15,15/11/2024,9.1,605.73,On-time
SH007792,W01,ST18,CR05,"November 15, 2024",2024-11-16,"November 16, 2024",21.9,1561.95,On-time
SH007793,W01,ST18,CR05,"November 16, 2024",17/11/2024,2024-11-17,32.4,2352.23,On-time
SH007794,W01,ST18,CR05,17/11/2024,18/11/2024,2024-11-18,25.5,1342.28,On-time
SH007795,W01,ST18,CR01,2024-11-18,"November 19, 2024",2024-11-19,18.4,1181.18,On-time
SH007796,W01,ST18,CR03,2024-11-19,20/11/2024,2024-11-20,19.3,1407.28,On-time
SH007797,W01,ST18,CR05,2024-11-20,21/11/2024,21/11/2024,30.5,1790.52,On-time
SH007798,W02,ST18,CR02,"November 21, 2024","November 23, 2024",2024-11-23,221.4,12038.48,On-time
SH007799,W01,ST18,CR01,2024-11-22,"November 23, 2024","November 23, 2024",13.8,1095.81,On-time
SH007800,W01,ST18,CR02,2024-11-23,2024-11-24,24/11/2024,11.8,790.98,On-time
SH007801,W01,ST18,CR05,24/11/2024,"November 25, 2024",2024-11-25,7.5,,On-time
SH007802,W02,ST18,CR02,2024-11-25,"November 27, 2024",2024-11-27,221.4,9146.3,On-time
SH007803,W01,ST18,CR01,"November 26, 2024",27/11/2024,27/11/2024,23.4,1474.71,On-time
SH007804,W01,ST18,CR02,"November 27, 2024",28/11/2024,2024-11-28,19.8,1401.77,On-time
SH007805,W01,ST18,CR03,28/11/2024,29/11/2024,2024-11-29,8.3,758.23,On-time
SH007806,W01,ST18,CR05,29/11/2024,2024-11-30,2024-11-30,21.5,1913.39,On-time
SH007807,W01,ST18,CR05,30/11/2024,2024-12-01,"December 1, 2024",26.6,1849.47,On-time
SH007808,W03,ST18,CR05,2024-12-01,2024-12-03,2024-12-03,130.7,8180.39,On-time
SH007809,W01,ST18,CR02,2024-12-02,"December 3, 2024","December 3, 2024",11.2,797.28,On-time
SH007810,W01,ST18,CR01,03/12/2024,2024-12-04,"December 4, 2024",13.0,922.5,On-time
SH007811,W01,ST18,CR01,"December 4, 2024",2024-12-05,2024-12-05,28.5,1587.82,On-time
SH007812,W01,ST18,CR05,"December 5, 2024",06/12/2024,06/12/2024,30.4,1716.76,On-time
SH007813,W01,ST18,CR04,"December 6, 2024",07/12/2024,2024-12-09,22.7,1466.26,Delayed
SH007814,W01,ST18,CR05,2024-12-07,08/12/2024,"December 8, 2024",25.5,1606.08,On-time
SH007815,W01,ST18,CR01,2024-12-08,"December 9, 2024","December 9, 2024",22.1,1263.32,On-time
SH007816,W01,ST18,CR02,2024-12-09,10/12/2024,2024-12-10,22.8,1284.98,On-time
SH007817,W03,ST18,CR03,2024-12-10,"December 12, 2024","December 12, 2024",210.3,8736.03,On-time
SH007818,W01,ST18,CR04,"December 11, 2024","December 12, 2024",13/12/2024,20.5,1854.04,Delayed
SH007819,W01,ST18,CR01,"December 12, 2024","December 13, 2024",13/12/2024,10.9,,On-time
SH007820,W01,ST18,CR04,13/12/2024,14/12/2024,14/12/2024,10.3,953.42,On-time
SH007821,W01,ST18,CR03,2024-12-14,2024-12-15,2024-12-15,9.5,830.35,On-time
SH007822,W01,ST18,CR01,"December 15, 2024","December 16, 2024",16/12/2024,13.3,740.65,On-time
SH007823,W01,ST18,CR03,"December 16, 2024",2024-12-17,2024-12-17,16.7,1323.07,On-time
SH007824,W01,ST18,CR04,"December 17, 2024","December 18, 2024",18/12/2024,8.3,583.89,On-time
SH007825,W01,ST18,CR02,"December 18, 2024",2024-12-19,20/12/2024,8.3,584.82,Delayed
SH007826,W01,ST18,CR03,2024-12-19,"December 20, 2024","December 20, 2024",31.0,1757.46,On-time
SH007827,W01,ST18,CR02,"December 20, 2024",21/12/2024,"December 21, 2024",34.3,1844.27,On-time
SH007828,W01,ST18,CR01,2024-12-21,2024-12-22,"December 22, 2024",32.2,1811.77,On-time
SH007829,W01,ST18,CR02,22/12/2024,23/12/2024,"December 23, 2024",23.3,1744.38,On-time
SH007830,W01,ST18,CR01,2024-12-23,"December 24, 2024",24/12/2024,17.7,1156.35,On-time
SH007831,W01,ST18,CR04,2024-12-24,25/12/2024,"December 25, 2024",25.7,1393.28,On-time
SH007832,W01,ST18,CR02,2024-12-25,"December 26, 2024","December 26, 2024",17.8,1231.96,On-time
SH007833,W01,ST18,CR03,"December 26, 2024",27/12/2024,2024-12-27,20.6,1591.11,On-time
SH007834,W01,ST18,CR03,27/12/2024,2024-12-28,2024-12-29,32.3,2187.04,Delayed
SH007835,W01,ST18,CR05,28/12/2024,"December 29, 2024",2024-12-29,21.9,1394.29,On-time
SH007836,W01,ST18,CR02,"December 29, 2024",2024-12-30,"December 30, 2024",16.4,1980.13,On-time
SH007837,W02,ST18,CR01,"December 30, 2024",2025-01-01,"January 1, 2025",221.4,8346.5,On-time
SH007838,W01,ST18,CR02,"December 31, 2024","January 1, 2025","January 1, 2025",25.6,1655.62,On-time
SH007839,W01,ST18,CR02,"January 1, 2025",2025-01-02,2025-01-03,10.5,896.33,Delayed
SH007840,W01,ST18,CR01,02/01/2025,03/01/2025,2025-01-03,19.9,1432.64,On-time
SH007841,W01,ST18,CR04,"January 3, 2025","January 4, 2025",04/01/2025,26.3,1268.54,On-time
SH007842,W01,ST18,CR01,2025-01-04,"January 5, 2025",05/01/2025,15.2,1309.75,On-time
SH007843,W01,ST18,CR03,2025-01-05,06/01/2025,"January 6, 2025",31.0,1578.79,On-time
SH007844,W01,ST18,CR05,06/01/2025,2025-01-07,"January 7, 2025",32.4,1884.06,On-time
SH007845,W01,ST18,CR01,2025-01-07,"January 8, 2025","January 10, 2025",30.3,2011.73,Delayed
SH007846,W01,ST18,CR02,2025-01-08,"January 9, 2025",09/01/2025,23.2,1275.94,On-time
SH007847,W01,ST18,CR01,09/01/2025,2025-01-10,13/01/2025,18.6,1286.39,Delayed
SH007848,W01,ST18,CR01,2025-01-10,2025-01-11,"January 11, 2025",27.5,1357.67,On-time
SH007849,W01,ST99,CR02,"January 11, 2025",2025-01-12,"January 12, 2025",23.8,1728.04,On-time
SH007850,W01,ST18,CR01,"January 12, 2025",13/01/2025,2025-01-13,17.9,1081.74,On-time
SH007851,W01,ST18,CR04,"January 13, 2025","January 14, 2025","January 14, 2025",10.7,1048.26,On-time
SH007852,W01,ST18,CR03,2025-01-14,15/01/2025,15/01/2025,8.4,662.93,On-time
SH007853,W01,ST18,CR03,"January 15, 2025",2025-01-16,16/01/2025,22.0,1412.1,On-time
SH007854,W01,ST18,CR05,16/01/2025,"January 17, 2025","January 17, 2025",14.6,1206.42,On-time
SH007855,W01,ST18,CR04,2025-01-17,"January 18, 2025",18/01/2025,19.2,1856.64,On-time
SH007856,W01,ST18,CR02,"January 18, 2025",2025-01-19,19/01/2025,11.2,867.43,On-time
SH007857,W01,ST18,CR02,19/01/2025,"January 20, 2025",20/01/2025,26.4,1799.68,On-time
SH007858,W02,ST18,CR04,"January 20, 2025",2025-01-22,"January 25, 2025",221.4,10815.99,Delayed
SH007859,W01,ST18,CR02,2025-01-21,2025-01-22,"January 22, 2025",31.5,1910.08,On-time
SH007860,W01,ST18,CR03,22/01/2025,23/01/2025,23/01/2025,32.4,2107.71,On-time
SH007861,W01,ST18,CR02,2025-01-23,24/01/2025,26/01/2025,12.0,1000.73,Delayed
SH007862,W01,ST18,CR04,24/01/2025,2025-01-25,"January 25, 2025",29.8,1442.1,On-time
SH007863,W01,ST18,CR02,25/01/2025,26/01/2025,"January 26, 2025",9.8,738.62,On-time
SH007864,W01,ST18,CR04,26/01/2025,"January 27, 2025","January 27, 2025",24.4,1435.36,On-time
SH007865,W01,ST18,CR03,27/01/2025,"January 28, 2025","January 28, 2025",17.6,936.51,On-time
SH007866,W01,ST18,CR01,28/01/2025,29/01/2025,29/01/2025,20.7,,On-time
SH007867,W01,ST18,CR01,"January 29, 2025",2025-01-30,"February 3, 2025",18.2,1331.06,Delayed
SH007868,W01,ST18,CR02,30/01/2025,31/01/2025,31/01/2025,12.4,1018.42,On-time
SH007869,W01,ST18,CR03,"January 31, 2025",2025-02-01,01/02/2025,19.0,,On-time
SH007870,W01,ST18,CR04,01/02/2025,"February 2, 2025",2025-02-02,32.8,1843.68,On-time
SH007871,W01,ST18,CR01,02/02/2025,03/02/2025,03/02/2025,15.5,1094.33,On-time
SH007872,W01,ST18,CR04,2025-02-03,04/02/2025,"February 6, 2025",34.2,2004.67,Delayed
SH007873,W02,ST18,CR03,"February 4, 2025","February 6, 2025",06/02/2025,221.4,10904.5,On-time
SH007874,W01,ST18,CR02,05/02/2025,2025-02-06,2025-02-06,11.5,1044.52,On-time
SH007875,W01,ST18,CR02,2025-02-06,07/02/2025,"February 7, 2025",9.3,592.49,On-time
SH007876,W01,ST18,CR05,2025-02-07,08/02/2025,"February 10, 2025",9.2,792.7,Delayed
SH007877,W01,ST18,CR01,2025-02-08,"February 9, 2025",09/02/2025,31.1,1608.74,On-time
SH007878,W01,ST18,CR02,2025-02-09,10/02/2025,10/02/2025,22.7,1491.41,On-time
SH007879,W01,ST18,CR05,2025-02-10,11/02/2025,2025-02-15,22.9,1720.29,Delayed
SH007880,W01,ST18,CR02,"February 11, 2025",2025-02-12,12/02/2025,9.8,793.54,On-time
SH007881,W01,ST18,CR01,12/02/2025,13/02/2025,2025-02-13,11.6,1205.42,On-time
SH007882,W01,ST18,CR03,13/02/2025,"February 14, 2025",2025-02-14,8.3,1018.64,On-time
SH007883,W01,ST18,CR01,2025-02-14,2025-02-15,15/02/2025,23.9,1260.12,On-time
SH007884,W01,ST18,CR03,"February 15, 2025","February 16, 2025","February 16, 2025",25.8,1918.82,On-time
SH007885,W01,ST18,CR05,16/02/2025,2025-02-17,"February 17, 2025",14.7,820.36,On-time
SH007886,W01,ST18,CR01,2025-02-17,18/02/2025,18/02/2025,14.0,986.26,On-time
SH007887,W01,ST18,CR02,"February 18, 2025","February 19, 2025","February 19, 2025",9.6,1050.21,On-time
SH007888,W01,ST18,CR05,2025-02-19,20/02/2025,"February 20, 2025",25.1,1419.54,On-time
SH007889,W01,ST18,CR05,20/02/2025,21/02/2025,"February 21, 2025",30.8,2277.9,On-time
SH007890,W03,ST18,CR03,"February 21, 2025",2025-02-23,"February 23, 2025",210.3,8779.49,On-time
SH007891,W01,ST18,CR03,"February 22, 2025",23/02/2025,25/02/2025,27.8,1695.42,Delayed
SH007892,W01,ST18,CR01,23/02/2025,24/02/2025,2025-02-24,10.7,1168.91,On-time
SH007893,W01,ST18,CR05,"February 24, 2025",25/02/2025,"February 25, 2025",9.7,857.29,On-time
SH007894,W01,ST18,CR03,25/02/2025,2025-02-26,26/02/2025,16.1,843.36,On-time
SH007895,W01,ST18,CR01,"February 26, 2025",27/02/2025,27/02/2025,32.1,1411.91,On-time
SH007896,W01,ST18,CR01,27/02/2025,"February 28, 2025","March 1, 2025",16.2,975.13,Delayed
SH007897,W01,ST18,CR03,"February 28, 2025",2025-03-01,"March 1, 2025",32.6,1836.28,Damaged
SH007898,W01,ST18,CR03,2025-03-01,02/03/2025,"March 2, 2025",8.6,1040.59,On-time
SH007899,W01,ST18,CR02,"March 2, 2025",03/03/2025,03/03/2025,18.0,1256.5,On-time
SH007900,W01,ST18,CR04,"March 3, 2025","March 4, 2025","March 4, 2025",10.0,874.1,On-time
SH007901,W01,ST18,CR03,2025-03-04,05/03/2025,2025-03-06,29.3,1914.27,Delayed
SH007902,W01,ST18,CR04,05/03/2025,"March 6, 2025","March 6, 2025",30.5,,On-time
SH007903,W01,ST18,CR01,"March 6, 2025","March 7, 2025",07/03/2025,13.8,,On-time
SH007904,W01,ST18,CR01,2025-03-07,08/03/2025,"March 8, 2025",29.8,1954.95,On-time
SH007905,W01,ST18,CR03,2025-03-08,09/03/2025,2025-03-09,31.1,1829.36,On-time
SH007906,W01,ST18,CR03,"March 9, 2025",2025-03-10,2025-03-10,23.1,1609.6,On-time
SH007907,W01,ST18,CR01,2025-03-10,2025-03-11,"March 11, 2025",34.0,1986.72,On-time
SH007908,W01,ST18,CR02,11/03/2025,2025-03-12,2025-03-14,22.5,1587.3,Delayed
SH007909,W01,ST18,CR05,"March 12, 2025",13/03/2025,13/03/2025,14.3,934.49,On-time
SH007910,W01,ST18,CR05,"March 13, 2025",2025-03-14,2025-03-14,30.9,1958.05,On-time
SH007911,W01,ST18,CR03,2025-03-14,15/03/2025,2025-03-15,17.9,1361.72,On-time
SH007912,W01,ST18,CR03,2025-03-15,"March 16, 2025","March 16, 2025",27.5,2051.03,On-time
SH007913,W01,ST18,CR01,2025-03-16,2025-03-17,"March 17, 2025",18.1,1966.25,On-time
SH007914,W01,ST18,CR03,"March 17, 2025",2025-03-18,2025-03-18,30.5,,On-time
SH007915,W01,ST18,CR01,2025-03-18,"March 19, 2025",19/03/2025,33.8,1810.8,On-time
SH007916,W01,ST18,CR05,19/03/2025,"March 20, 2025","March 20, 2025",12.2,1169.03,On-time
SH007917,W01,ST18,CR01,"March 20, 2025",2025-03-21,2025-03-21,31.8,1899.32,On-time
SH007918,W01,ST18,CR05,"March 21, 2025",22/03/2025,"March 22, 2025",14.6,1245.42,On-time
SH007919,W01,ST18,CR02,"March 22, 2025","March 23, 2025","March 23, 2025",25.1,1138.07,On-time
SH007920,W01,ST18,CR01,2025-03-23,2025-03-24,"March 24, 2025",17.8,1102.04,On-time
SH007921,W01,ST18,CR04,24/03/2025,"March 25, 2025","March 25, 2025",30.9,1374.64,On-time
SH007922,W01,ST18,CR04,2025-03-25,"March 26, 2025",2025-03-26,14.9,1308.37,On-time
SH007923,W01,ST18,CR05,26/03/2025,27/03/2025,"March 27, 2025",13.7,925.7,On-time
SH007924,W01,ST18,CR05,"March 27, 2025","March 28, 2025",30/03/2025,9.6,1178.56,Damaged
SH007925,W01,ST18,CR01,2025-03-28,29/03/2025,"March 29, 2025",13.3,1133.05,On-time
SH007926,W01,ST18,CR04,29/03/2025,30/03/2025,"April 1, 2025",11.7,1589.74,Delayed
SH007927,W01,ST18,CR01,"March 30, 2025",2025-03-31,04/04/2025,14.4,,Delayed
SH007928,W01,ST18,CR04,"March 31, 2025",01/04/2025,2025-04-01,23.0,1492.75,On-time
SH007929,W01,ST18,CR03,01/04/2025,02/04/2025,"April 6, 2025",26.5,1794.28,Delayed
SH007930,W01,ST18,CR01,"April 2, 2025",03/04/2025,2025-04-03,10.9,1022.07,On-time
SH007931,W01,ST18,CR03,03/04/2025,2025-04-04,"April 4, 2025",23.4,1443.92,On-time
SH007932,W03,ST18,CR01,"April 4, 2025","April 6, 2025",2025-04-09,210.3,11789.76,Delayed
SH007933,W01,ST18,CR02,05/04/2025,2025-04-06,2025-04-07,20.7,1214.4,Delayed
SH007934,W02,ST18,CR01,2025-04-06,"April 8, 2025","April 11, 2025",221.4,12147.66,Delayed
SH007935,W01,ST18,CR03,07/04/2025,08/04/2025,"April 8, 2025",30.1,1676.17,On-time
SH007936,W01,ST18,CR01,2025-04-08,"April 9, 2025",10/04/2025,14.3,1021.94,Delayed
SH007937,W01,ST18,CR05,"April 9, 2025","April 10, 2025",2025-04-10,23.5,1813.01,On-time
SH007938,W02,ST18,CR02,2025-04-10,"April 12, 2025",14/04/2025,137.6,10331.53,Delayed
SH007939,W01,ST18,CR05,"April 11, 2025",2025-04-12,12/04/2025,9.9,,On-time
SH007940,W01,ST18,CR03,"April 12, 2025",2025-04-13,15/04/2025,13.0,785.15,Delayed
SH007941,W01,ST18,CR01,"April 13, 2025",2025-04-14,"April 17, 2025",31.1,1703.01,Delayed
SH007942,W01,ST18,CR01,14/04/2025,15/04/2025,2025-04-15,18.5,1402.82,On-time
SH007943,W02,ST18,CR02,15/04/2025,"April 17, 2025",19/04/2025,221.4,12613.13,Delayed
SH007944,W01,ST18,CR04,"April 16, 2025",17/04/2025,2025-04-17,25.0,1388.75,On-time
SH007945,W01,ST18,CR03,"April 17, 2025",2025-04-18,"April 18, 2025",23.7,,On-time
SH007946,W01,ST18,CR02,"April 18, 2025",19/04/2025,19/04/2025,15.6,887.68,On-time
SH007947,W01,ST18,CR04,19/04/2025,2025-04-20,21/04/2025,12.2,851.52,Delayed
SH007948,W01,ST18,CR02,2025-04-20,2025-04-21,"April 21, 2025",32.6,1692.24,On-time
SH007949,W01,ST18,CR03,21/04/2025,"April 22, 2025",2025-04-26,10.4,969.45,Delayed
SH007950,W02,ST18,CR01,22/04/2025,2025-04-24,"April 24, 2025",137.6,11842.21,On-time
SH007951,W01,ST18,CR02,2025-04-23,"April 24, 2025",2025-04-24,9.1,1007.77,On-time
SH007952,W01,ST18,CR01,2025-04-24,2025-04-25,25/04/2025,30.9,1782.71,On-time
SH007953,W01,ST18,CR05,"April 25, 2025",2025-04-26,2025-04-26,17.7,1221.52,On-time
SH007954,W01,ST18,CR02,26/04/2025,"April 27, 2025",27/04/2025,13.0,1045.54,On-time
SH007955,W02,ST18,CR01,27/04/2025,2025-04-29,2025-04-29,221.4,12252.61,On-time
SH007956,W01,ST18,CR01,2025-04-28,29/04/2025,"April 29, 2025",20.5,1235.06,On-time
SH007957,W01,ST18,CR05,2025-04-29,"April 30, 2025",30/04/2025,27.8,1874.65,On-time
SH007958,W01,ST18,CR04,"April 30, 2025",2025-05-01,03/05/2025,14.6,1058.91,Delayed
SH007959,W01,ST18,CR05,"May 1, 2025",2025-05-02,"May 2, 2025",32.9,1954.24,On-time
SH007960,W01,ST18,CR04,02/05/2025,"May 3, 2025",03/05/2025,23.3,1411.36,On-time
SH007961,W01,ST18,CR04,03/05/2025,04/05/2025,04/05/2025,33.9,1788.97,On-time
SH007962,W01,ST18,CR02,2025-05-04,2025-05-05,"May 5, 2025",10.1,934.8,On-time
SH007963,W02,ST18,CR05,05/05/2025,"May 7, 2025","May 7, 2025",221.4,8862.6,On-time
SH007964,W01,ST18,CR02,06/05/2025,07/05/2025,2025-05-07,12.1,971.76,On-time
SH007965,W01,ST18,CR03,2025-05-07,08/05/2025,"May 8, 2025",34.6,1965.36,On-time
SH007966,W01,ST18,CR04,2025-05-08,"May 9, 2025",10/05/2025,13.2,,Delayed
SH007967,W01,ST18,CR02,2025-05-09,"May 10, 2025","May 10, 2025",30.8,2139.98,On-time
SH007968,W01,ST18,CR01,10/05/2025,"May 11, 2025","May 11, 2025",21.4,1199.18,On-time
SH007969,W01,ST18,CR01,11/05/2025,"May 12, 2025",14/05/2025,32.5,1667.34,Delayed
SH007970,W01,ST18,CR04,2025-05-12,2025-05-13,"May 15, 2025",17.3,1257.87,Delayed
SH007971,W01,ST18,CR03,2025-05-13,"May 14, 2025",14/05/2025,31.0,2127.86,On-time
SH007972,W01,ST18,CR02,2025-05-14,2025-05-15,"May 15, 2025",23.6,1509.27,On-time
SH007973,W01,ST18,CR05,2025-05-15,"May 16, 2025",2025-05-16,14.7,994.36,On-time
SH007974,W02,ST18,CR02,2025-05-16,"May 18, 2025","May 22, 2025",221.4,7925.17,Delayed
SH007975,W01,ST18,CR05,"May 17, 2025",18/05/2025,"May 18, 2025",12.2,921.73,On-time
SH007976,W01,ST18,CR03,18/05/2025,19/05/2025,19/05/2025,22.1,1685.05,On-time
SH007977,W01,ST18,CR03,2025-05-19,20/05/2025,"May 20, 2025",23.7,1783.53,On-time
SH007978,W03,ST18,CR01,20/05/2025,22/05/2025,2025-05-22,210.3,11008.29,On-time
SH007979,W01,ST18,CR01,"May 21, 2025","May 22, 2025","May 22, 2025",27.3,1696.31,On-time
SH007980,W01,ST18,CR04,22/05/2025,23/05/2025,2025-05-24,12.4,839.92,Delayed
SH007981,W02,ST18,CR05,23/05/2025,25/05/2025,2025-05-25,221.4,9222.9,On-time
SH007982,W01,ST18,CR04,2025-05-24,2025-05-25,2025-05-28,20.0,1298.87,Delayed
SH007983,W01,ST18,CR04,25/05/2025,"May 26, 2025","May 26, 2025",20.8,1459.62,On-time
SH007984,W01,ST18,CR01,2025-05-26,2025-05-27,2025-05-27,26.3,1666.94,On-time
SH007985,W01,ST18,CR02,27/05/2025,"May 28, 2025",28/05/2025,21.0,1424.53,On-time
SH007986,W01,ST18,CR02,28/05/2025,2025-05-29,29/05/2025,9.5,1053.86,On-time
SH007987,W01,ST18,CR01,"May 29, 2025",2025-05-30,"May 30, 2025",33.8,1780.64,On-time
SH007988,W01,ST18,CR05,2025-05-30,2025-05-31,2025-05-31,23.6,1633.46,Damaged
SH007989,W01,ST18,CR05,"May 31, 2025","June 1, 2025","June 1, 2025",20.3,1553.72,On-time
SH007990,W01,ST18,CR04,01/06/2025,"June 2, 2025","June 2, 2025",12.5,1016.15,On-time
SH007991,W01,ST18,CR02,"June 2, 2025","June 3, 2025",2025-06-03,19.6,1176.81,On-time
SH007992,W01,ST18,CR03,2025-06-03,"June 4, 2025","June 4, 2025",9.7,760.55,On-time
SH007993,W01,ST18,CR04,2025-06-04,"June 5, 2025",2025-06-05,33.8,1832.36,On-time
SH007994,W01,ST18,CR05,"June 5, 2025",2025-06-06,06/06/2025,19.0,1348.07,On-time
SH007995,W01,ST18,CR01,2025-06-06,07/06/2025,2025-06-07,10.1,825.54,On-time
SH007996,W02,ST18,CR05,"June 7, 2025",2025-06-09,"June 13, 2025",221.4,11460.92,Delayed
SH007997,W01,ST18,CR05,08/06/2025,"June 9, 2025",09/06/2025,26.9,2027.35,On-time
SH007998,W02,ST18,CR05,"June 9, 2025","June 11, 2025",2025-06-11,221.4,9778.12,On-time
SH007999,W01,ST18,CR02,"June 10, 2025",11/06/2025,2025-06-11,19.1,1091.74,On-time
SH008000,W01,ST18,CR01,"June 11, 2025","June 12, 2025","June 12, 2025",28.4,2012.4,On-time
SH008001,W01,ST18,CR03,2025-06-12,13/06/2025,13/06/2025,32.1,2500.9,On-time
SH008002,W01,ST18,CR05,13/06/2025,"June 14, 2025",2025-06-14,13.9,1334.51,On-time
SH008003,W01,ST18,CR01,2025-06-14,2025-06-15,2025-06-15,14.0,1088.03,Lost
SH008004,W02,ST18,CR01,"June 15, 2025",2025-06-17,"June 18, 2025",221.4,12357.85,Delayed
SH008005,W01,ST18,CR04,2025-06-16,17/06/2025,2025-06-20,9.6,,Delayed
SH008006,W01,ST18,CR05,"June 17, 2025","June 18, 2025",18/06/2025,26.5,1551.14,On-time
SH008007,W01,ST18,CR03,2025-06-18,19/06/2025,2025-06-19,5.2,966.32,On-time
SH008008,W01,ST18,CR02,2025-06-19,"June 20, 2025",2025-06-24,34.5,2340.74,Delayed
SH008009,W01,ST18,CR01,2025-06-20,21/06/2025,"June 22, 2025",23.4,1253.23,Damaged
SH008010,W01,ST18,CR05,2025-06-21,22/06/2025,"June 22, 2025",14.9,1007.66,On-time
SH008011,W01,ST18,CR03,2025-06-22,23/06/2025,2025-06-23,31.2,1860.62,On-time
SH008012,W01,ST18,CR02,23/06/2025,2025-06-24,"June 24, 2025",8.3,823.91,On-time
SH008013,W01,ST18,CR03,24/06/2025,25/06/2025,2025-06-25,28.0,,On-time
SH008014,W01,ST18,CR01,25/06/2025,26/06/2025,2025-06-26,8.6,611.0,On-time
SH008015,W01,ST18,CR05,2025-06-26,27/06/2025,"June 27, 2025",13.4,866.52,On-time
SH008016,W01,ST18,CR05,2025-06-27,2025-06-28,28/06/2025,32.1,1651.61,On-time
SH008017,W01,ST18,CR04,"June 28, 2025",2025-06-29,2025-07-02,13.4,989.07,Delayed
SH008018,W01,ST18,CR05,29/06/2025,30/06/2025,01/07/2025,33.8,2252.2,Delayed
SH008019,W01,ST18,CR03,"June 30, 2025","July 1, 2025","July 1, 2025",27.6,1545.8,On-time
SH008020,W01,ST18,CR03,2025-07-01,02/07/2025,02/07/2025,17.1,1166.31,On-time
SH008021,W01,ST18,CR01,02/07/2025,"July 3, 2025",03/07/2025,12.6,906.94,On-time
SH008022,W01,ST18,CR02,"July 3, 2025",2025-07-04,"July 4, 2025",21.1,1768.26,On-time
SH008023,W01,ST18,CR05,"July 4, 2025",05/07/2025,2025-07-05,11.4,1218.63,On-time
SH008024,W01,ST18,CR02,2025-07-05,2025-07-06,"July 6, 2025",20.6,1594.39,On-time
SH008025,W01,ST18,CR05,06/07/2025,2025-07-07,2025-07-07,17.7,1079.33,On-time
SH008026,W01,ST18,CR01,07/07/2025,2025-07-08,09/07/2025,6.2,1030.37,Delayed
SH008027,W01,ST18,CR04,08/07/2025,09/07/2025,2025-07-09,13.8,1080.04,On-time
SH008028,W01,ST18,CR02,"July 9, 2025","July 10, 2025",10/07/2025,33.8,1810.37,On-time
SH008029,W01,ST18,CR04,2025-07-10,"July 11, 2025",2025-07-11,31.9,2146.14,On-time
SH008030,W01,ST18,CR04,2025-07-11,2025-07-12,15/07/2025,16.4,1057.33,Delayed
SH008031,W01,ST18,CR02,2025-07-12,"July 13, 2025",13/07/2025,29.2,1523.85,On-time
SH008032,W01,ST18,CR05,13/07/2025,"July 14, 2025",14/07/2025,24.6,1522.35,On-time
SH008033,W01,ST18,CR01,"July 14, 2025",2025-07-15,"July 15, 2025",33.0,2076.74,On-time
SH008034,W01,ST18,CR05,15/07/2025,"July 16, 2025",2025-07-16,19.6,1763.31,On-time
SH008035,W01,ST18,CR01,2025-07-16,2025-07-17,2025-07-17,18.5,1284.51,On-time
SH008036,W01,ST18,CR03,2025-07-17,2025-07-18,2025-07-18,24.3,1577.79,Damaged
SH008037,W01,ST18,CR02,"July 18, 2025","July 19, 2025",2025-07-19,24.7,1587.87,On-time
SH008038,W01,ST18,CR05,"July 19, 2025",20/07/2025,2025-07-20,30.3,1729.47,On-time
SH008039,W01,ST18,CR03,2025-07-20,"July 21, 2025","July 21, 2025",15.5,937.27,On-time
SH008040,W03,ST18,CR05,"July 21, 2025","July 23, 2025","July 23, 2025",130.7,8911.22,On-time
SH008041,W01,ST18,CR04,2025-07-22,23/07/2025,23/07/2025,22.6,1374.38,On-time
SH008042,W01,ST18,CR05,2025-07-23,"July 24, 2025",24/07/2025,24.5,1216.63,On-time
SH008043,W03,ST18,CR05,"July 24, 2025","July 26, 2025","July 26, 2025",130.7,11809.63,On-time
SH008044,W02,ST18,CR03,25/07/2025,27/07/2025,"July 28, 2025",221.4,,Delayed
SH008045,W01,ST18,CR03,26/07/2025,27/07/2025,31/07/2025,16.3,1281.54,Delayed
SH008046,W01,ST18,CR05,"July 27, 2025","July 28, 2025",2025-07-28,20.4,1787.44,On-time
SH008047,W01,ST18,CR01,"July 28, 2025",29/07/2025,29/07/2025,14.2,,On-time
SH008048,W01,ST18,CR01,"July 29, 2025","July 30, 2025","August 2, 2025",24.1,1460.03,Delayed
SH008049,W01,ST18,CR01,"July 30, 2025","July 31, 2025","July 31, 2025",19.2,1260.22,On-time
SH008050,W01,ST18,CR02,31/07/2025,2025-08-01,04/08/2025,30.0,1565.9,Delayed
SH008051,W01,ST18,CR05,01/08/2025,02/08/2025,02/08/2025,18.6,1622.95,On-time
SH008052,W01,ST18,CR03,"August 2, 2025",2025-08-03,"August 6, 2025",28.5,1938.69,Damaged
SH008053,W01,ST18,CR04,"August 3, 2025",2025-08-04,2025-08-04,34.3,2183.29,On-time
SH008054,W01,ST18,CR01,2025-08-04,05/08/2025,2025-08-05,26.8,1340.95,On-time
SH008055,W01,ST18,CR03,05/08/2025,2025-08-06,"August 7, 2025",32.6,1648.3,Delayed
SH008056,W01,ST18,CR04,06/08/2025,"August 7, 2025","August 7, 2025",20.4,1239.11,On-time
SH008057,W01,ST18,CR01,"August 7, 2025","August 8, 2025",2025-08-08,30.0,1751.05,On-time
SH008058,W02,ST18,CR03,2025-08-08,"August 10, 2025",2025-08-10,221.4,8562.2,On-time
SH008059,W02,ST18,CR02,09/08/2025,"August 11, 2025","August 12, 2025",221.4,8926.08,Delayed
SH008060,W01,ST18,CR04,10/08/2025,11/08/2025,2025-08-15,8.5,912.54,Delayed
SH008061,W01,ST18,CR05,2025-08-11,12/08/2025,"August 12, 2025",28.4,1331.99,Damaged
SH008062,W01,ST18,CR02,2025-08-12,"August 13, 2025",17/08/2025,27.4,1500.9,Delayed
SH008063,W01,ST18,CR04,2025-08-13,"August 14, 2025",14/08/2025,32.3,2083.49,On-time
SH008064,W01,ST18,CR01,2025-08-14,2025-08-15,2025-08-15,23.1,1152.84,On-time
SH008065,W01,ST18,CR05,15/08/2025,2025-08-16,"August 16, 2025",26.3,1846.85,On-time
SH008066,W01,ST18,CR02,2025-08-16,"August 17, 2025",17/08/2025,19.7,,On-time
SH008067,W01,ST18,CR03,"August 17, 2025",2025-08-18,18/08/2025,29.5,1568.25,On-time
SH008068,W01,ST18,CR02,2025-08-18,"August 19, 2025","August 19, 2025",18.9,1087.96,On-time
SH008069,W01,ST18,CR04,"August 19, 2025",20/08/2025,2025-08-20,32.1,1457.22,Lost
SH008070,W01,ST18,CR01,"August 20, 2025",21/08/2025,21/08/2025,20.6,1327.69,On-time
SH008071,W01,ST18,CR02,2025-08-21,22/08/2025,2025-08-25,27.3,1622.94,Delayed
SH008072,W01,ST18,CR05,22/08/2025,"August 23, 2025",23/08/2025,31.5,2110.55,Lost
SH008073,W01,ST18,CR01,2025-08-23,"August 24, 2025",2025-08-24,30.6,2012.87,On-time
SH008074,W01,ST18,CR05,24/08/2025,"August 25, 2025",2025-08-26,16.2,1235.48,Delayed
SH008075,W01,ST18,CR05,25/08/2025,2025-08-26,26/08/2025,29.3,1783.96,On-time
SH008076,W01,ST18,CR03,2025-08-26,"August 27, 2025","August 27, 2025",12.7,1089.42,On-time
SH008077,W02,ST18,CR01,"August 27, 2025",29/08/2025,"August 31, 2025",221.4,9813.41,Delayed
SH008078,W01,ST18,CR04,2025-08-28,29/08/2025,"August 31, 2025",16.1,1268.11,Delayed
SH008079,W01,ST18,CR03,"August 29, 2025",2025-08-30,"August 30, 2025",27.2,1773.78,On-time
SH008080,W01,ST18,CR02,30/08/2025,31/08/2025,2025-09-02,26.9,1367.86,Delayed
SH008081,W01,ST18,CR05,31/08/2025,01/09/2025,01/09/2025,9.0,762.2,On-time
SH008082,W01,ST18,CR04,"September 1, 2025","September 2, 2025",02/09/2025,21.6,1447.12,On-time
SH008083,W01,ST18,CR03,2025-09-02,"September 3, 2025",2025-09-06,22.7,1266.43,Delayed
SH008084,W01,ST18,CR04,2025-09-03,"September 4, 2025","September 4, 2025",19.9,1171.23,On-time
SH008085,W02,ST18,CR01,04/09/2025,"September 6, 2025",2025-09-06,221.4,7817.04,On-time
SH008086,W01,ST18,CR02,05/09/2025,06/09/2025,2025-09-06,9.9,729.99,On-time
SH008087,W01,ST18,CR04,"September 6, 2025",2025-09-07,"September 7, 2025",9.5,,On-time
SH008088,W01,ST18,CR02,2025-09-07,08/09/2025,2025-09-09,9.9,,Delayed
SH008089,W01,ST18,CR05,"September 8, 2025",09/09/2025,"September 9, 2025",19.0,1164.06,On-time
SH008090,W01,ST18,CR01,"September 9, 2025","September 10, 2025","September 11, 2025",22.5,1097.82,Delayed
SH008091,W01,ST18,CR03,10/09/2025,"September 11, 2025","September 11, 2025",17.3,1580.18,On-time
SH008092,W01,ST18,CR04,"September 11, 2025","September 12, 2025",2025-09-14,30.9,1557.67,Delayed
SH008093,W03,ST18,CR03,"September 12, 2025",14/09/2025,"September 16, 2025",210.3,7549.64,Delayed
SH008094,W01,ST18,CR02,"September 13, 2025",14/09/2025,14/09/2025,18.0,929.84,On-time
SH008095,W01,ST18,CR03,14/09/2025,2025-09-15,"September 15, 2025",16.0,1339.22,On-time
SH008096,W01,ST18,CR01,15/09/2025,2025-09-16,2025-09-16,5.5,852.51,On-time
SH008097,W01,ST18,CR01,2025-09-16,"September 17, 2025",17/09/2025,20.9,1535.57,On-time
SH008098,W01,ST18,CR04,"September 17, 2025",2025-09-18,"September 19, 2025",10.6,765.91,Delayed
SH008099,W03,ST18,CR01,"September 18, 2025",2025-09-20,20/09/2025,210.3,10936.67,On-time
SH008100,W02,ST18,CR02,19/09/2025,21/09/2025,"September 21, 2025",221.4,12245.28,On-time
SH008101,W01,ST18,CR01,"September 20, 2025",21/09/2025,2025-09-21,8.8,904.17,On-time
SH008102,W03,ST18,CR01,21/09/2025,2025-09-23,2025-09-23,210.3,8528.09,On-time
SH008103,W01,ST18,CR01,2025-09-22,"September 23, 2025","September 27, 2025",15.6,1630.9,Delayed
SH008104,W03,ST18,CR04,"September 23, 2025","September 25, 2025",2025-09-26,210.3,8284.64,Delayed
SH008105,W01,ST18,CR05,24/09/2025,25/09/2025,2025-09-25,9.0,645.32,On-time
SH008106,W01,ST18,CR03,2025-09-25,2025-09-26,26/09/2025,25.7,1632.22,On-time
SH008107,W01,ST18,CR05,"September 26, 2025","September 27, 2025",2025-09-27,14.1,917.62,On-time
SH008108,W01,ST18,CR01,2025-09-27,28/09/2025,"October 1, 2025",29.3,1805.42,Delayed
SH008109,W01,ST18,CR05,28/09/2025,29/09/2025,"October 3, 2025",13.7,1718.49,Delayed
SH008110,W01,ST18,CR05,"September 29, 2025",2025-09-30,03/10/2025,26.0,1850.69,Delayed
SH008111,W01,ST18,CR01,2025-09-30,2025-10-01,2025-10-01,14.8,1001.69,Damaged
SH008112,W01,ST18,CR03,"October 1, 2025","October 2, 2025",02/10/2025,20.7,1492.87,On-time
SH008113,W01,ST18,CR04,02/10/2025,03/10/2025,"October 6, 2025",23.7,,Delayed
SH008114,W01,ST18,CR03,2025-10-03,04/10/2025,"October 5, 2025",30.9,,Delayed
SH008115,W01,ST18,CR03,"October 4, 2025",2025-10-05,2025-10-05,33.6,,On-time
SH008116,W01,ST18,CR04,2025-10-05,2025-10-06,2025-10-06,31.3,1891.17,On-time
SH008117,W03,ST18,CR02,06/10/2025,08/10/2025,"October 8, 2025",130.7,7441.97,On-time
SH008118,W01,ST18,CR05,"October 7, 2025",08/10/2025,2025-10-08,8.3,806.2,On-time
SH008119,W01,ST18,CR02,08/10/2025,09/10/2025,"October 12, 2025",26.4,1763.95,Delayed
SH008120,W01,ST18,CR01,"October 9, 2025",2025-10-10,10/10/2025,21.2,1486.32,On-time
SH008121,W01,ST18,CR01,"October 10, 2025",11/10/2025,"October 11, 2025",27.0,1718.56,On-time
SH008122,W01,ST18,CR05,"October 11, 2025",12/10/2025,2025-10-12,20.3,1038.31,On-time
SH008123,W01,ST18,CR05,2025-10-12,2025-10-13,14/10/2025,32.1,1675.73,Delayed
SH008124,W01,ST18,CR03,13/10/2025,2025-10-14,"October 14, 2025",29.2,1840.91,On-time
SH008125,W01,ST18,CR02,"October 14, 2025",2025-10-15,15/10/2025,8.7,859.39,On-time
SH008126,W03,ST18,CR02,"October 15, 2025",17/10/2025,17/10/2025,210.3,10505.57,On-time
SH008127,W01,ST18,CR02,"October 16, 2025",17/10/2025,"October 17, 2025",7.0,774.69,On-time
SH008128,W01,ST18,CR02,2025-10-17,2025-10-18,"October 18, 2025",16.6,2005.33,On-time
SH008129,W01,ST18,CR02,18/10/2025,"October 19, 2025",19/10/2025,12.3,1114.26,On-time
SH008130,W01,ST18,CR05,2025-10-19,20/10/2025,"October 20, 2025",28.2,1625.87,On-time
SH008131,W01,ST18,CR05,20/10/2025,21/10/2025,"October 23, 2025",31.1,1664.55,Delayed
SH008132,W01,ST18,CR03,"October 21, 2025","October 22, 2025","October 22, 2025",12.0,837.78,On-time
SH008133,W01,ST18,CR01,22/10/2025,2025-10-23,23/10/2025,24.6,1741.21,On-time
SH008134,W01,ST18,CR04,"October 23, 2025","October 24, 2025","October 27, 2025",29.5,1675.78,Delayed
SH008135,W01,ST18,CR01,"October 24, 2025",2025-10-25,"October 25, 2025",29.8,1685.76,On-time
SH008136,W01,ST18,CR02,25/10/2025,"October 26, 2025","October 26, 2025",18.2,955.36,On-time
SH008137,W01,ST18,CR03,26/10/2025,"October 27, 2025",2025-10-30,17.6,853.63,Delayed
SH008138,W01,ST18,CR01,27/10/2025,"October 28, 2025",2025-10-28,9.1,753.25,On-time
SH008139,W01,ST18,CR04,2025-10-28,29/10/2025,"October 29, 2025",21.6,1417.43,On-time
SH008140,W02,ST18,CR05,2025-10-29,"October 31, 2025","October 31, 2025",221.4,11788.17,On-time
SH008141,W01,ST18,CR04,30/10/2025,"October 31, 2025",2025-10-31,11.8,1053.93,On-time
SH008142,W01,ST18,CR03,"October 31, 2025",2025-11-01,"November 1, 2025",22.3,1476.68,On-time
SH008143,W01,ST18,CR01,"November 1, 2025",2025-11-02,"November 2, 2025",15.6,1081.13,On-time
SH008144,W01,ST18,CR02,2025-11-02,"November 3, 2025",2025-11-03,25.6,1375.25,On-time
SH008145,W01,ST18,CR02,03/11/2025,2025-11-04,2025-11-08,19.0,1072.35,Delayed
SH008146,W01,ST18,CR03,"November 4, 2025","November 5, 2025","November 5, 2025",9.6,978.27,On-time
SH008147,W01,ST18,CR03,"November 5, 2025","November 6, 2025",06/11/2025,23.5,1500.78,On-time
SH008148,W03,ST18,CR03,"November 6, 2025","November 8, 2025","November 8, 2025",210.3,7779.12,On-time
SH008149,W01,ST18,CR02,"November 7, 2025","November 8, 2025",2025-11-08,13.9,1309.07,On-time
SH008150,W01,ST18,CR01,2025-11-08,"November 9, 2025","November 9, 2025",18.4,1525.08,Damaged
SH008151,W01,ST18,CR03,09/11/2025,10/11/2025,10/11/2025,13.3,1094.39,Damaged
SH008152,W03,ST18,CR02,2025-11-10,12/11/2025,12/11/2025,210.3,9914.41,On-time
SH008153,W01,ST18,CR02,11/11/2025,12/11/2025,2025-11-12,24.0,1472.03,On-time
SH008154,W01,ST18,CR03,"November 12, 2025",13/11/2025,14/11/2025,21.6,1516.6,Delayed
SH008155,W01,ST18,CR04,13/11/2025,14/11/2025,2025-11-14,28.8,2133.49,On-time
SH008156,W01,ST18,CR03,14/11/2025,2025-11-15,2025-11-15,24.9,1529.56,On-time
SH008157,W01,ST18,CR03,"November 15, 2025",16/11/2025,18/11/2025,22.5,1505.2,Delayed
SH008158,W01,ST18,CR04,2025-11-16,"November 17, 2025",2025-11-17,32.2,1429.52,On-time
SH008159,W01,ST18,CR03,"November 17, 2025",2025-11-18,18/11/2025,28.0,1869.92,On-time
SH008160,W01,ST18,CR05,18/11/2025,"November 19, 2025",2025-11-19,34.6,2032.24,On-time
SH008161,W01,ST18,CR03,"November 19, 2025",20/11/2025,20/11/2025,27.0,1731.75,On-time
SH008162,W01,ST18,CR01,20/11/2025,"November 21, 2025",21/11/2025,25.5,1439.06,On-time
SH008163,W01,ST18,CR01,2025-11-21,22/11/2025,"November 22, 2025",16.4,956.29,On-time
SH008164,W01,ST18,CR03,22/11/2025,2025-11-23,"November 23, 2025",9.0,718.87,On-time
SH008165,W03,ST18,CR03,"November 23, 2025",25/11/2025,25/11/2025,210.3,10254.94,On-time
SH008166,W01,ST18,CR01,24/11/2025,2025-11-25,"November 25, 2025",18.2,1121.84,On-time
SH008167,W01,ST18,CR03,25/11/2025,26/11/2025,26/11/2025,22.4,1184.37,On-time
SH008168,W01,ST18,CR04,26/11/2025,2025-11-27,"November 30, 2025",16.3,,Delayed
SH008169,W02,ST18,CR05,"November 27, 2025",29/11/2025,29/11/2025,221.4,10534.75,On-time
SH008170,W01,ST18,CR02,"November 28, 2025","November 29, 2025","November 29, 2025",16.9,1060.25,On-time
SH008171,W01,ST18,CR05,"November 29, 2025",2025-11-30,"November 30, 2025",13.7,1148.67,On-time
SH008172,W01,ST18,CR01,2025-11-30,01/12/2025,01/12/2025,25.7,1478.23,On-time
SH008173,W01,ST18,CR03,"December 1, 2025","December 2, 2025","December 2, 2025",30.4,1500.55,On-time
SH008174,W02,ST18,CR01,"December 2, 2025",04/12/2025,08/12/2025,221.4,9083.52,Delayed
SH008175,W01,ST18,CR04,2025-12-03,"December 4, 2025","December 8, 2025",13.3,1040.86,Delayed
SH008176,W01,ST18,CR04,"December 4, 2025",2025-12-05,05/12/2025,27.4,1551.63,On-time
SH008177,W01,ST18,CR04,05/12/2025,"December 6, 2025",2025-12-06,22.7,1631.67,On-time
SH008178,W01,ST18,CR03,06/12/2025,07/12/2025,2025-12-07,20.0,1329.18,On-time
SH008179,W01,ST18,CR03,"December 7, 2025","December 8, 2025","December 8, 2025",16.2,1395.87,Damaged
SH008180,W01,ST18,CR04,"December 8, 2025",09/12/2025,09/12/2025,30.3,1920.79,On-time
SH008181,W01,ST18,CR04,"December 9, 2025",10/12/2025,2025-12-10,30.0,1650.71,On-time
SH008182,W01,ST18,CR01,10/12/2025,"December 11, 2025",15/12/2025,18.2,1433.06,Delayed
SH008183,W01,ST18,CR05,11/12/2025,2025-12-12,"December 12, 2025",10.4,779.58,On-time
SH008184,W01,ST18,CR05,"December 12, 2025",2025-12-13,2025-12-13,25.9,1540.52,Lost
SH008185,W01,ST18,CR01,2025-12-13,"December 14, 2025","December 14, 2025",20.6,1311.55,On-time
SH008186,W02,ST18,CR04,14/12/2025,2025-12-16,18/12/2025,221.4,11659.15,Delayed
SH008187,W01,ST18,CR01,15/12/2025,"December 16, 2025","December 16, 2025",8.7,758.99,On-time
SH008188,W01,ST18,CR01,2025-12-16,2025-12-17,"December 20, 2025",6.5,748.22,Delayed
SH008189,W01,ST18,CR05,2025-12-17,18/12/2025,18/12/2025,22.7,1605.82,On-time
SH008190,W01,ST18,CR01,"December 18, 2025",19/12/2025,"December 19, 2025",20.0,1356.99,On-time
SH008191,W01,ST18,CR03,2025-12-19,"December 20, 2025",20/12/2025,9.2,1019.8,On-time
SH008192,W01,ST18,CR04,"December 20, 2025",2025-12-21,2025-12-21,15.8,1184.85,On-time
SH008193,W01,ST18,CR04,"December 21, 2025",22/12/2025,22/12/2025,27.5,1846.09,On-time
SH008194,W01,ST18,CR01,"December 22, 2025",23/12/2025,"December 23, 2025",33.2,1428.22,On-time
SH008195,W01,ST18,CR01,23/12/2025,"December 24, 2025",24/12/2025,15.7,1098.76,On-time
SH008196,W01,ST18,CR04,24/12/2025,"December 25, 2025",2025-12-25,31.9,1688.82,On-time
SH008197,W03,ST18,CR01,25/12/2025,27/12/2025,"December 27, 2025",130.7,10862.95,On-time
SH008198,W01,ST18,CR03,2025-12-26,2025-12-27,"December 27, 2025",6.3,873.59,On-time
SH008199,W01,ST18,CR02,27/12/2025,28/12/2025,2025-12-28,13.4,829.13,On-time
SH008200,W01,ST18,CR03,28/12/2025,"December 29, 2025","December 29, 2025",14.8,1063.17,On-time
SH008201,W01,ST18,CR05,29/12/2025,2025-12-30,"December 30, 2025",13.8,1089.5,On-time
SH008202,W01,ST18,CR03,2025-12-30,2025-12-31,,12.5,1244.53,In-Transit
SH008203,W01,ST18,CR01,31/12/2025,01/01/2026,,16.2,1422.22,In-Transit
SH008204,W03,ST19,CR04,"January 3, 2024",05/01/2024,2024-01-05,201.8,8396.02,On-time
SH008205,W03,ST19,CR05,"January 5, 2024","January 7, 2024","January 7, 2024",201.8,9551.2,On-time
SH008206,W03,ST19,CR03,2024-01-08,10/01/2024,10/01/2024,201.8,10760.56,On-time
SH008207,W03,ST19,CR05,2024-01-10,2024-01-12,"January 12, 2024",201.8,11959.73,On-time
SH008208,W03,ST19,CR02,"January 12, 2024","January 14, 2024","January 16, 2024",201.8,10168.9,Delayed
SH008209,W01,ST19,CR04,2024-01-13,"January 15, 2024","January 17, 2024",145.6,7522.93,Delayed
SH008210,W03,ST19,CR03,"January 14, 2024","January 16, 2024",16/01/2024,201.8,11101.19,On-time
SH008211,W03,ST19,CR01,17/01/2024,2024-01-19,19/01/2024,201.8,10091.68,On-time
SH008212,W03,ST19,CR05,"January 19, 2024",21/01/2024,2024-01-21,201.8,10194.76,On-time
SH008213,W03,ST19,CR04,"January 20, 2024",22/01/2024,22/01/2024,201.8,9128.18,On-time
SH008214,W03,ST19,CR01,"January 23, 2024","January 25, 2024",28/01/2024,201.8,10245.5,Delayed
SH008215,W01,ST19,CR01,2024-01-25,"January 27, 2024",27/01/2024,145.6,7458.61,On-time
SH008216,W03,ST19,CR04,"January 27, 2024",29/01/2024,2024-02-01,201.8,12491.93,Delayed
SH008217,W03,ST19,CR05,2024-01-29,"January 31, 2024",31/01/2024,201.8,11222.16,On-time
SH008218,W03,ST19,CR03,2024-01-30,01/02/2024,2024-02-01,201.8,9217.14,On-time
SH008219,W03,ST19,CR01,"February 1, 2024",2024-02-03,"February 3, 2024",201.8,10666.39,On-time
SH008220,W01,ST19,CR02,2024-02-03,"February 5, 2024","February 5, 2024",145.6,8710.52,On-time
SH008221,W03,ST99,CR02,2024-02-04,06/02/2024,"February 9, 2024",201.8,10313.38,Delayed
SH008222,W03,ST19,CR03,06/02/2024,08/02/2024,09/02/2024,125.4,8907.54,Delayed
SH008223,W03,ST19,CR05,08/02/2024,10/02/2024,"February 10, 2024",201.8,9721.23,On-time
SH008224,W03,ST19,CR02,11/02/2024,13/02/2024,2024-02-13,201.8,9736.63,On-time
SH008225,W03,ST19,CR04,13/02/2024,"February 15, 2024",16/02/2024,201.8,9568.12,Delayed
SH008226,W03,ST19,CR02,"February 15, 2024",17/02/2024,"February 17, 2024",201.8,8061.97,On-time
SH008227,W03,ST19,CR01,2024-02-17,19/02/2024,19/02/2024,201.8,10524.88,On-time
SH008228,W03,ST19,CR02,"February 19, 2024","February 21, 2024","February 21, 2024",201.8,8306.64,On-time
SH008229,W03,ST19,CR02,"February 21, 2024",2024-02-23,23/02/2024,201.8,9322.44,Damaged
SH008230,W03,ST19,CR05,2024-02-23,25/02/2024,25/02/2024,201.8,9826.46,On-time
SH008231,W03,ST19,CR01,2024-02-26,"February 28, 2024",01/03/2024,201.8,10652.15,Delayed
SH008232,W03,ST19,CR03,28/02/2024,"March 1, 2024","March 1, 2024",201.8,10637.34,On-time
SH008233,W03,ST19,CR01,2024-03-01,"March 3, 2024",2024-03-03,201.8,9563.64,On-time
SH008234,W03,ST19,CR05,03/03/2024,05/03/2024,05/03/2024,125.4,8090.04,On-time
SH008235,W03,ST19,CR01,"March 5, 2024","March 7, 2024",08/03/2024,201.8,9362.4,Delayed
SH008236,W02,ST19,CR03,07/03/2024,"March 9, 2024",2024-03-12,157.1,12184.62,Delayed
SH008237,W03,ST19,CR02,09/03/2024,"March 11, 2024",11/03/2024,201.8,10394.55,On-time
SH008238,W03,ST19,CR05,12/03/2024,"March 14, 2024","March 14, 2024",125.4,11298.42,On-time
SH008239,W03,ST19,CR02,2024-03-14,2024-03-16,16/03/2024,201.8,12666.81,On-time
SH008240,W03,ST19,CR04,"March 16, 2024",2024-03-18,2024-03-21,201.8,9089.64,Delayed
SH008241,W03,ST19,CR04,"March 18, 2024",2024-03-20,"March 20, 2024",201.8,9682.0,On-time
SH008242,W03,ST19,CR01,2024-03-19,"March 21, 2024",2024-03-21,201.8,8827.51,On-time
SH008243,W03,ST19,CR05,"March 21, 2024",2024-03-23,23/03/2024,201.8,9301.18,On-time
SH008244,W03,ST19,CR01,2024-03-23,2024-03-25,25/03/2024,201.8,7133.01,On-time
SH008245,W03,ST19,CR03,2024-03-25,27/03/2024,"March 27, 2024",201.8,9943.03,On-time
SH008246,W03,ST19,CR03,27/03/2024,2024-03-29,"April 2, 2024",201.8,10317.92,Delayed
SH008247,W03,ST19,CR04,2024-03-30,"April 1, 2024",2024-04-01,201.8,11933.35,On-time
SH008248,W03,ST19,CR02,2024-04-01,03/04/2024,"April 3, 2024",125.4,8817.93,On-time
SH008249,W03,ST19,CR02,2024-04-04,2024-04-06,2024-04-06,201.8,8602.03,On-time
SH008250,W03,ST19,CR02,2024-04-05,"April 7, 2024",2024-04-07,201.8,10133.61,On-time
SH008251,W03,ST19,CR01,2024-04-06,"April 8, 2024",2024-04-11,201.8,7543.18,Delayed
SH008252,W03,ST19,CR04,08/04/2024,"April 10, 2024",2024-04-11,201.8,7707.41,Delayed
SH008253,W03,ST19,CR05,"April 10, 2024",12/04/2024,12/04/2024,201.8,10354.53,On-time
SH008254,W03,ST19,CR03,12/04/2024,"April 14, 2024","April 14, 2024",201.8,10107.01,On-time
SH008255,W03,ST19,CR03,2024-04-14,2024-04-16,"April 16, 2024",201.8,10314.64,On-time
SH008256,W03,ST19,CR02,"April 17, 2024",2024-04-19,2024-04-19,201.8,8173.68,On-time
SH008257,W03,ST19,CR05,20/04/2024,22/04/2024,22/04/2024,201.8,12004.25,On-time
SH008258,W03,ST19,CR02,"April 22, 2024",2024-04-24,2024-04-24,201.8,12060.63,On-time
SH008259,W03,ST19,CR02,2024-04-24,2024-04-26,26/04/2024,125.4,11509.36,On-time
SH008260,W03,ST19,CR03,27/04/2024,"April 29, 2024",29/04/2024,201.8,9683.39,On-time
SH008261,W03,ST19,CR01,2024-04-29,01/05/2024,"May 1, 2024",201.8,10593.48,On-time
SH008262,W03,ST19,CR05,2024-05-01,2024-05-03,"May 3, 2024",201.8,9730.16,On-time
SH008263,W03,ST19,CR05,"May 4, 2024","May 6, 2024","May 6, 2024",201.8,10927.6,On-time
SH008264,W03,ST19,CR04,"May 5, 2024","May 7, 2024",07/05/2024,201.8,8428.12,On-time
SH008265,W03,ST19,CR04,2024-05-06,08/05/2024,2024-05-08,201.8,8940.16,Lost
SH008266,W03,ST19,CR02,08/05/2024,10/05/2024,10/05/2024,201.8,9141.16,On-time
SH008267,W03,ST19,CR03,2024-05-10,2024-05-12,2024-05-12,125.4,8173.94,On-time
SH008268,W03,ST19,CR03,2024-05-12,"May 14, 2024",14/05/2024,201.8,11008.34,On-time
SH008269,W03,ST19,CR03,2024-05-14,16/05/2024,16/05/2024,201.8,11345.07,On-time
SH008270,W03,ST19,CR03,"May 16, 2024",18/05/2024,18/05/2024,201.8,8551.07,On-time
SH008271,W03,ST19,CR01,2024-05-18,2024-05-20,"May 20, 2024",201.8,10501.99,On-time
SH008272,W03,ST19,CR04,20/05/2024,"May 22, 2024",2024-05-22,201.8,10990.01,On-time
SH008273,W03,ST19,CR01,21/05/2024,23/05/2024,2024-05-26,125.4,8625.41,Delayed
SH008274,W03,ST19,CR01,"May 23, 2024",2024-05-25,2024-05-25,201.8,8054.79,On-time
SH008275,W03,ST19,CR04,"May 24, 2024",26/05/2024,"May 26, 2024",201.8,12142.79,On-time
SH008276,W03,ST19,CR01,2024-05-26,"May 28, 2024",28/05/2024,201.8,11324.75,On-time
SH008277,W03,ST19,CR01,29/05/2024,31/05/2024,31/05/2024,201.8,9445.97,On-time
SH008278,W03,ST19,CR04,"May 31, 2024",02/06/2024,02/06/2024,201.8,11432.08,On-time
SH008279,W03,ST19,CR05,02/06/2024,"June 4, 2024",2024-06-08,201.8,10747.39,Delayed
SH008280,W03,ST19,CR04,"June 4, 2024","June 6, 2024",2024-06-06,201.8,9243.18,On-time
SH008281,W03,ST19,CR02,"June 7, 2024",09/06/2024,2024-06-11,201.8,8774.35,Delayed
SH008282,W03,ST19,CR02,"June 10, 2024",2024-06-12,"June 12, 2024",201.8,10684.91,On-time
SH008283,W03,ST19,CR03,12/06/2024,14/06/2024,14/06/2024,125.4,9039.76,On-time
SH008284,W02,ST19,CR04,13/06/2024,2024-06-15,2024-06-16,252.7,12385.5,Delayed
SH008285,W03,ST19,CR02,16/06/2024,"June 18, 2024",2024-06-22,201.8,8354.93,Delayed
SH008286,W03,ST19,CR01,2024-06-18,20/06/2024,2024-06-20,201.8,8333.48,On-time
SH008287,W03,ST19,CR03,"June 20, 2024",2024-06-22,"June 22, 2024",125.4,10229.17,On-time
SH008288,W03,ST19,CR03,2024-06-21,"June 23, 2024","June 24, 2024",201.8,7410.9,Delayed
SH008289,W03,ST19,CR04,"June 22, 2024",24/06/2024,2024-06-26,201.8,12018.15,Delayed
SH008290,W03,ST19,CR01,2024-06-25,27/06/2024,27/06/2024,201.8,10068.93,On-time
SH008291,W03,ST19,CR02,27/06/2024,29/06/2024,29/06/2024,201.8,11305.14,On-time
SH008292,W03,ST19,CR05,"June 28, 2024",30/06/2024,2024-07-01,201.8,,Delayed
SH008293,W03,ST19,CR02,30/06/2024,"July 2, 2024",2024-07-02,201.8,11457.76,On-time
SH008294,W01,ST99,CR01,03/07/2024,"July 5, 2024","July 5, 2024",145.6,9161.72,On-time
SH008295,W03,ST19,CR01,"July 6, 2024",2024-07-08,2024-07-08,201.8,10482.78,On-time
SH008296,W03,ST19,CR01,09/07/2024,11/07/2024,11/07/2024,201.8,11459.69,On-time
SH008297,W03,ST19,CR05,11/07/2024,13/07/2024,"July 13, 2024",201.8,11407.39,On-time
SH008298,W03,ST19,CR04,13/07/2024,15/07/2024,2024-07-19,125.4,7220.39,Delayed
SH008299,W03,ST19,CR05,15/07/2024,"July 17, 2024",2024-07-17,201.8,7562.37,On-time
SH008300,W03,ST19,CR03,2024-07-17,2024-07-19,2024-07-19,201.8,11064.97,On-time
SH008301,W03,ST19,CR02,2024-07-19,21/07/2024,"July 21, 2024",201.8,9405.56,On-time
SH008302,W03,ST19,CR02,21/07/2024,23/07/2024,2024-07-23,201.8,12079.28,Damaged
SH008303,W03,ST19,CR03,2024-07-23,25/07/2024,"July 29, 2024",201.8,,Delayed
SH008304,W03,ST19,CR01,"July 26, 2024",28/07/2024,"July 30, 2024",201.8,8673.8,Delayed
SH008305,W03,ST19,CR05,29/07/2024,31/07/2024,"July 31, 2024",201.8,11193.26,On-time
SH008306,W03,ST19,CR04,"August 1, 2024","August 3, 2024",07/08/2024,201.8,8245.86,Delayed
SH008307,W02,ST19,CR03,"August 3, 2024",2024-08-05,2024-08-06,252.7,,Delayed
SH008308,W03,ST19,CR03,"August 5, 2024","August 7, 2024",07/08/2024,201.8,9637.66,On-time
SH008309,W03,ST19,CR01,2024-08-07,2024-08-09,"August 12, 2024",201.8,11204.47,Delayed
SH008310,W03,ST19,CR01,2024-08-10,"August 12, 2024",2024-08-12,201.8,,On-time
SH008311,W03,ST19,CR03,"August 12, 2024",14/08/2024,14/08/2024,201.8,8729.54,On-time
SH008312,W03,ST19,CR05,"August 14, 2024","August 16, 2024",16/08/2024,201.8,10683.36,On-time
SH008313,W03,ST19,CR04,15/08/2024,"August 17, 2024","August 21, 2024",201.8,10770.17,Delayed
SH008314,W03,ST19,CR02,"August 17, 2024",19/08/2024,"August 19, 2024",125.4,12192.86,On-time
SH008315,W03,ST19,CR04,"August 20, 2024","August 22, 2024",2024-08-23,201.8,,Delayed
SH008316,W03,ST19,CR05,23/08/2024,"August 25, 2024",2024-08-25,201.8,9773.04,On-time
SH008317,W01,ST19,CR03,"August 25, 2024",2024-08-27,"August 30, 2024",145.6,7585.39,Delayed
SH008318,W03,ST19,CR05,2024-08-27,29/08/2024,2024-08-29,201.8,9570.61,On-time
SH008319,W03,ST19,CR01,29/08/2024,"August 31, 2024",2024-08-31,201.8,8196.74,On-time
SH008320,W03,ST19,CR03,31/08/2024,"September 2, 2024","September 4, 2024",201.8,9539.63,Delayed
SH008321,W02,ST19,CR02,2024-09-02,2024-09-04,04/09/2024,252.7,11664.1,On-time
SH008322,W03,ST19,CR02,"September 3, 2024","September 5, 2024",2024-09-05,201.8,11585.33,On-time
SH008323,W03,ST19,CR05,04/09/2024,06/09/2024,"September 6, 2024",201.8,8353.95,On-time
SH008324,W03,ST19,CR05,06/09/2024,2024-09-08,08/09/2024,125.4,7116.59,On-time
SH008325,W03,ST19,CR01,08/09/2024,2024-09-10,11/09/2024,201.8,9861.42,Delayed
SH008326,W03,ST19,CR02,11/09/2024,"September 13, 2024","September 13, 2024",201.8,8271.2,On-time
SH008327,W03,ST19,CR02,2024-09-13,2024-09-15,17/09/2024,201.8,12048.64,Delayed
SH008328,W03,ST19,CR04,"September 15, 2024",2024-09-17,19/09/2024,201.8,8921.55,Delayed
SH008329,W03,ST19,CR02,2024-09-18,"September 20, 2024",20/09/2024,201.8,8698.58,On-time
SH008330,W03,ST19,CR02,"September 19, 2024",2024-09-21,21/09/2024,125.4,10140.79,On-time
SH008331,W03,ST19,CR01,2024-09-21,"September 23, 2024",23/09/2024,201.8,10613.64,On-time
SH008332,W03,ST19,CR03,2024-09-24,"September 26, 2024",2024-09-26,201.8,9676.43,On-time
SH008333,W03,ST19,CR01,2024-09-26,28/09/2024,28/09/2024,201.8,8389.95,On-time
SH008334,W03,ST19,CR01,"September 27, 2024","September 29, 2024",01/10/2024,201.8,11221.61,Delayed
SH008335,W03,ST19,CR03,29/09/2024,"October 1, 2024",04/10/2024,201.8,8368.64,Delayed
SH008336,W03,ST19,CR02,"October 1, 2024",03/10/2024,03/10/2024,201.8,12823.73,On-time
SH008337,W01,ST19,CR01,2024-10-03,2024-10-05,2024-10-05,145.6,8891.18,On-time
SH008338,W03,ST19,CR02,"October 5, 2024",07/10/2024,07/10/2024,201.8,10726.43,On-time
SH008339,W03,ST19,CR01,"October 8, 2024","October 10, 2024",2024-10-10,201.8,9600.0,On-time
SH008340,W03,ST19,CR03,"October 11, 2024",2024-10-13,"October 13, 2024",201.8,10423.63,On-time
SH008341,W03,ST19,CR04,13/10/2024,2024-10-15,17/10/2024,201.8,9827.81,Delayed
SH008342,W03,ST19,CR04,"October 15, 2024",17/10/2024,2024-10-21,201.8,8529.02,Delayed
SH008343,W03,ST19,CR05,17/10/2024,"October 19, 2024",19/10/2024,201.8,10676.45,On-time
SH008344,W03,ST19,CR01,19/10/2024,"October 21, 2024",21/10/2024,201.8,7379.93,On-time
SH008345,W03,ST19,CR01,"October 22, 2024","October 24, 2024","October 24, 2024",201.8,10729.46,On-time
SH008346,W03,ST19,CR05,2024-10-25,27/10/2024,"October 27, 2024",201.8,7259.77,On-time
SH008347,W03,ST19,CR01,26/10/2024,28/10/2024,2024-10-28,125.4,9320.84,On-time
SH008348,W03,ST19,CR01,2024-10-27,2024-10-29,2024-10-29,201.8,,On-time
SH008349,W03,ST19,CR03,29/10/2024,2024-10-31,"October 31, 2024",201.8,7986.79,On-time
SH008350,W03,ST19,CR03,"November 1, 2024",2024-11-03,2024-11-03,201.8,11005.16,On-time
SH008351,W02,ST19,CR02,02/11/2024,2024-11-04,2024-11-08,252.7,12054.83,Delayed
SH008352,W03,ST19,CR04,03/11/2024,2024-11-05,08/11/2024,201.8,9375.03,Delayed
SH008353,W03,ST19,CR02,"November 6, 2024",08/11/2024,"November 8, 2024",201.8,8690.47,On-time
SH008354,W02,ST19,CR05,"November 8, 2024",10/11/2024,"November 10, 2024",252.7,13194.47,On-time
SH008355,W03,ST19,CR02,2024-11-10,"November 12, 2024",2024-11-12,201.8,9623.76,On-time
SH008356,W03,ST19,CR05,"November 12, 2024",14/11/2024,14/11/2024,125.4,9288.13,On-time
SH008357,W03,ST19,CR05,14/11/2024,16/11/2024,2024-11-17,201.8,8964.8,Delayed
SH008358,W03,ST19,CR01,16/11/2024,2024-11-18,18/11/2024,201.8,10182.59,On-time
SH008359,W03,ST19,CR04,"November 18, 2024",2024-11-20,"November 20, 2024",201.8,9926.24,On-time
SH008360,W01,ST19,CR01,"November 20, 2024",2024-11-22,2024-11-22,90.5,8202.58,On-time
SH008361,W03,ST19,CR04,2024-11-22,2024-11-24,24/11/2024,125.4,9017.77,On-time
SH008362,W03,ST19,CR04,25/11/2024,2024-11-27,2024-11-27,201.8,8335.77,On-time
SH008363,W03,ST19,CR02,"November 28, 2024",2024-11-30,"November 30, 2024",201.8,11529.5,On-time
SH008364,W03,ST19,CR01,30/11/2024,"December 2, 2024",2024-12-06,201.8,12583.25,Damaged
SH008365,W03,ST19,CR01,02/12/2024,2024-12-04,2024-12-04,125.4,8358.15,Damaged
SH008366,W03,ST19,CR01,03/12/2024,"December 5, 2024",09/12/2024,125.4,,Delayed
SH008367,W02,ST19,CR02,05/12/2024,2024-12-07,2024-12-07,252.7,10501.77,On-time
SH008368,W03,ST19,CR05,2024-12-07,2024-12-09,09/12/2024,125.4,12788.98,Damaged
SH008369,W03,ST19,CR02,"December 9, 2024",2024-12-11,11/12/2024,125.4,,On-time
SH008370,W03,ST19,CR02,2024-12-11,2024-12-13,13/12/2024,201.8,9473.29,On-time
SH008371,W03,ST19,CR05,13/12/2024,2024-12-15,"December 15, 2024",125.4,9489.25,On-time
SH008372,W03,ST19,CR02,15/12/2024,2024-12-17,"December 17, 2024",201.8,7405.06,Damaged
SH008373,W03,ST19,CR05,17/12/2024,19/12/2024,2024-12-20,201.8,12226.03,Delayed
SH008374,W02,ST19,CR01,"December 18, 2024",2024-12-20,20/12/2024,252.7,14797.88,On-time
SH008375,W03,ST19,CR03,"December 21, 2024","December 23, 2024","December 23, 2024",201.8,8841.84,On-time
SH008376,W03,ST19,CR01,2024-12-24,"December 26, 2024","December 27, 2024",201.8,7169.8,Delayed
SH008377,W03,ST19,CR02,"December 27, 2024",2024-12-29,2025-01-02,201.8,9296.03,Delayed
SH008378,W03,ST19,CR02,"December 30, 2024",01/01/2025,2025-01-01,201.8,9663.78,On-time
SH008379,W03,ST19,CR01,2025-01-01,2025-01-03,03/01/2025,201.8,7678.94,On-time
SH008380,W03,ST19,CR05,2025-01-02,2025-01-04,04/01/2025,201.8,9504.32,On-time
SH008381,W03,ST19,CR01,"January 4, 2025",2025-01-06,06/01/2025,201.8,9288.01,On-time
SH008382,W03,ST19,CR03,"January 6, 2025","January 8, 2025",2025-01-08,201.8,9849.58,On-time
SH008383,W02,ST19,CR03,08/01/2025,2025-01-10,10/01/2025,252.7,10288.42,On-time
SH008384,W03,ST19,CR01,2025-01-09,2025-01-11,11/01/2025,201.8,8661.51,On-time
SH008385,W03,ST19,CR01,2025-01-10,2025-01-12,12/01/2025,201.8,10153.74,On-time
SH008386,W03,ST19,CR01,2025-01-13,"January 15, 2025","January 17, 2025",201.8,7525.71,Delayed
SH008387,W03,ST19,CR02,2025-01-15,17/01/2025,17/01/2025,201.8,11443.87,On-time
SH008388,W03,ST19,CR03,2025-01-17,"January 19, 2025",2025-01-19,201.8,9717.75,On-time
SH008389,W03,ST19,CR03,20/01/2025,2025-01-22,22/01/2025,201.8,8943.92,On-time
SH008390,W03,ST19,CR05,"January 22, 2025","January 24, 2025","January 24, 2025",201.8,8972.97,On-time
SH008391,W03,ST19,CR03,"January 24, 2025",2025-01-26,2025-01-26,201.8,11223.06,On-time
SH008392,W03,ST19,CR05,2025-01-27,2025-01-29,"January 29, 2025",201.8,9005.0,On-time
SH008393,W03,ST19,CR01,"January 29, 2025","January 31, 2025",2025-01-31,201.8,8049.46,On-time
SH008394,W03,ST19,CR01,"February 1, 2025","February 3, 2025",2025-02-03,201.8,9004.97,On-time
SH008395,W03,ST19,CR04,03/02/2025,05/02/2025,"February 9, 2025",125.4,7924.03,Delayed
SH008396,W03,ST19,CR05,2025-02-05,07/02/2025,"February 7, 2025",201.8,8465.99,On-time
SH008397,W03,ST19,CR01,2025-02-07,2025-02-09,"February 9, 2025",201.8,7769.64,On-time
SH008398,W03,ST19,CR05,"February 9, 2025",11/02/2025,2025-02-11,201.8,10702.07,On-time
SH008399,W03,ST19,CR05,"February 11, 2025",13/02/2025,2025-02-13,201.8,10185.58,On-time
SH008400,W03,ST19,CR05,2025-02-14,16/02/2025,16/02/2025,201.8,12208.51,On-time
SH008401,W03,ST19,CR02,2025-02-16,18/02/2025,"February 18, 2025",201.8,7705.28,On-time
SH008402,W03,ST19,CR04,2025-02-18,2025-02-20,"February 22, 2025",201.8,10381.24,Delayed
SH008403,W03,ST19,CR03,2025-02-20,"February 22, 2025","February 24, 2025",201.8,11163.75,Delayed
SH008404,W03,ST19,CR02,2025-02-22,24/02/2025,26/02/2025,201.8,,Delayed
SH008405,W03,ST19,CR03,"February 23, 2025","February 25, 2025","February 27, 2025",125.4,9866.63,Delayed
SH008406,W03,ST19,CR04,24/02/2025,2025-02-26,"February 26, 2025",201.8,9874.05,On-time
SH008407,W03,ST19,CR05,26/02/2025,"February 28, 2025",28/02/2025,125.4,8867.69,On-time
SH008408,W03,ST19,CR01,"February 27, 2025","March 1, 2025","March 1, 2025",201.8,7950.29,On-time
SH008409,W03,ST19,CR03,2025-03-01,03/03/2025,2025-03-05,201.8,10250.1,Delayed
SH008410,W03,ST19,CR02,"March 3, 2025","March 5, 2025",2025-03-05,201.8,11759.75,On-time
SH008411,W03,ST19,CR01,2025-03-04,"March 6, 2025",2025-03-06,201.8,8656.36,On-time
SH008412,W03,ST19,CR03,"March 7, 2025","March 9, 2025",2025-03-09,201.8,10021.0,On-time
SH008413,W01,ST19,CR01,"March 9, 2025",2025-03-11,11/03/2025,90.5,8732.68,On-time
SH008414,W03,ST19,CR05,10/03/2025,"March 12, 2025",12/03/2025,201.8,8127.65,On-time
SH008415,W03,ST19,CR02,12/03/2025,"March 14, 2025",14/03/2025,201.8,11594.94,On-time
SH008416,W03,ST19,CR02,"March 15, 2025","March 17, 2025",2025-03-17,201.8,8346.31,On-time
SH008417,W03,ST19,CR03,2025-03-16,2025-03-18,"March 18, 2025",201.8,7818.63,On-time
SH008418,W03,ST19,CR05,19/03/2025,"March 21, 2025",2025-03-21,201.8,11137.98,On-time
SH008419,W01,ST19,CR02,"March 20, 2025","March 22, 2025",2025-03-22,90.5,6633.92,On-time
SH008420,W03,ST19,CR05,21/03/2025,23/03/2025,"March 23, 2025",125.4,10623.49,On-time
SH008421,W03,ST19,CR02,23/03/2025,"March 25, 2025",2025-03-27,201.8,7808.47,Delayed
SH008422,W03,ST19,CR04,"March 26, 2025",28/03/2025,"March 30, 2025",201.8,9472.81,Delayed
SH008423,W03,ST19,CR01,2025-03-28,"March 30, 2025",2025-03-30,201.8,10037.35,On-time
SH008424,W01,ST19,CR04,2025-03-29,31/03/2025,2025-04-03,145.6,5873.93,Delayed
SH008425,W03,ST19,CR02,"April 1, 2025","April 3, 2025","April 6, 2025",201.8,9821.52,Delayed
SH008426,W03,ST19,CR05,2025-04-03,05/04/2025,"April 5, 2025",201.8,8350.5,On-time
SH008427,W03,ST19,CR04,2025-04-05,07/04/2025,"April 9, 2025",201.8,10754.33,Delayed
SH008428,W03,ST19,CR05,06/04/2025,08/04/2025,"April 8, 2025",201.8,11443.84,On-time
SH008429,W03,ST19,CR01,2025-04-07,09/04/2025,"April 9, 2025",201.8,10599.83,On-time
SH008430,W03,ST19,CR05,"April 8, 2025",2025-04-10,10/04/2025,201.8,9189.65,On-time
SH008431,W01,ST19,CR03,"April 10, 2025",12/04/2025,"April 16, 2025",145.6,5925.29,Delayed
SH008432,W03,ST19,CR03,2025-04-12,14/04/2025,"April 18, 2025",201.8,7560.9,Delayed
SH008433,W03,ST19,CR01,14/04/2025,16/04/2025,16/04/2025,201.8,9677.47,On-time
SH008434,W03,ST19,CR01,2025-04-15,"April 17, 2025",17/04/2025,201.8,10724.02,On-time
SH008435,W03,ST19,CR01,2025-04-17,19/04/2025,2025-04-20,201.8,,Delayed
SH008436,W03,ST19,CR01,2025-04-19,"April 21, 2025","April 21, 2025",201.8,12359.06,On-time
SH008437,W02,ST19,CR02,2025-04-21,23/04/2025,23/04/2025,252.7,,On-time
SH008438,W03,ST19,CR04,"April 23, 2025","April 25, 2025",2025-04-28,125.4,9672.73,Delayed
SH008439,W03,ST19,CR04,24/04/2025,26/04/2025,"April 26, 2025",201.8,9910.09,On-time
SH008440,W01,ST19,CR02,"April 26, 2025",28/04/2025,01/05/2025,145.6,8840.45,Delayed
SH008441,W03,ST19,CR03,27/04/2025,"April 29, 2025",2025-04-29,201.8,8082.92,On-time
SH008442,W02,ST19,CR02,2025-04-29,01/05/2025,2025-05-01,252.7,10065.23,On-time
SH008443,W03,ST19,CR03,2025-05-01,2025-05-03,"May 3, 2025",201.8,8331.42,On-time
SH008444,W03,ST19,CR05,03/05/2025,2025-05-05,05/05/2025,201.8,8576.61,On-time
SH008445,W03,ST19,CR03,"May 5, 2025",07/05/2025,10/05/2025,201.8,8661.7,Delayed
SH008446,W03,ST19,CR03,2025-05-07,"May 9, 2025",2025-05-09,201.8,7887.56,On-time
SH008447,W03,ST19,CR03,09/05/2025,2025-05-11,11/05/2025,201.8,8952.89,On-time
SH008448,W03,ST19,CR03,10/05/2025,"May 12, 2025",2025-05-12,201.8,7755.13,On-time
SH008449,W03,ST19,CR01,12/05/2025,"May 14, 2025",14/05/2025,201.8,7829.21,On-time
SH008450,W03,ST19,CR05,2025-05-14,"May 16, 2025","May 16, 2025",201.8,10827.46,On-time
SH008451,W03,ST19,CR03,"May 16, 2025","May 18, 2025","May 18, 2025",201.8,8018.0,On-time
SH008452,W03,ST19,CR02,18/05/2025,20/05/2025,"May 20, 2025",201.8,11616.65,On-time
SH008453,W02,ST19,CR04,"May 21, 2025",23/05/2025,23/05/2025,252.7,12389.23,On-time
SH008454,W03,ST19,CR03,"May 22, 2025","May 24, 2025",2025-05-24,201.8,7706.3,On-time
SH008455,W03,ST19,CR05,"May 25, 2025","May 27, 2025",2025-05-27,201.8,7960.24,On-time
SH008456,W03,ST19,CR02,"May 27, 2025","May 29, 2025",2025-05-29,201.8,7223.07,On-time
SH008457,W02,ST19,CR03,"May 28, 2025","May 30, 2025",30/05/2025,157.1,10529.49,On-time
SH008458,W03,ST19,CR02,"May 30, 2025",01/06/2025,"June 4, 2025",201.8,8660.38,Delayed
SH008459,W03,ST19,CR02,01/06/2025,2025-06-03,"June 7, 2025",201.8,10062.16,Delayed
SH008460,W03,ST19,CR03,2025-06-03,2025-06-05,2025-06-06,201.8,10043.72,Delayed
SH008461,W03,ST19,CR02,05/06/2025,2025-06-07,"June 7, 2025",201.8,11708.81,On-time
SH008462,W03,ST19,CR03,2025-06-07,2025-06-09,09/06/2025,201.8,11816.79,On-time
SH008463,W03,ST19,CR05,"June 9, 2025","June 11, 2025",2025-06-13,125.4,8692.31,Delayed
SH008464,W03,ST19,CR03,12/06/2025,2025-06-14,2025-06-15,201.8,11696.09,Delayed
SH008465,W03,ST19,CR02,"June 13, 2025","June 15, 2025",15/06/2025,201.8,9992.84,On-time
SH008466,W03,ST19,CR02,"June 14, 2025",16/06/2025,2025-06-16,201.8,,On-time
SH008467,W03,ST19,CR04,17/06/2025,19/06/2025,2025-06-19,125.4,10235.53,On-time
SH008468,W03,ST19,CR03,"June 18, 2025","June 20, 2025",20/06/2025,201.8,7320.1,On-time
SH008469,W02,ST19,CR03,20/06/2025,22/06/2025,2025-06-23,252.7,10978.28,Delayed
SH008470,W03,ST19,CR04,2025-06-22,2025-06-24,"June 26, 2025",201.8,8424.87,Damaged
SH008471,W03,ST19,CR05,2025-06-24,26/06/2025,26/06/2025,201.8,11675.93,Lost
SH008472,W03,ST19,CR03,"June 27, 2025","June 29, 2025",29/06/2025,201.8,8957.32,On-time
SH008473,W03,ST19,CR02,2025-06-29,"July 1, 2025","July 1, 2025",201.8,10495.39,On-time
SH008474,W03,ST19,CR05,2025-07-01,03/07/2025,03/07/2025,201.8,10314.12,On-time
SH008475,W02,ST19,CR02,2025-07-03,"July 5, 2025",06/07/2025,252.7,12137.25,Delayed
SH008476,W03,ST19,CR02,05/07/2025,"July 7, 2025","July 9, 2025",201.8,10846.16,Delayed
SH008477,W01,ST19,CR01,08/07/2025,"July 10, 2025",10/07/2025,145.6,7279.65,On-time
SH008478,W03,ST19,CR03,"July 10, 2025","July 12, 2025","July 12, 2025",201.8,9345.42,On-time
SH008479,W03,ST19,CR03,11/07/2025,13/07/2025,13/07/2025,201.8,8406.43,On-time
SH008480,W03,ST19,CR05,13/07/2025,15/07/2025,15/07/2025,201.8,8642.46,Lost
SH008481,W03,ST19,CR02,2025-07-16,"July 18, 2025",2025-07-18,201.8,11018.05,On-time
SH008482,W03,ST19,CR03,19/07/2025,"July 21, 2025","July 21, 2025",125.4,11606.13,On-time
SH008483,W03,ST19,CR03,"July 22, 2025",24/07/2025,28/07/2025,201.8,8695.49,Delayed
SH008484,W03,ST19,CR04,"July 23, 2025",2025-07-25,25/07/2025,125.4,10229.64,On-time
SH008485,W02,ST19,CR04,25/07/2025,"July 27, 2025","July 27, 2025",252.7,11522.11,On-time
SH008486,W03,ST19,CR02,"July 28, 2025","July 30, 2025",2025-08-01,125.4,,Delayed
SH008487,W03,ST19,CR02,29/07/2025,31/07/2025,31/07/2025,201.8,11708.62,On-time
SH008488,W03,ST19,CR05,"July 30, 2025",01/08/2025,2025-08-01,125.4,8097.34,On-time
SH008489,W03,ST19,CR04,"August 2, 2025",2025-08-04,2025-08-04,201.8,9690.36,On-time
SH008490,W03,ST19,CR03,2025-08-04,2025-08-06,2025-08-06,201.8,9349.49,On-time
SH008491,W03,ST19,CR05,"August 5, 2025",2025-08-07,07/08/2025,201.8,9199.11,On-time
SH008492,W03,ST19,CR02,07/08/2025,09/08/2025,"August 13, 2025",201.8,7081.77,Delayed
SH008493,W03,ST19,CR05,"August 9, 2025",11/08/2025,2025-08-11,201.8,8725.93,On-time
SH008494,W03,ST19,CR03,10/08/2025,2025-08-12,12/08/2025,201.8,7404.82,On-time
SH008495,W03,ST19,CR01,2025-08-12,14/08/2025,2025-08-14,201.8,8595.39,On-time
SH008496,W03,ST19,CR05,2025-08-13,"August 15, 2025","August 15, 2025",201.8,10434.93,On-time
SH008497,W03,ST19,CR04,"August 16, 2025",2025-08-18,2025-08-18,201.8,9885.28,On-time
SH008498,W03,ST19,CR03,18/08/2025,20/08/2025,2025-08-24,201.8,7964.34,Delayed
SH008499,W03,ST19,CR04,2025-08-20,22/08/2025,"August 22, 2025",201.8,11653.5,On-time
SH008500,W03,ST19,CR05,2025-08-21,2025-08-23,"August 23, 2025",201.8,9757.95,On-time
SH008501,W03,ST19,CR05,"August 22, 2025",24/08/2025,2025-08-24,201.8,9771.67,On-time
SH008502,W03,ST19,CR03,"August 24, 2025",26/08/2025,"August 29, 2025",201.8,8965.05,Delayed
SH008503,W03,ST19,CR03,"August 27, 2025",2025-08-29,"August 29, 2025",201.8,7805.91,On-time
SH008504,W03,ST19,CR04,2025-08-29,"August 31, 2025",01/09/2025,201.8,11497.48,Delayed
SH008505,W03,ST19,CR03,"August 30, 2025","September 1, 2025",01/09/2025,201.8,9019.89,On-time
SH008506,W02,ST19,CR01,2025-09-01,2025-09-03,2025-09-03,252.7,12216.19,On-time
SH008507,W03,ST19,CR02,"September 3, 2025",05/09/2025,"September 5, 2025",201.8,10893.86,Damaged
SH008508,W03,ST19,CR04,05/09/2025,2025-09-07,2025-09-07,201.8,9648.7,On-time
SH008509,W03,ST19,CR02,08/09/2025,10/09/2025,"September 11, 2025",201.8,9183.35,Delayed
SH008510,W03,ST19,CR04,"September 11, 2025",13/09/2025,13/09/2025,201.8,9355.54,On-time
SH008511,W03,ST19,CR03,2025-09-12,"September 14, 2025","September 14, 2025",201.8,8239.05,On-time
SH008512,W03,ST19,CR02,15/09/2025,17/09/2025,"September 17, 2025",201.8,9796.12,On-time
SH008513,W03,ST19,CR03,17/09/2025,2025-09-19,19/09/2025,201.8,9652.75,On-time
SH008514,W03,ST19,CR05,20/09/2025,22/09/2025,22/09/2025,201.8,11710.74,Lost
SH008515,W03,ST19,CR03,22/09/2025,24/09/2025,24/09/2025,201.8,10876.01,On-time
SH008516,W03,ST19,CR04,"September 24, 2025",26/09/2025,2025-09-26,201.8,6961.63,On-time
SH008517,W03,ST19,CR02,"September 26, 2025","September 28, 2025",2025-09-29,201.8,7813.97,Delayed
SH008518,W03,ST19,CR04,"September 29, 2025","October 1, 2025",2025-10-01,201.8,8191.29,On-time
SH008519,W03,ST19,CR02,02/10/2025,"October 4, 2025","October 5, 2025",201.8,8221.44,Delayed
SH008520,W03,ST19,CR05,"October 4, 2025","October 6, 2025",06/10/2025,201.8,8546.78,On-time
SH008521,W03,ST19,CR05,"October 7, 2025","October 9, 2025",2025-10-09,201.8,10964.15,On-time
SH008522,W03,ST19,CR05,08/10/2025,2025-10-10,2025-10-10,201.8,10891.47,On-time
SH008523,W01,ST19,CR03,"October 11, 2025","October 13, 2025",2025-10-14,145.6,7715.27,Delayed
SH008524,W03,ST19,CR02,"October 13, 2025","October 15, 2025","October 15, 2025",201.8,8002.32,On-time
SH008525,W03,ST19,CR03,2025-10-14,2025-10-16,2025-10-16,201.8,9709.0,On-time
SH008526,W03,ST19,CR01,16/10/2025,2025-10-18,2025-10-22,201.8,11459.66,Delayed
SH008527,W03,ST19,CR03,"October 18, 2025",2025-10-20,20/10/2025,201.8,12594.88,On-time
SH008528,W03,ST19,CR02,"October 20, 2025","October 22, 2025",2025-10-22,201.8,9035.78,On-time
SH008529,W03,ST19,CR01,21/10/2025,2025-10-23,2025-10-23,201.8,,On-time
SH008530,W03,ST19,CR03,"October 23, 2025",2025-10-25,"October 25, 2025",201.8,9907.59,On-time
SH008531,W03,ST19,CR03,25/10/2025,2025-10-27,27/10/2025,201.8,10204.9,On-time
SH008532,W03,ST19,CR01,27/10/2025,29/10/2025,"October 29, 2025",201.8,10411.53,On-time
SH008533,W01,ST19,CR01,"October 28, 2025",30/10/2025,"November 1, 2025",90.5,7203.18,Delayed
SH008534,W03,ST19,CR02,30/10/2025,"November 1, 2025",2025-11-01,201.8,9397.01,On-time
SH008535,W03,ST19,CR03,"November 1, 2025",2025-11-03,"November 3, 2025",125.4,9104.14,On-time
SH008536,W03,ST19,CR01,03/11/2025,"November 5, 2025",2025-11-05,201.8,11325.63,On-time
SH008537,W03,ST19,CR03,"November 5, 2025",2025-11-07,2025-11-07,201.8,8112.77,On-time
SH008538,W03,ST19,CR01,07/11/2025,"November 9, 2025",09/11/2025,201.8,7117.53,On-time
SH008539,W03,ST19,CR05,2025-11-09,11/11/2025,2025-11-11,201.8,11939.22,On-time
SH008540,W03,ST19,CR01,11/11/2025,"November 13, 2025",13/11/2025,201.8,,On-time
SH008541,W03,ST19,CR01,13/11/2025,2025-11-15,"November 15, 2025",201.8,,On-time
SH008542,W03,ST19,CR03,2025-11-14,16/11/2025,2025-11-16,201.8,9741.96,On-time
SH008543,W03,ST19,CR03,16/11/2025,18/11/2025,"November 18, 2025",201.8,7475.38,On-time
SH008544,W03,ST19,CR03,2025-11-17,2025-11-19,2025-11-21,201.8,12113.55,Delayed
SH008545,W03,ST19,CR05,2025-11-20,"November 22, 2025",22/11/2025,201.8,7874.19,On-time
SH008546,W03,ST19,CR02,2025-11-22,"November 24, 2025",2025-11-24,201.8,10621.44,On-time
SH008547,W03,ST19,CR03,2025-11-23,2025-11-25,25/11/2025,201.8,10043.73,On-time
SH008548,W03,ST19,CR01,"November 25, 2025",2025-11-27,27/11/2025,201.8,8584.54,On-time
SH008549,W01,ST19,CR03,27/11/2025,29/11/2025,29/11/2025,90.5,8997.88,On-time
SH008550,W03,ST19,CR02,29/11/2025,"December 1, 2025",01/12/2025,201.8,9229.37,On-time
SH008551,W03,ST19,CR02,2025-12-02,"December 4, 2025","December 4, 2025",201.8,9364.26,On-time
SH008552,W02,ST19,CR01,04/12/2025,"December 6, 2025",2025-12-09,252.7,,Delayed
SH008553,W03,ST19,CR05,"December 6, 2025","December 8, 2025",08/12/2025,201.8,,On-time
SH008554,W03,ST19,CR02,08/12/2025,2025-12-10,10/12/2025,201.8,10665.41,On-time
SH008555,W03,ST19,CR05,2025-12-10,12/12/2025,2025-12-12,201.8,10247.31,On-time
SH008556,W03,ST19,CR01,"December 12, 2025",2025-12-14,2025-12-14,201.8,10903.44,On-time
SH008557,W03,ST19,CR04,"December 14, 2025","December 16, 2025",16/12/2025,201.8,11531.97,Lost
SH008558,W03,ST19,CR05,15/12/2025,17/12/2025,"December 17, 2025",201.8,12033.27,On-time
SH008559,W03,ST19,CR02,"December 17, 2025",2025-12-19,2025-12-19,201.8,9661.62,On-time
SH008560,W03,ST19,CR04,18/12/2025,2025-12-20,2025-12-20,201.8,11197.9,On-time
SH008561,W03,ST19,CR05,2025-12-19,2025-12-21,2025-12-21,125.4,8592.63,On-time
SH008562,W03,ST19,CR02,21/12/2025,2025-12-23,2025-12-23,201.8,,On-time
SH008563,W03,ST19,CR01,23/12/2025,2025-12-25,2025-12-25,201.8,8702.42,On-time
SH008564,W03,ST19,CR03,"December 24, 2025","December 26, 2025",26/12/2025,125.4,10986.15,On-time
SH008565,W02,ST19,CR03,2025-12-27,"December 29, 2025","December 29, 2025",252.7,12466.55,On-time
SH008566,W03,ST19,CR01,"December 29, 2025",2025-12-31,,201.8,,In-Transit
SH008567,W02,ST19,CR03,30/12/2025,2026-01-01,,252.7,14856.43,In-Transit
SH008568,W03,ST20,CR04,03/01/2024,2024-01-05,2024-01-07,367.7,17498.22,Delayed
SH008569,W02,ST20,CR02,"January 5, 2024",07/01/2024,2024-01-07,282.1,16989.21,On-time
SH008570,W02,ST20,CR01,2024-01-08,"January 10, 2024",10/01/2024,282.1,14419.29,On-time
SH008571,W02,ST20,CR03,10/01/2024,2024-01-12,"January 12, 2024",282.1,14310.61,On-time
SH008572,W02,ST20,CR04,11/01/2024,13/01/2024,"January 13, 2024",282.1,13203.23,Lost
SH008573,W02,ST20,CR05,13/01/2024,2024-01-15,15/01/2024,282.1,,On-time
SH008574,W02,ST20,CR05,"January 15, 2024","January 17, 2024","January 17, 2024",282.1,13467.33,Damaged
SH008575,W02,ST20,CR01,16/01/2024,2024-01-18,18/01/2024,282.1,15952.3,On-time
SH008576,W02,ST20,CR03,"January 17, 2024",2024-01-19,2024-01-19,282.1,9724.88,On-time
SH008577,W02,ST20,CR02,2024-01-18,20/01/2024,23/01/2024,282.1,16523.12,Delayed
SH008578,W02,ST20,CR03,2024-01-20,"January 22, 2024",25/01/2024,282.1,15656.17,Delayed
SH008579,W02,ST20,CR03,2024-01-21,"January 23, 2024",23/01/2024,282.1,13678.63,On-time
SH008580,W02,ST20,CR01,"January 23, 2024",2024-01-25,25/01/2024,282.1,11226.29,On-time
SH008581,W02,ST20,CR03,"January 25, 2024",2024-01-27,"January 27, 2024",282.1,12963.44,On-time
SH008582,W02,ST20,CR02,"January 27, 2024",2024-01-29,2024-01-29,282.1,13576.74,On-time
SH008583,W02,ST20,CR05,29/01/2024,2024-01-31,"January 31, 2024",282.1,13647.11,On-time
SH008584,W02,ST20,CR01,2024-02-01,2024-02-03,03/02/2024,282.1,11854.68,On-time
SH008585,W02,ST20,CR01,02/02/2024,04/02/2024,2024-02-04,282.1,12820.97,On-time
SH008586,W03,ST20,CR02,04/02/2024,2024-02-06,06/02/2024,367.7,21525.66,On-time
SH008587,W02,ST20,CR05,2024-02-05,"February 7, 2024",2024-02-07,282.1,15613.8,On-time
SH008588,W01,ST20,CR01,2024-02-07,"February 9, 2024",2024-02-13,202.2,11915.3,Delayed
SH008589,W02,ST20,CR02,"February 9, 2024",11/02/2024,"February 11, 2024",282.1,14882.01,On-time
SH008590,W02,ST20,CR03,"February 10, 2024",2024-02-12,"February 12, 2024",282.1,17365.23,On-time
SH008591,W02,ST20,CR01,"February 12, 2024",2024-02-14,"February 14, 2024",282.1,12103.79,On-time
SH008592,W02,ST20,CR03,"February 13, 2024",15/02/2024,"February 15, 2024",282.1,12131.15,On-time
SH008593,W03,ST20,CR03,2024-02-15,17/02/2024,"February 17, 2024",367.7,13879.6,On-time
SH008594,W02,ST20,CR01,2024-02-17,19/02/2024,19/02/2024,282.1,11216.64,On-time
SH008595,W02,ST20,CR02,"February 19, 2024",21/02/2024,"February 21, 2024",282.1,15790.1,On-time
SH008596,W02,ST20,CR02,21/02/2024,23/02/2024,2024-02-23,282.1,12636.2,On-time
SH008597,W02,ST20,CR03,23/02/2024,"February 25, 2024",2024-02-25,282.1,,On-time
SH008598,W02,ST20,CR03,"February 25, 2024",27/02/2024,2024-02-27,282.1,14396.73,On-time
SH008599,W02,ST20,CR01,2024-02-27,"February 29, 2024",2024-02-29,282.1,12352.14,On-time
SH008600,W02,ST20,CR03,29/02/2024,02/03/2024,2024-03-02,282.1,12911.59,On-time
SH008601,W02,ST20,CR02,2024-03-02,04/03/2024,"March 4, 2024",282.1,16667.82,On-time
SH008602,W02,ST20,CR02,2024-03-04,"March 6, 2024",06/03/2024,282.1,12589.79,On-time
SH008603,W01,ST20,CR03,06/03/2024,08/03/2024,"March 8, 2024",202.2,11949.63,On-time
SH008604,W01,ST20,CR02,"March 7, 2024",2024-03-09,2024-03-09,202.2,9990.25,Damaged
SH008605,W02,ST20,CR01,09/03/2024,11/03/2024,2024-03-12,282.1,12035.43,Delayed
SH008606,W02,ST20,CR02,2024-03-11,2024-03-13,"March 13, 2024",282.1,10467.19,On-time
SH008607,W02,ST20,CR01,"March 14, 2024",2024-03-16,"March 16, 2024",282.1,14078.49,On-time
SH008608,W02,ST20,CR01,16/03/2024,"March 18, 2024",18/03/2024,282.1,15761.69,On-time
SH008609,W02,ST20,CR03,2024-03-18,2024-03-20,2024-03-20,282.1,14025.11,On-time
SH008610,W02,ST20,CR03,"March 19, 2024",21/03/2024,"March 21, 2024",282.1,13222.07,On-time
SH008611,W02,ST20,CR02,"March 21, 2024","March 23, 2024",26/03/2024,282.1,16613.92,Delayed
SH008612,W03,ST20,CR03,"March 22, 2024",24/03/2024,2024-03-24,367.7,14928.14,On-time
SH008613,W02,ST20,CR02,24/03/2024,"March 26, 2024",2024-03-26,282.1,13338.52,On-time
SH008614,W02,ST20,CR03,"March 26, 2024",2024-03-28,"March 28, 2024",282.1,15595.36,On-time
SH008615,W02,ST20,CR01,2024-03-28,"March 30, 2024",2024-03-30,282.1,12460.74,On-time
SH008616,W02,ST20,CR01,2024-03-30,2024-04-01,"April 1, 2024",282.1,10676.79,On-time
SH008617,W02,ST20,CR04,01/04/2024,"April 3, 2024","April 3, 2024",282.1,14398.43,On-time
SH008618,W02,ST20,CR01,2024-04-03,05/04/2024,"April 8, 2024",175.3,17049.34,Delayed
SH008619,W02,ST20,CR04,2024-04-04,"April 6, 2024","April 8, 2024",282.1,11219.67,Delayed
SH008620,W02,ST20,CR03,"April 6, 2024",08/04/2024,2024-04-08,282.1,14295.63,On-time
SH008621,W02,ST20,CR02,2024-04-08,2024-04-10,2024-04-10,282.1,12686.65,On-time
SH008622,W02,ST20,CR03,"April 11, 2024",2024-04-13,2024-04-13,282.1,14066.12,On-time
SH008623,W02,ST20,CR02,2024-04-13,2024-04-15,2024-04-15,282.1,15780.15,On-time
SH008624,W02,ST20,CR05,2024-04-15,2024-04-17,17/04/2024,282.1,16138.17,On-time
SH008625,W01,ST20,CR01,17/04/2024,2024-04-19,2024-04-19,202.2,8275.14,On-time
SH008626,W02,ST20,CR03,19/04/2024,"April 21, 2024",21/04/2024,282.1,16397.5,On-time
SH008627,W02,ST20,CR02,"April 21, 2024",2024-04-23,23/04/2024,282.1,11337.87,On-time
SH008628,W02,ST20,CR01,24/04/2024,2024-04-26,26/04/2024,282.1,11429.36,On-time
SH008629,W02,ST20,CR05,2024-04-25,2024-04-27,"April 27, 2024",282.1,12482.43,On-time
SH008630,W02,ST20,CR05,27/04/2024,"April 29, 2024",2024-04-29,282.1,11246.62,On-time
SH008631,W02,ST20,CR02,2024-04-29,01/05/2024,"May 1, 2024",282.1,15580.29,On-time
SH008632,W02,ST20,CR05,"April 30, 2024","May 2, 2024",02/05/2024,282.1,16281.28,On-time
SH008633,W02,ST20,CR05,"May 2, 2024",04/05/2024,2024-05-04,282.1,,On-time
SH008634,W02,ST20,CR02,"May 3, 2024",05/05/2024,"May 5, 2024",282.1,11615.9,On-time
SH008635,W02,ST20,CR03,2024-05-05,2024-05-07,"May 7, 2024",282.1,15449.06,On-time
SH008636,W02,ST20,CR04,"May 7, 2024",2024-05-09,"May 9, 2024",282.1,10714.97,Damaged
SH008637,W02,ST20,CR02,2024-05-09,2024-05-11,2024-05-11,282.1,11720.36,On-time
SH008638,W02,ST20,CR01,11/05/2024,13/05/2024,"May 13, 2024",282.1,10331.08,On-time
SH008639,W02,ST20,CR02,13/05/2024,2024-05-15,15/05/2024,282.1,11703.46,On-time
SH008640,W02,ST20,CR02,15/05/2024,2024-05-17,17/05/2024,282.1,,On-time
SH008641,W02,ST20,CR03,"May 17, 2024",2024-05-19,19/05/2024,282.1,10177.68,On-time
SH008642,W02,ST20,CR02,2024-05-19,21/05/2024,"May 21, 2024",282.1,14610.33,On-time
SH008643,W02,ST20,CR02,20/05/2024,"May 22, 2024",2024-05-22,282.1,16344.97,On-time
SH008644,W02,ST20,CR03,"May 21, 2024","May 23, 2024",23/05/2024,282.1,14420.7,On-time
SH008645,W02,ST20,CR02,23/05/2024,2024-05-25,"May 25, 2024",282.1,10341.0,On-time
SH008646,W02,ST20,CR04,"May 25, 2024","May 27, 2024","May 27, 2024",282.1,,On-time
SH008647,W02,ST20,CR05,2024-05-27,2024-05-29,29/05/2024,282.1,11480.59,On-time
SH008648,W02,ST20,CR03,"May 28, 2024",30/05/2024,"May 30, 2024",282.1,15912.03,On-time
SH008649,W02,ST20,CR04,29/05/2024,2024-05-31,2024-05-31,282.1,10965.95,On-time
SH008650,W02,ST20,CR05,2024-05-30,01/06/2024,2024-06-01,282.1,16198.28,On-time
SH008651,W02,ST20,CR02,31/05/2024,"June 2, 2024","June 2, 2024",282.1,16853.91,On-time
SH008652,W02,ST20,CR01,2024-06-02,04/06/2024,"June 8, 2024",282.1,9311.15,Delayed
SH008653,W02,ST20,CR02,"June 4, 2024",06/06/2024,06/06/2024,282.1,11061.14,On-time
SH008654,W02,ST20,CR01,05/06/2024,"June 7, 2024",07/06/2024,282.1,15365.48,On-time
SH008655,W02,ST20,CR03,06/06/2024,08/06/2024,"June 8, 2024",282.1,11695.51,On-time
SH008656,W02,ST20,CR03,08/06/2024,2024-06-10,"June 10, 2024",282.1,10443.22,On-time
SH008657,W02,ST20,CR01,2024-06-10,12/06/2024,12/06/2024,282.1,12320.65,On-time
SH008658,W03,ST20,CR03,"June 12, 2024",14/06/2024,"June 17, 2024",367.7,17941.07,Delayed
SH008659,W02,ST20,CR04,15/06/2024,17/06/2024,2024-06-17,282.1,13095.13,On-time
SH008660,W02,ST20,CR03,2024-06-17,"June 19, 2024","June 23, 2024",282.1,15253.25,Delayed
SH008661,W01,ST20,CR05,19/06/2024,2024-06-21,2024-06-21,202.2,11913.69,On-time
SH008662,W02,ST20,CR03,2024-06-22,24/06/2024,2024-06-24,282.1,15559.0,On-time
SH008663,W02,ST20,CR03,"June 25, 2024","June 27, 2024",2024-06-28,282.1,15534.42,Delayed
SH008664,W02,ST20,CR05,2024-06-27,"June 29, 2024","June 29, 2024",282.1,12457.46,On-time
SH008665,W02,ST20,CR03,28/06/2024,2024-06-30,"July 3, 2024",282.1,15664.37,Delayed
SH008666,W01,ST20,CR05,"June 30, 2024","July 2, 2024","July 2, 2024",125.7,11102.35,On-time
SH008667,W02,ST20,CR04,2024-07-02,"July 4, 2024",2024-07-06,282.1,12103.09,Delayed
SH008668,W02,ST20,CR02,"July 3, 2024","July 5, 2024",05/07/2024,282.1,17119.97,On-time
SH008669,W02,ST20,CR05,"July 4, 2024",06/07/2024,2024-07-06,175.3,14136.7,On-time
SH008670,W02,ST20,CR01,2024-07-07,09/07/2024,2024-07-10,282.1,14491.25,Delayed
SH008671,W02,ST20,CR03,"July 8, 2024",10/07/2024,12/07/2024,282.1,12039.05,Delayed
SH008672,W02,ST20,CR04,09/07/2024,"July 11, 2024","July 11, 2024",282.1,15719.76,On-time
SH008673,W02,ST20,CR01,"July 11, 2024",2024-07-13,13/07/2024,175.3,12096.91,On-time
SH008674,W02,ST20,CR02,"July 13, 2024",15/07/2024,15/07/2024,175.3,14089.68,On-time
SH008675,W02,ST20,CR01,15/07/2024,2024-07-17,"July 17, 2024",282.1,16856.08,On-time
SH008676,W02,ST20,CR02,17/07/2024,2024-07-19,"July 19, 2024",282.1,15514.42,On-time
SH008677,W02,ST20,CR03,2024-07-20,22/07/2024,"July 22, 2024",282.1,10958.51,On-time
SH008678,W03,ST20,CR02,"July 22, 2024",24/07/2024,24/07/2024,228.5,12442.63,On-time
SH008679,W02,ST20,CR01,"July 24, 2024","July 26, 2024",2024-07-26,282.1,13695.55,On-time
SH008680,W02,ST20,CR02,2024-07-26,"July 28, 2024",30/07/2024,282.1,14536.1,Delayed
SH008681,W02,ST20,CR02,28/07/2024,"July 30, 2024","August 3, 2024",282.1,15696.03,Delayed
SH008682,W02,ST20,CR01,"July 30, 2024","August 1, 2024",03/08/2024,282.1,16755.71,Delayed
SH008683,W02,ST20,CR03,01/08/2024,"August 3, 2024","August 5, 2024",282.1,12531.06,Delayed
SH008684,W02,ST20,CR03,03/08/2024,"August 5, 2024","August 7, 2024",282.1,13849.79,Delayed
SH008685,W01,ST20,CR02,2024-08-05,"August 7, 2024",2024-08-07,202.2,10731.63,On-time
SH008686,W02,ST20,CR04,2024-08-07,09/08/2024,09/08/2024,282.1,11715.29,On-time
SH008687,W02,ST20,CR01,"August 9, 2024",11/08/2024,11/08/2024,282.1,11389.25,On-time
SH008688,W02,ST20,CR02,11/08/2024,13/08/2024,13/08/2024,282.1,11891.23,On-time
SH008689,W02,ST20,CR04,12/08/2024,"August 14, 2024",2024-08-14,282.1,13467.66,On-time
SH008690,W02,ST20,CR03,2024-08-14,16/08/2024,17/08/2024,282.1,,Delayed
SH008691,W02,ST20,CR03,2024-08-16,18/08/2024,"August 18, 2024",282.1,12510.96,On-time
SH008692,W02,ST20,CR03,2024-08-18,"August 20, 2024",2024-08-24,282.1,13498.71,Delayed
SH008693,W02,ST20,CR01,2024-08-20,"August 22, 2024","August 25, 2024",282.1,16131.77,Delayed
SH008694,W02,ST20,CR03,22/08/2024,"August 24, 2024","August 24, 2024",282.1,12179.47,On-time
SH008695,W02,ST20,CR04,2024-08-24,26/08/2024,30/08/2024,282.1,16617.76,Lost
SH008696,W02,ST20,CR01,2024-08-26,28/08/2024,"August 28, 2024",282.1,16412.01,On-time
SH008697,W02,ST20,CR01,"August 28, 2024",30/08/2024,03/09/2024,282.1,15581.26,Delayed
SH008698,W02,ST20,CR01,2024-08-30,2024-09-01,2024-09-01,175.3,13439.45,On-time
SH008699,W02,ST20,CR05,2024-08-31,"September 2, 2024","September 4, 2024",282.1,13615.25,Delayed
SH008700,W02,ST20,CR04,02/09/2024,"September 4, 2024",04/09/2024,175.3,12426.65,On-time
SH008701,W02,ST20,CR04,"September 4, 2024",2024-09-06,08/09/2024,282.1,12055.78,Delayed
SH008702,W02,ST20,CR01,"September 7, 2024","September 9, 2024","September 12, 2024",282.1,,Delayed
SH008703,W02,ST20,CR04,09/09/2024,2024-09-11,"September 13, 2024",282.1,13901.65,Delayed
SH008704,W02,ST20,CR03,2024-09-12,2024-09-14,2024-09-17,282.1,11206.84,Delayed
SH008705,W02,ST20,CR04,14/09/2024,2024-09-16,16/09/2024,282.1,11387.93,On-time
SH008706,W01,ST20,CR04,16/09/2024,2024-09-18,18/09/2024,202.2,9545.88,On-time
SH008707,W02,ST20,CR01,17/09/2024,2024-09-19,"September 19, 2024",282.1,12348.21,On-time
SH008708,W03,ST20,CR04,2024-09-19,2024-09-21,24/09/2024,367.7,,Delayed
SH008709,W02,ST20,CR05,2024-09-21,23/09/2024,23/09/2024,282.1,13055.58,On-time
SH008710,W01,ST20,CR03,"September 23, 2024",2024-09-25,2024-09-25,202.2,9587.08,On-time
SH008711,W02,ST20,CR05,24/09/2024,2024-09-26,26/09/2024,282.1,15132.75,On-time
SH008712,W03,ST20,CR03,25/09/2024,27/09/2024,27/09/2024,367.7,15223.99,On-time
SH008713,W02,ST20,CR02,"September 27, 2024","September 29, 2024","September 29, 2024",282.1,12790.34,On-time
SH008714,W02,ST20,CR05,2024-09-29,"October 1, 2024",2024-10-01,282.1,15591.77,On-time
SH008715,W02,ST20,CR04,"October 1, 2024","October 3, 2024",2024-10-03,282.1,12163.76,On-time
SH008716,W02,ST20,CR04,04/10/2024,2024-10-06,2024-10-06,282.1,13762.75,On-time
SH008717,W02,ST20,CR04,2024-10-05,"October 7, 2024",2024-10-07,175.3,10270.34,On-time
SH008718,W02,ST20,CR03,"October 7, 2024",2024-10-09,09/10/2024,282.1,16096.1,On-time
SH008719,W02,ST20,CR04,2024-10-09,"October 11, 2024",2024-10-11,175.3,14385.49,On-time
SH008720,W02,ST20,CR02,11/10/2024,13/10/2024,"October 13, 2024",282.1,11714.17,On-time
SH008721,W02,ST20,CR01,2024-10-13,2024-10-15,15/10/2024,282.1,10269.6,On-time
SH008722,W02,ST20,CR05,"October 16, 2024",2024-10-18,18/10/2024,282.1,16018.63,On-time
SH008723,W02,ST20,CR03,2024-10-18,2024-10-20,"October 20, 2024",282.1,11156.55,On-time
SH008724,W02,ST20,CR03,"October 19, 2024",2024-10-21,2024-10-21,175.3,14030.84,On-time
SH008725,W02,ST20,CR03,20/10/2024,"October 22, 2024","October 22, 2024",282.1,16308.77,On-time
SH008726,W02,ST20,CR01,"October 22, 2024",2024-10-24,2024-10-24,282.1,11252.26,On-time
SH008727,W02,ST99,CR04,23/10/2024,2024-10-25,"October 29, 2024",282.1,12624.16,Delayed
SH008728,W02,ST20,CR03,2024-10-25,"October 27, 2024",27/10/2024,282.1,12212.85,On-time
SH008729,W02,ST20,CR01,2024-10-27,"October 29, 2024",2024-10-29,282.1,12314.91,On-time
SH008730,W02,ST20,CR02,"October 29, 2024",2024-10-31,31/10/2024,282.1,11508.07,On-time
SH008731,W02,ST20,CR01,31/10/2024,02/11/2024,2024-11-02,282.1,14522.73,On-time
SH008732,W02,ST20,CR05,"November 1, 2024",2024-11-03,"November 3, 2024",282.1,13980.79,On-time
SH008733,W02,ST20,CR01,2024-11-03,05/11/2024,05/11/2024,282.1,11697.35,On-time
SH008734,W02,ST20,CR02,2024-11-05,2024-11-07,"November 7, 2024",282.1,11939.24,On-time
SH008735,W02,ST20,CR05,2024-11-06,"November 8, 2024",08/11/2024,175.3,15256.76,On-time
SH008736,W02,ST20,CR05,"November 8, 2024",10/11/2024,10/11/2024,282.1,14027.19,On-time
SH008737,W02,ST20,CR04,10/11/2024,2024-11-12,2024-11-16,282.1,13795.35,Delayed
SH008738,W02,ST20,CR01,"November 12, 2024",14/11/2024,"November 14, 2024",282.1,11405.04,On-time
SH008739,W02,ST20,CR04,"November 14, 2024",2024-11-16,"November 16, 2024",282.1,14878.6,On-time
SH008740,W02,ST20,CR03,"November 16, 2024",18/11/2024,18/11/2024,282.1,,On-time
SH008741,W01,ST20,CR04,2024-11-17,2024-11-19,"November 19, 2024",202.2,9477.37,On-time
SH008742,W02,ST20,CR03,2024-11-19,2024-11-21,21/11/2024,282.1,13100.11,On-time
SH008743,W02,ST20,CR01,2024-11-21,2024-11-23,2024-11-23,282.1,15604.11,On-time
SH008744,W01,ST20,CR02,23/11/2024,25/11/2024,"November 25, 2024",202.2,8490.49,On-time
SH008745,W02,ST20,CR03,26/11/2024,"November 28, 2024","November 28, 2024",282.1,17519.27,On-time
SH008746,W02,ST20,CR01,2024-11-27,2024-11-29,01/12/2024,282.1,11078.1,Delayed
SH008747,W02,ST20,CR03,29/11/2024,"December 1, 2024",2024-12-01,282.1,11253.27,On-time
SH008748,W02,ST20,CR05,"November 30, 2024",02/12/2024,"December 2, 2024",282.1,,On-time
SH008749,W02,ST20,CR03,01/12/2024,03/12/2024,"December 3, 2024",175.3,11184.24,On-time
SH008750,W02,ST20,CR02,02/12/2024,2024-12-04,2024-12-06,282.1,15241.67,Delayed
SH008751,W02,ST20,CR03,04/12/2024,"December 6, 2024",2024-12-06,282.1,11762.64,On-time
SH008752,W02,ST20,CR04,07/12/2024,2024-12-09,09/12/2024,282.1,13278.02,Damaged
SH008753,W02,ST20,CR03,2024-12-09,"December 11, 2024",2024-12-11,282.1,14447.1,On-time
SH008754,W02,ST20,CR03,"December 11, 2024",13/12/2024,13/12/2024,282.1,16424.05,On-time
SH008755,W02,ST20,CR01,13/12/2024,2024-12-15,2024-12-15,175.3,15900.08,On-time
SH008756,W02,ST20,CR02,2024-12-15,"December 17, 2024",2024-12-21,282.1,11152.2,Delayed
SH008757,W02,ST20,CR02,2024-12-17,19/12/2024,19/12/2024,282.1,10695.74,On-time
SH008758,W02,ST20,CR05,2024-12-19,"December 21, 2024",21/12/2024,175.3,11523.61,Lost
SH008759,W02,ST20,CR04,21/12/2024,23/12/2024,2024-12-23,282.1,14833.69,On-time
SH008760,W02,ST20,CR05,23/12/2024,2024-12-25,2024-12-25,282.1,13677.38,On-time
SH008761,W02,ST20,CR01,2024-12-24,2024-12-26,"December 26, 2024",282.1,11829.79,On-time
SH008762,W02,ST20,CR04,"December 25, 2024",2024-12-27,"December 27, 2024",175.3,,On-time
SH008763,W02,ST20,CR05,2024-12-27,29/12/2024,2024-12-29,282.1,15342.32,On-time
SH008764,W02,ST20,CR04,2024-12-29,2024-12-31,2024-12-31,282.1,,On-time
SH008765,W02,ST20,CR03,30/12/2024,"January 1, 2025",01/01/2025,282.1,14363.65,On-time
SH008766,W01,ST20,CR05,"January 1, 2025",03/01/2025,"January 3, 2025",202.2,8660.73,On-time
SH008767,W02,ST20,CR01,03/01/2025,2025-01-05,"January 5, 2025",282.1,14370.17,On-time
SH008768,W02,ST20,CR05,"January 4, 2025","January 6, 2025",2025-01-06,282.1,11285.94,On-time
SH008769,W02,ST20,CR05,2025-01-06,2025-01-08,08/01/2025,282.1,11757.97,Lost
SH008770,W01,ST20,CR03,2025-01-08,10/01/2025,"January 10, 2025",202.2,8437.43,On-time
SH008771,W02,ST20,CR05,2025-01-10,"January 12, 2025","January 12, 2025",282.1,14395.98,On-time
SH008772,W02,ST20,CR02,12/01/2025,14/01/2025,2025-01-14,282.1,10912.86,On-time
SH008773,W02,ST20,CR03,13/01/2025,15/01/2025,"January 15, 2025",282.1,12250.7,On-time
SH008774,W02,ST20,CR03,2025-01-14,16/01/2025,16/01/2025,282.1,11796.9,On-time
SH008775,W02,ST20,CR03,"January 15, 2025",17/01/2025,17/01/2025,282.1,10015.29,On-time
SH008776,W02,ST20,CR01,2025-01-17,19/01/2025,2025-01-19,282.1,16111.61,On-time
SH008777,W02,ST20,CR01,"January 19, 2025","January 21, 2025","January 21, 2025",175.3,13427.36,On-time
SH008778,W02,ST20,CR02,21/01/2025,2025-01-23,23/01/2025,282.1,14043.09,On-time
SH008779,W02,ST20,CR02,23/01/2025,25/01/2025,29/01/2025,282.1,13357.06,Delayed
SH008780,W02,ST20,CR03,24/01/2025,2025-01-26,"January 26, 2025",175.3,13163.7,On-time
SH008781,W02,ST20,CR01,27/01/2025,"January 29, 2025",2025-01-29,282.1,15725.36,On-time
SH008782,W02,ST20,CR03,2025-01-28,30/01/2025,2025-01-30,282.1,15792.41,On-time
SH008783,W02,ST20,CR02,2025-01-30,01/02/2025,2025-02-01,282.1,16447.25,On-time
SH008784,W02,ST20,CR01,2025-02-01,2025-02-03,03/02/2025,282.1,13213.93,On-time
SH008785,W02,ST20,CR01,2025-02-04,06/02/2025,"February 6, 2025",282.1,10692.98,On-time
SH008786,W02,ST20,CR02,06/02/2025,2025-02-08,"February 8, 2025",282.1,16102.45,On-time
SH008787,W02,ST20,CR01,"February 7, 2025","February 9, 2025",09/02/2025,282.1,9813.04,On-time
SH008788,W02,ST20,CR01,2025-02-08,"February 10, 2025",2025-02-10,282.1,12668.95,On-time
SH008789,W02,ST20,CR01,"February 11, 2025",2025-02-13,"February 13, 2025",282.1,13187.87,On-time
SH008790,W02,ST20,CR03,2025-02-13,2025-02-15,2025-02-16,282.1,12867.34,Damaged
SH008791,W02,ST20,CR04,2025-02-16,18/02/2025,2025-02-18,282.1,13005.16,On-time
SH008792,W01,ST20,CR04,"February 19, 2025",21/02/2025,2025-02-21,125.7,,On-time
SH008793,W02,ST20,CR03,2025-02-21,23/02/2025,2025-02-23,282.1,16295.04,Damaged
SH008794,W02,ST20,CR03,2025-02-23,25/02/2025,01/03/2025,282.1,10905.0,Delayed
SH008795,W02,ST20,CR05,25/02/2025,27/02/2025,"February 27, 2025",282.1,14064.09,On-time
SH008796,W02,ST20,CR02,"February 27, 2025",2025-03-01,"March 1, 2025",282.1,12670.44,On-time
SH008797,W02,ST20,CR01,"March 1, 2025",03/03/2025,2025-03-06,282.1,16259.22,Delayed
SH008798,W02,ST20,CR01,"March 2, 2025",2025-03-04,"March 4, 2025",282.1,15912.64,On-time
SH008799,W02,ST20,CR02,2025-03-04,06/03/2025,"March 6, 2025",282.1,14898.41,On-time
SH008800,W02,ST20,CR05,06/03/2025,2025-03-08,2025-03-08,282.1,11387.87,On-time
SH008801,W02,ST20,CR04,08/03/2025,10/03/2025,10/03/2025,282.1,14946.3,On-time
SH008802,W02,ST20,CR01,10/03/2025,2025-03-12,"March 12, 2025",282.1,10920.05,On-time
SH008803,W02,ST20,CR02,2025-03-12,2025-03-14,"March 15, 2025",282.1,11305.67,Delayed
SH008804,W02,ST20,CR02,"March 14, 2025",16/03/2025,"March 16, 2025",282.1,12015.67,On-time
SH008805,W02,ST20,CR03,16/03/2025,18/03/2025,18/03/2025,282.1,,On-time
SH008806,W02,ST20,CR05,17/03/2025,2025-03-19,"March 19, 2025",282.1,13676.96,On-time
SH008807,W02,ST20,CR04,"March 19, 2025",21/03/2025,2025-03-21,282.1,11473.2,On-time
SH008808,W02,ST20,CR04,21/03/2025,23/03/2025,23/03/2025,282.1,11532.05,On-time
SH008809,W02,ST20,CR01,22/03/2025,24/03/2025,"March 25, 2025",282.1,11229.55,Delayed
SH008810,W01,ST20,CR01,"March 23, 2025",25/03/2025,"March 25, 2025",202.2,8579.45,On-time
SH008811,W02,ST20,CR03,2025-03-25,27/03/2025,"March 27, 2025",282.1,15378.01,On-time
SH008812,W02,ST20,CR01,2025-03-28,30/03/2025,2025-03-30,282.1,13823.48,On-time
SH008813,W02,ST20,CR05,"March 30, 2025",01/04/2025,01/04/2025,282.1,15730.24,On-time
SH008814,W03,ST20,CR02,"April 1, 2025",2025-04-03,2025-04-03,367.7,18897.32,On-time
SH008815,W02,ST20,CR01,2025-04-04,2025-04-06,08/04/2025,282.1,16416.76,Delayed
SH008816,W02,ST20,CR05,2025-04-06,"April 8, 2025",08/04/2025,282.1,16386.28,On-time
SH008817,W02,ST20,CR01,2025-04-08,10/04/2025,2025-04-10,282.1,13916.97,On-time
SH008818,W02,ST20,CR03,09/04/2025,"April 11, 2025",11/04/2025,282.1,15475.49,On-time
SH008819,W02,ST20,CR04,11/04/2025,2025-04-13,2025-04-16,175.3,13793.67,Delayed
SH008820,W02,ST20,CR01,"April 12, 2025",2025-04-14,"April 14, 2025",175.3,11318.19,On-time
SH008821,W02,ST20,CR03,14/04/2025,16/04/2025,"April 16, 2025",282.1,11767.42,Damaged
SH008822,W02,ST20,CR01,16/04/2025,2025-04-18,2025-04-18,282.1,17063.31,On-time
SH008823,W02,ST20,CR05,2025-04-18,20/04/2025,2025-04-20,282.1,13238.6,On-time
SH008824,W02,ST20,CR01,2025-04-19,21/04/2025,21/04/2025,175.3,10233.67,Lost
SH008825,W02,ST20,CR03,"April 21, 2025",23/04/2025,2025-04-23,282.1,16490.95,On-time
SH008826,W01,ST20,CR02,2025-04-22,"April 24, 2025",24/04/2025,202.2,11297.16,On-time
SH008827,W03,ST20,CR02,23/04/2025,25/04/2025,2025-04-25,367.7,15581.22,On-time
SH008828,W02,ST20,CR05,"April 24, 2025",2025-04-26,26/04/2025,282.1,12555.97,On-time
SH008829,W02,ST20,CR01,2025-04-25,"April 27, 2025","April 27, 2025",282.1,,On-time
SH008830,W02,ST20,CR02,"April 27, 2025",29/04/2025,"April 29, 2025",282.1,12078.8,On-time
SH008831,W02,ST20,CR01,"April 29, 2025",2025-05-01,01/05/2025,282.1,13960.44,On-time
SH008832,W02,ST20,CR05,"May 1, 2025",2025-05-03,2025-05-04,282.1,13634.49,Delayed
SH008833,W02,ST20,CR03,"May 2, 2025","May 4, 2025",04/05/2025,282.1,12877.87,On-time
SH008834,W02,ST20,CR03,05/05/2025,07/05/2025,07/05/2025,282.1,11431.04,On-time
SH008835,W02,ST20,CR01,"May 7, 2025",2025-05-09,"May 9, 2025",282.1,17282.48,On-time
SH008836,W03,ST20,CR01,"May 9, 2025",2025-05-11,"May 11, 2025",367.7,17419.4,On-time
SH008837,W02,ST20,CR03,"May 11, 2025",13/05/2025,13/05/2025,282.1,13422.82,On-time
SH008838,W02,ST20,CR02,14/05/2025,2025-05-16,16/05/2025,282.1,13180.49,On-time
SH008839,W02,ST20,CR02,2025-05-16,"May 18, 2025","May 18, 2025",175.3,11212.32,On-time
SH008840,W02,ST20,CR03,"May 19, 2025",2025-05-21,2025-05-23,282.1,14375.35,Delayed
SH008841,W02,ST20,CR03,21/05/2025,23/05/2025,2025-05-24,282.1,10695.4,Delayed
SH008842,W02,ST20,CR02,22/05/2025,"May 24, 2025","May 24, 2025",282.1,14848.45,On-time
SH008843,W03,ST20,CR03,"May 24, 2025","May 26, 2025","May 27, 2025",367.7,16151.45,Delayed
SH008844,W03,ST20,CR01,"May 25, 2025",27/05/2025,2025-05-27,367.7,14917.58,On-time
SH008845,W02,ST20,CR02,2025-05-26,"May 28, 2025","May 28, 2025",282.1,11406.02,On-time
SH008846,W02,ST20,CR04,"May 27, 2025",29/05/2025,01/06/2025,282.1,11775.61,Delayed
SH008847,W02,ST20,CR03,29/05/2025,2025-05-31,2025-05-31,282.1,14460.11,On-time
SH008848,W02,ST20,CR01,"May 30, 2025","June 1, 2025",2025-06-05,175.3,12074.04,Delayed
SH008849,W02,ST20,CR02,"May 31, 2025","June 2, 2025",2025-06-02,282.1,,On-time
SH008850,W02,ST20,CR03,2025-06-02,04/06/2025,"June 4, 2025",282.1,14520.86,On-time
SH008851,W02,ST20,CR03,04/06/2025,2025-06-06,2025-06-10,282.1,14144.21,Delayed
SH008852,W02,ST20,CR01,05/06/2025,2025-06-07,2025-06-07,282.1,10719.86,On-time
SH008853,W02,ST20,CR05,07/06/2025,"June 9, 2025","June 9, 2025",282.1,14489.54,On-time
SH008854,W02,ST20,CR02,"June 8, 2025",2025-06-10,2025-06-12,282.1,11888.06,Delayed
SH008855,W02,ST20,CR02,"June 10, 2025",12/06/2025,"June 12, 2025",282.1,15049.67,Damaged
SH008856,W02,ST20,CR05,11/06/2025,"June 13, 2025",13/06/2025,282.1,14091.22,On-time
SH008857,W02,ST20,CR03,2025-06-12,14/06/2025,2025-06-14,282.1,17351.31,On-time
SH008858,W02,ST20,CR04,2025-06-13,"June 15, 2025",2025-06-15,282.1,11898.79,On-time
SH008859,W02,ST20,CR01,16/06/2025,"June 18, 2025","June 18, 2025",282.1,14961.06,On-time
SH008860,W02,ST20,CR05,2025-06-17,2025-06-19,19/06/2025,282.1,14119.13,On-time
SH008861,W02,ST20,CR03,"June 19, 2025",21/06/2025,"June 21, 2025",282.1,12984.41,On-time
SH008862,W02,ST20,CR05,"June 21, 2025",23/06/2025,2025-06-23,282.1,13743.48,On-time
SH008863,W02,ST20,CR03,"June 23, 2025","June 25, 2025","June 25, 2025",175.3,12694.43,On-time
SH008864,W02,ST20,CR01,2025-06-25,27/06/2025,"June 30, 2025",282.1,12314.34,Delayed
SH008865,W02,ST20,CR02,2025-06-27,29/06/2025,01/07/2025,282.1,16582.92,Delayed
SH008866,W01,ST20,CR01,29/06/2025,01/07/2025,"July 2, 2025",202.2,8023.97,Delayed
SH008867,W02,ST20,CR01,"July 1, 2025","July 3, 2025","July 3, 2025",282.1,,On-time
SH008868,W02,ST20,CR02,"July 3, 2025","July 5, 2025",2025-07-05,282.1,11525.31,On-time
SH008869,W02,ST20,CR04,05/07/2025,07/07/2025,08/07/2025,282.1,13719.96,Delayed
SH008870,W02,ST20,CR03,06/07/2025,08/07/2025,08/07/2025,175.3,12652.2,On-time
SH008871,W02,ST20,CR01,08/07/2025,2025-07-10,10/07/2025,282.1,13363.05,On-time
SH008872,W02,ST20,CR03,2025-07-10,12/07/2025,12/07/2025,282.1,10581.35,Lost
SH008873,W02,ST20,CR03,"July 11, 2025",13/07/2025,13/07/2025,282.1,12771.02,On-time
SH008874,W02,ST20,CR03,"July 12, 2025",14/07/2025,2025-07-14,282.1,12382.78,On-time
SH008875,W02,ST20,CR02,14/07/2025,"July 16, 2025",16/07/2025,282.1,17095.43,On-time
SH008876,W02,ST20,CR03,"July 16, 2025","July 18, 2025",2025-07-22,282.1,14068.5,Delayed
SH008877,W02,ST20,CR01,"July 19, 2025",21/07/2025,"July 21, 2025",282.1,13449.97,On-time
SH008878,W02,ST20,CR03,2025-07-21,23/07/2025,"July 23, 2025",282.1,14969.87,On-time
SH008879,W02,ST20,CR04,23/07/2025,25/07/2025,"July 27, 2025",282.1,14328.05,Delayed
SH008880,W02,ST20,CR04,24/07/2025,2025-07-26,30/07/2025,282.1,13784.54,Delayed
SH008881,W02,ST20,CR04,2025-07-25,"July 27, 2025","July 27, 2025",282.1,15267.71,On-time
SH008882,W02,ST20,CR02,"July 27, 2025","July 29, 2025",29/07/2025,175.3,16192.87,On-time
SH008883,W02,ST20,CR02,2025-07-29,31/07/2025,2025-08-03,282.1,13719.73,Delayed
SH008884,W02,ST20,CR03,30/07/2025,"August 1, 2025","August 1, 2025",282.1,15230.05,On-time
SH008885,W02,ST20,CR01,2025-07-31,02/08/2025,05/08/2025,282.1,15417.97,Delayed
SH008886,W01,ST20,CR05,02/08/2025,04/08/2025,04/08/2025,202.2,12122.8,On-time
SH008887,W02,ST20,CR01,04/08/2025,"August 6, 2025","August 6, 2025",282.1,,On-time
SH008888,W02,ST20,CR02,06/08/2025,08/08/2025,08/08/2025,282.1,13964.21,On-time
SH008889,W02,ST20,CR03,"August 7, 2025","August 9, 2025","August 9, 2025",282.1,11553.91,On-time
SH008890,W02,ST20,CR01,2025-08-09,11/08/2025,"August 12, 2025",282.1,11636.67,Delayed
SH008891,W02,ST20,CR02,10/08/2025,12/08/2025,"August 12, 2025",282.1,9708.15,On-time
SH008892,W02,ST20,CR01,12/08/2025,"August 14, 2025",14/08/2025,282.1,12386.65,On-time
SH008893,W02,ST20,CR02,"August 13, 2025",2025-08-15,"August 19, 2025",282.1,12564.16,Delayed
SH008894,W02,ST20,CR05,15/08/2025,2025-08-17,2025-08-17,282.1,14841.73,On-time
SH008895,W02,ST20,CR04,18/08/2025,20/08/2025,"August 22, 2025",282.1,9711.48,Delayed
SH008896,W02,ST20,CR04,"August 20, 2025",2025-08-22,"August 22, 2025",282.1,17186.68,On-time
SH008897,W02,ST20,CR02,2025-08-22,24/08/2025,24/08/2025,282.1,14777.67,On-time
SH008898,W02,ST20,CR04,24/08/2025,26/08/2025,28/08/2025,282.1,14353.73,Delayed
SH008899,W02,ST20,CR04,26/08/2025,"August 28, 2025",30/08/2025,282.1,12350.78,Delayed
SH008900,W02,ST20,CR02,27/08/2025,"August 29, 2025",29/08/2025,282.1,16018.85,On-time
SH008901,W01,ST20,CR04,"August 29, 2025",31/08/2025,2025-09-02,202.2,12279.72,Delayed
SH008902,W02,ST20,CR01,2025-08-31,2025-09-02,2025-09-02,282.1,10846.63,On-time
SH008903,W02,ST20,CR02,"September 2, 2025",2025-09-04,"September 6, 2025",282.1,12270.14,Delayed
SH008904,W02,ST20,CR04,2025-09-04,2025-09-06,"September 6, 2025",175.3,10705.32,On-time
SH008905,W02,ST20,CR02,2025-09-06,08/09/2025,2025-09-08,175.3,10147.38,On-time
SH008906,W03,ST20,CR03,"September 8, 2025",2025-09-10,10/09/2025,367.7,15700.07,On-time
SH008907,W02,ST20,CR04,10/09/2025,"September 12, 2025","September 12, 2025",282.1,10573.75,On-time
SH008908,W02,ST20,CR02,11/09/2025,"September 13, 2025",2025-09-13,175.3,11558.69,On-time
SH008909,W02,ST20,CR03,"September 13, 2025",15/09/2025,2025-09-15,282.1,15017.08,On-time
SH008910,W03,ST20,CR02,14/09/2025,16/09/2025,"September 16, 2025",367.7,13609.29,On-time
SH008911,W02,ST20,CR03,16/09/2025,2025-09-18,"September 21, 2025",282.1,16260.41,Delayed
SH008912,W02,ST20,CR03,"September 18, 2025",20/09/2025,"September 20, 2025",282.1,15425.07,On-time
SH008913,W02,ST20,CR05,"September 20, 2025","September 22, 2025",2025-09-22,282.1,10484.88,On-time
SH008914,W02,ST20,CR04,"September 22, 2025","September 24, 2025","September 24, 2025",175.3,11851.64,On-time
SH008915,W02,ST20,CR03,"September 24, 2025","September 26, 2025",2025-09-26,282.1,12319.07,On-time
SH008916,W02,ST20,CR03,2025-09-26,2025-09-28,2025-10-02,282.1,11222.22,Delayed
SH008917,W02,ST20,CR03,2025-09-28,30/09/2025,"October 3, 2025",282.1,13781.41,Delayed
SH008918,W02,ST20,CR04,30/09/2025,"October 2, 2025","October 5, 2025",282.1,12149.59,Delayed
SH008919,W02,ST20,CR03,"October 1, 2025",2025-10-03,"October 3, 2025",282.1,11421.87,On-time
SH008920,W02,ST20,CR04,2025-10-04,2025-10-06,"October 9, 2025",282.1,13731.1,Delayed
SH008921,W02,ST20,CR04,07/10/2025,09/10/2025,"October 11, 2025",282.1,11067.33,Delayed
SH008922,W03,ST20,CR04,"October 8, 2025",10/10/2025,2025-10-14,367.7,19357.58,Delayed
SH008923,W02,ST20,CR02,10/10/2025,12/10/2025,12/10/2025,282.1,10450.45,On-time
SH008924,W02,ST20,CR01,2025-10-11,2025-10-13,"October 13, 2025",282.1,15440.45,On-time
SH008925,W02,ST20,CR05,13/10/2025,2025-10-15,15/10/2025,282.1,11087.53,On-time
SH008926,W02,ST20,CR05,2025-10-14,16/10/2025,16/10/2025,175.3,14512.81,On-time
SH008927,W02,ST20,CR05,16/10/2025,18/10/2025,"October 18, 2025",282.1,11125.41,On-time
SH008928,W02,ST20,CR05,"October 18, 2025",2025-10-20,20/10/2025,282.1,9544.23,On-time
SH008929,W02,ST20,CR01,2025-10-20,22/10/2025,"October 22, 2025",282.1,15959.76,Damaged
SH008930,W02,ST20,CR01,2025-10-22,24/10/2025,24/10/2025,175.3,11120.53,On-time
SH008931,W02,ST20,CR03,2025-10-25,27/10/2025,"October 27, 2025",282.1,11226.58,On-time
SH008932,W02,ST20,CR03,2025-10-26,28/10/2025,"October 28, 2025",175.3,10517.38,On-time
SH008933,W02,ST20,CR02,27/10/2025,"October 29, 2025","October 29, 2025",282.1,16799.31,On-time
SH008934,W02,ST20,CR05,28/10/2025,"October 30, 2025","October 30, 2025",282.1,,On-time
SH008935,W02,ST20,CR01,"October 29, 2025",2025-10-31,2025-11-02,282.1,15343.78,Delayed
SH008936,W02,ST20,CR05,31/10/2025,02/11/2025,"November 3, 2025",175.3,16582.41,Delayed
SH008937,W02,ST20,CR03,2025-11-02,"November 4, 2025",04/11/2025,282.1,15101.71,On-time
SH008938,W02,ST20,CR03,2025-11-04,06/11/2025,2025-11-06,282.1,12034.43,On-time
SH008939,W02,ST20,CR03,2025-11-06,"November 8, 2025",08/11/2025,282.1,14462.78,Damaged
SH008940,W02,ST20,CR05,08/11/2025,"November 10, 2025",2025-11-10,282.1,12530.99,On-time
SH008941,W02,ST20,CR05,2025-11-10,12/11/2025,12/11/2025,282.1,12506.05,On-time
SH008942,W02,ST20,CR02,"November 11, 2025",13/11/2025,"November 13, 2025",282.1,12350.14,On-time
SH008943,W02,ST20,CR05,2025-11-14,"November 16, 2025","November 16, 2025",175.3,15336.64,On-time
SH008944,W02,ST20,CR05,2025-11-16,2025-11-18,"November 18, 2025",282.1,,On-time
SH008945,W03,ST20,CR05,"November 17, 2025",2025-11-19,2025-11-19,367.7,19695.39,On-time
SH008946,W02,ST20,CR02,2025-11-19,21/11/2025,2025-11-21,282.1,9770.26,On-time
SH008947,W02,ST20,CR05,21/11/2025,23/11/2025,"November 23, 2025",282.1,14467.32,On-time
SH008948,W02,ST20,CR02,"November 23, 2025",2025-11-25,25/11/2025,282.1,14156.34,On-time
SH008949,W02,ST20,CR02,"November 24, 2025",26/11/2025,26/11/2025,282.1,16237.71,On-time
SH008950,W02,ST20,CR01,"November 26, 2025",28/11/2025,"November 28, 2025",282.1,,On-time
SH008951,W02,ST20,CR05,"November 27, 2025",2025-11-29,2025-11-29,282.1,15556.28,On-time
SH008952,W02,ST20,CR04,"November 30, 2025","December 2, 2025",2025-12-02,282.1,15213.55,On-time
SH008953,W02,ST20,CR03,02/12/2025,04/12/2025,"December 4, 2025",282.1,13560.54,On-time
SH008954,W02,ST20,CR02,04/12/2025,06/12/2025,2025-12-06,282.1,12929.83,On-time
SH008955,W03,ST20,CR01,06/12/2025,2025-12-08,"December 8, 2025",367.7,14978.45,On-time
SH008956,W02,ST20,CR03,08/12/2025,10/12/2025,2025-12-12,282.1,13849.06,Delayed
SH008957,W03,ST20,CR01,2025-12-10,2025-12-12,2025-12-12,367.7,20331.43,On-time
SH008958,W02,ST20,CR01,12/12/2025,"December 14, 2025",2025-12-14,282.1,11867.97,On-time
SH008959,W02,ST20,CR01,"December 14, 2025",2025-12-16,16/12/2025,282.1,10626.87,On-time
SH008960,W02,ST20,CR04,2025-12-17,19/12/2025,2025-12-19,282.1,14836.49,On-time
SH008961,W02,ST20,CR04,19/12/2025,"December 21, 2025","December 24, 2025",282.1,,Lost
SH008962,W02,ST20,CR03,"December 21, 2025","December 23, 2025",23/12/2025,282.1,11493.73,On-time
SH008963,W02,ST20,CR04,22/12/2025,2025-12-24,"December 25, 2025",282.1,12603.66,Delayed
SH008964,W02,ST20,CR04,24/12/2025,2025-12-26,2025-12-27,282.1,10124.38,Delayed
SH008965,W01,ST20,CR01,25/12/2025,27/12/2025,27/12/2025,202.2,9844.01,On-time
SH008966,W02,ST20,CR02,"December 27, 2025","December 29, 2025","December 29, 2025",282.1,11398.45,On-time
SH008967,W02,ST20,CR01,"December 28, 2025",30/12/2025,"December 30, 2025",282.1,14549.41,On-time
SH008968,W02,ST20,CR04,"December 30, 2025",01/01/2026,,282.1,15418.07,In-Transit
SH001459,W01,ST05,CR05,2025-05-27,2025-05-28,28/05/2025,22.1,1529.96,On-time
SH006874,W03,ST17,CR05,09/05/2024,2024-05-11,2024-05-11,367.7,17150.03,On-time
SH003406,W01,ST09,CR04,"January 3, 2025","January 4, 2025",2025-01-08,27.8,1837.21,Delayed
SH001817,W01,ST06,CR04,07/08/2025,"August 8, 2025","August 12, 2025",123.3,5747.91,Damaged
SH001279,W01,ST05,CR02,"July 8, 2024","July 9, 2024","July 9, 2024",23.7,1237.85,On-time
SH007464,W02,ST17,CR05,20/12/2025,2025-12-22,2025-12-25,282.1,16672.83,Delayed
SH001706,W01,ST06,CR05,08/11/2024,09/11/2024,2024-11-09,123.3,6679.07,On-time
SH003351,W01,ST09,CR02,09/11/2024,"November 10, 2024",10/11/2024,29.6,2005.96,On-time
SH006077,W01,ST16,CR01,2024-03-03,2024-03-04,04/03/2024,32.4,1786.6,On-time
SH007182,W02,ST17,CR02,2025-03-13,2025-03-15,2025-03-15,282.1,15043.0,On-time
SH003028,W03,ST08,CR02,19/12/2025,2025-12-20,20/12/2025,28.0,1309.07,On-time
SH007559,W01,ST18,CR03,"March 27, 2024",28/03/2024,"March 28, 2024",12.8,1088.68,On-time
SH008125,W01,ST18,CR02,"October 14, 2025","October 15, 2025",2025-10-15,8.7,859.39,On-time
SH008592,W02,ST20,CR03,2024-02-13,15/02/2024,15/02/2024,282.1,12131.15,On-time
SH005778,W02,ST15,CR03,24/01/2025,2025-01-25,2025-01-25,10.6,694.01,On-time
SH007804,W01,ST18,CR02,2024-11-27,"November 28, 2024",2024-11-28,19.8,1401.77,On-time
SH000516,W02,ST02,CR01,2025-02-12,13/02/2025,2025-02-13,29.1,1807.66,On-time
SH001077,W03,ST04,CR04,2025-03-07,08/03/2025,2025-03-08,13.4,1250.73,On-time
SH003433,W01,ST09,CR02,"January 30, 2025",2025-01-31,31/01/2025,15.8,972.17,On-time
SH008204,W03,ST19,CR04,2024-01-03,"January 5, 2024","January 5, 2024",201.8,8396.02,On-time
SH001572,W01,ST05,CR03,2025-12-15,"December 16, 2025",2025-12-19,18.8,1380.18,Delayed
SH008409,W03,ST19,CR03,01/03/2025,2025-03-03,"March 5, 2025",201.8,10250.1,Delayed
SH001275,W01,ST05,CR03,"July 2, 2024","July 3, 2024",2024-07-03,14.6,993.75,On-time
SH008168,W01,ST18,CR04,"November 26, 2025",27/11/2025,2025-11-30,16.3,,Delayed
SH004701,W01,ST12,CR05,"June 26, 2025","June 27, 2025",27/06/2025,123.3,5803.83,On-time
SH007548,W01,ST18,CR03,2024-03-16,17/03/2024,2024-03-17,31.4,1903.3,On-time
SH007541,W01,ST18,CR05,2024-03-09,10/03/2024,2024-03-10,9.8,1224.04,On-time
SH005836,W02,ST15,CR05,10/04/2025,11/04/2025,2025-04-11,14.0,1496.05,On-time
SH004377,W02,ST11,CR02,26/07/2024,"July 27, 2024",2024-07-27,9.9,543.41,On-time
SH008323,W03,ST19,CR05,04/09/2024,06/09/2024,2024-09-06,201.8,8353.95,On-time
SH001570,W01,ST05,CR05,2025-12-10,2025-12-11,"December 11, 2025",24.5,1443.3,On-time
SH003964,W02,ST10,CR04,"September 30, 2024",01/10/2024,2024-10-01,9.1,968.62,On-time
SH002870,W03,ST08,CR03,2025-07-14,15/07/2025,"July 16, 2025",16.7,1641.34,Delayed
SH001539,W01,ST05,CR03,2025-10-18,2025-10-19,2025-10-19,33.6,1847.72,On-time
SH002637,W03,ST08,CR01,2024-11-23,"November 24, 2024",2024-11-26,10.7,803.38,Delayed
SH006731,W01,ST16,CR01,2025-12-17,"December 18, 2025","December 18, 2025",33.2,2442.29,On-time
SH001620,W03,ST06,CR01,2024-04-08,"April 10, 2024",2024-04-13,270.1,16702.32,Delayed
SH008755,W02,ST20,CR01,2024-12-13,"December 15, 2024","December 15, 2024",175.3,15900.08,On-time
SH002350,W03,ST08,CR02,"February 10, 2024",11/02/2024,12/02/2024,34.9,1832.63,Delayed
SH002483,W03,ST08,CR01,"June 22, 2024",2024-06-23,24/06/2024,28.1,1790.0,Delayed
SH006241,W01,ST16,CR05,14/08/2024,15/08/2024,15/08/2024,10.8,882.93,On-time
SH006497,W01,ST16,CR03,27/04/2025,2025-04-28,2025-04-28,14.7,959.18,On-time
SH008600,W02,ST20,CR03,2024-02-29,"March 2, 2024",02/03/2024,282.1,12911.59,On-time
SH006074,W01,ST16,CR03,2024-02-29,2024-03-01,"March 1, 2024",9.7,1048.35,On-time
SH008879,W02,ST20,CR04,"July 23, 2025",25/07/2025,"July 27, 2025",282.1,14328.05,Delayed
SH008594,W02,ST20,CR01,"February 17, 2024","February 19, 2024",2024-02-19,282.1,11216.64,On-time
SH005535,W02,ST15,CR04,"February 21, 2024",2024-02-22,"February 22, 2024",9.9,1332.76,On-time
SH001764,W01,ST06,CR01,28/03/2025,29/03/2025,29/03/2025,123.3,6677.71,On-time
SH002085,W03,ST07,CR03,2024-12-15,2024-12-16,16/12/2024,13.8,857.61,On-time
SH003505,W01,ST09,CR05,12/04/2025,2025-04-13,13/04/2025,16.5,1226.96,On-time
SH008887,W02,ST20,CR01,04/08/2025,"August 6, 2025","August 6, 2025",282.1,,On-time
SH000273,W02,ST02,CR01,"March 5, 2024","March 6, 2024",06/03/2024,19.8,1201.88,On-time
SH007891,W01,ST18,CR03,"February 22, 2025","February 23, 2025",2025-02-25,27.8,1695.42,Delayed
SH003671,W01,ST09,CR03,2025-09-25,"September 26, 2025",2025-09-29,16.7,1442.01,Delayed
SH007786,W01,ST18,CR02,2024-11-09,"November 10, 2024","November 12, 2024",31.3,2083.55,Delayed
SH003288,W01,ST09,CR02,07/09/2024,08/09/2024,2024-09-10,14.6,1280.31,Delayed
SH004480,W02,ST11,CR02,2025-04-07,"April 8, 2025","April 8, 2025",18.5,1669.21,On-time
SH001815,W01,ST06,CR03,"August 1, 2025",02/08/2025,2025-08-02,76.6,,On-time
SH002756,W02,ST08,CR03,22/03/2025,2025-03-25,2025-03-25,417.6,16774.29,On-time
SH002484,W03,ST08,CR03,23/06/2024,24/06/2024,2024-06-24,30.7,1771.24,On-time
SH005162,W03,ST14,CR01,2024-02-19,"February 21, 2024",2024-02-25,201.8,9563.3,Delayed
SH006379,W01,ST16,CR03,"December 30, 2024",31/12/2024,31/12/2024,23.1,1631.92,Damaged
SH004718,W01,ST12,CR03,2025-09-18,"September 19, 2025",2025-09-19,123.3,,On-time
SH008413,W01,ST19,CR01,2025-03-09,2025-03-11,11/03/2025,90.5,8732.68,On-time
SH004036,W02,ST10,CR01,05/01/2025,"January 6, 2025","January 6, 2025",26.8,1246.58,On-time
SH006950,W02,ST17,CR05,2024-07-24,"July 26, 2024",2024-07-26,282.1,18185.64,On-time
SH002348,W03,ST08,CR02,08/02/2024,09/02/2024,"February 9, 2024",23.6,1856.94,On-time
SH001891,W03,ST07,CR03,23/01/2024,"January 24, 2024",2024-01-24,34.7,2182.75,On-time
SH005024,W02,ST13,CR02,2025-06-02,2025-06-04,2025-06-08,282.1,14090.22,Delayed
SH004208,W02,ST10,CR03,02/09/2025,2025-09-03,2025-09-03,16.7,1273.01,On-time
SH001408,W01,ST05,CR03,25/02/2025,26/02/2025,2025-02-26,24.8,1627.28,On-time
SH002560,W03,ST08,CR02,"September 7, 2024",08/09/2024,"September 8, 2024",20.2,1568.6,On-time
SH000163,W03,ST01,CR02,"May 21, 2025",2025-05-22,2025-05-22,16.1,1208.74,On-time
SH004999,W02,ST13,CR03,2025-04-14,16/04/2025,"April 17, 2025",282.1,12619.6,Delayed
SH004631,W01,ST12,CR02,14/08/2024,15/08/2024,2024-08-15,123.3,6153.34,On-time
SH002463,W03,ST08,CR02,"June 2, 2024",03/06/2024,2024-06-06,25.0,1612.37,Delayed
SH002380,W03,ST08,CR02,11/03/2024,12/03/2024,12/03/2024,20.3,1421.54,On-time
SH002946,W03,ST08,CR02,28/09/2025,2025-09-29,29/09/2025,25.5,1650.55,On-time
SH002339,W03,ST08,CR01,30/01/2024,"January 31, 2024",2024-01-31,24.2,1441.23,On-time
SH006986,W02,ST17,CR04,"August 29, 2024",2024-08-31,"August 31, 2024",282.1,17226.52,On-time
SH003906,W02,ST10,CR03,2024-07-07,2024-07-08,2024-07-08,12.0,856.69,On-time
SH004459,W02,ST11,CR02,"February 13, 2025","February 14, 2025","February 17, 2025",27.9,1606.03,Delayed
SH003563,W01,ST09,CR04,2025-06-09,2025-06-10,2025-06-14,12.2,952.23,Delayed
SH005854,W02,ST15,CR04,09/05/2025,2025-05-10,10/05/2025,19.3,1245.61,On-time
SH006293,W01,ST16,CR03,"October 5, 2024",2024-10-06,06/10/2024,13.9,889.59,On-time
SH003346,W01,ST09,CR05,"November 4, 2024",2024-11-05,"November 5, 2024",31.2,1371.74,On-time
SH007381,W02,ST17,CR01,28/09/2025,"September 30, 2025","September 30, 2025",282.1,16513.63,On-time
SH007799,W01,ST18,CR01,2024-11-22,2024-11-23,"November 23, 2024",13.8,1095.81,On-time
SH002073,W03,ST07,CR03,2024-11-26,2024-11-27,29/11/2024,19.4,1369.13,Delayed
